userId,leniency,extremity,activity,genre_entropy,contrarian_bias,contrarian_degree,popularity_bias
118205,0.0006634135897960469,0.5974987000460651,6032,2.446486385723027,0.04131690768809427,0.3509384455821715,2793.530669761273
8405,-0.17827246924674878,0.9564322063086061,5814,2.5479414460139784,-0.14657057148839125,0.5548118257664018,3005.1343309253525
82418,0.2491209320720067,1.058857888145858,4378,2.452621985514898,0.16753838742696853,0.7612626672474622,3588.107811786204
125794,0.5246133317580761,0.7231689696993925,4209,2.508533115611399,0.4794539480805626,0.6366406050807311,3712.582561178427
74142,-1.8388411000694451,1.1303723837267883,4183,2.495012897229853,-1.6049264095927822,1.7023172982868198,3373.0451828830983
83090,-0.8726063251638498,0.7152771568221556,4099,2.488265526118621,-0.8314717621706043,0.9240158033647841,3726.805318370334
34576,-0.20657280216611928,0.5788626230075782,4012,2.5265715828253366,-0.1037008023396001,0.4201483179640447,3998.8462113659025
121535,-0.530526551737649,0.9125224768654441,4011,2.491588669318622,-0.6335850560274979,0.7980120907822907,3701.1810022438294
59477,-0.8431260529850122,0.7243554549117417,3623,2.4957992402015723,-0.676459910397777,0.7558285467994416,4220.959977918852
79159,-0.05824428283624261,0.9609137437071744,3478,2.460422675640827,-0.1280404582712517,0.5674764281555055,4276.9258194364575
92011,0.28493042786980016,0.7665095423888013,3358,2.44744289795637,0.26230336016059164,0.5082711707620937,4314.144431209053
71975,-0.3177042093884954,0.7900966778006622,3324,2.552748056040884,-0.2534205752631491,0.5983735898393819,4072.891395908544
8963,-0.3361576156719761,0.7152571678577235,3282,2.2007785438700584,-0.4934001840046574,0.6849718785449583,3722.7717854966486
20132,0.2724084317596387,1.0736968113446463,3254,2.4313530435324964,0.12210913715883435,0.7793534608939776,4306.30208973571
130767,-0.24472406554456505,0.7403348355694398,3221,2.4330841884206507,-0.3282679951035945,0.5782587902257231,2744.2039739211423
15617,-0.17573344193991947,0.5450372611688065,3213,2.3718997838191744,-0.2940240112667933,0.4518257039972508,4107.492374727669
131904,-0.05411710534680303,0.5746298764749305,3192,2.590763647945785,-0.17724423398047054,0.3545368255696979,2974.1356516290725
46470,-1.004055667247162,1.2911296763281956,3188,2.5506635418721286,-0.8982907072883708,1.2173926747482129,4911.924404015056
88820,-0.10968704434524224,0.8591556424646417,3180,2.4749603969439233,-0.15675285198633826,0.4840573334647693,4826.559433962264
9544,-0.7491181033609453,0.7227951947658033,2957,2.4486758199827787,-0.6307059345011994,0.6843530202749106,4549.534325329726
120575,-0.2728308833114963,1.2108134861618172,2932,2.4788413835845637,-0.08528224294537565,0.8357352915233407,4800.103001364257
18611,-0.38226708420340927,1.1373796971387626,2916,2.4693184046368426,-0.4364341794682669,0.7850860361236158,5020.507544581618
31122,-0.17352216921128338,0.6729478716432645,2905,2.4600876158315077,-0.13757604625279005,0.4113719867720132,4802.83717728055
125978,0.24465342585334682,0.8981947800436282,2894,2.280664731004342,0.11404559812027149,0.6702058288626163,3967.9350380096753
18138,-0.6980588037907456,0.8815575254796647,2861,2.474775962250208,-0.6032320262529098,0.7448571813256835,4981.526039846208
130459,-0.168076135548064,0.578426944515719,2803,2.3913649960914847,-0.15220195042252357,0.4656593417348839,4420.4944702104885
51703,-0.30238733928282047,0.9084572083707506,2802,2.533697726547198,-0.18758284439176096,0.664067774306336,5371.783369022127
35128,0.26733657656790744,1.1944876863136884,2751,2.461187112461761,0.188372053036884,0.7850087100306865,4939.310432569974
92269,-0.4088876583288923,1.2464495635170565,2735,2.549353414750554,-0.4862991718405714,0.8621195882896716,5553.03071297989
111549,0.13654282894640835,0.891704099153976,2728,2.3669051780911734,-0.04530298864942523,0.5899041031834514,4045.442448680352
54465,0.40659506955180635,0.6704998088005016,2627,2.579945452816111,0.6273013697710537,0.7123678905654557,5175.604111153407
12131,-0.7864802173252223,0.8227774201764317,2620,2.4849323556218033,-0.6590168012588328,0.7193145041887334,5499.012213740458
105580,-0.7899898557526797,0.8115075514224134,2612,2.462337178058986,-1.0944388673073757,1.1321304278609061,4157.504594180705
70201,-0.42386871137336346,0.5920624960041648,2610,2.5073382705217058,-0.37253019985568225,0.468163841936159,4495.664750957854
41267,-0.5076147607756978,0.8114194172999236,2604,2.5623104401934786,-0.44428218497505007,0.6428996927147231,5213.856758832565
63147,-0.6458798809298281,0.8355810449629736,2596,2.3922747610564503,-0.807393835487703,0.9716461374002423,2933.734591679507
136268,-0.4558006620646844,0.8634950381316665,2576,2.4890139161851246,-0.5387056446239953,0.7464760170336033,5189.697981366459
24688,-0.25734871965268047,0.970527247580626,2573,2.5863858955237955,-0.2589812378644918,0.6705618158303706,5450.254955305091
53346,-0.19578755091597877,0.8781370845697052,2570,2.54438973833093,-0.2660469554068818,0.5825782534039362,5155.741245136187
107326,0.27302039498660857,0.9091883122433096,2537,2.3901879859512625,0.1722887024890859,0.5964681958659255,4709.042569964525
14705,-0.3706406737690462,0.9618824528700141,2526,2.456573411101938,-0.4904440160430448,0.7379170371949091,5073.690419635788
131347,-0.40148327076033663,0.9363028918261962,2500,2.547789568003839,-0.3804727158644416,0.6002419896625443,4420.076
27469,-0.3302938816928127,0.9103872375267886,2488,2.5372724337878876,-0.3857168387427233,0.6124791528915887,5522.190916398714
68026,0.24184820848190425,1.034898485038638,2481,2.3560945797882447,0.1362754117764031,0.7770245203925236,4195.343006852076
67346,-0.9664544214896722,1.3326823547358193,2468,2.5226814309161427,-0.9860989612191916,1.1793748867734588,3675.95340356564
123606,0.3210857604516617,0.9427242616272592,2467,2.544467878143598,0.28052918063968973,0.6279725949653568,5397.386704499392
114406,-0.25117596969388867,1.3188494695327606,2438,2.614628783251598,-0.5412227610663676,1.0465718151200707,4733.570549630845
91867,0.2433453006682349,1.02565043347804,2415,2.4158183289977733,0.18121196500808198,0.6865505441605554,5021.974327122153
86529,-0.9020328505922697,0.9948342561052383,2380,2.52701710632907,-1.0995819280155792,1.2085580073014892,4986.562184873949
22901,0.3744082832937172,0.8990337252486035,2368,2.5233645009607564,0.3050665765756984,0.5907695181474584,4850.018158783784
119048,0.4544336211315554,1.0574930696926397,2368,2.5605221968578293,0.350816485451047,0.7227084885091343,4820.914695945946
24219,0.12796068528361948,0.7549494393634373,2366,2.5156843886369193,0.16627803208464173,0.49008884116788015,5426.954353338969
62812,-0.4683038901918173,0.9757038044175929,2357,2.4002961256025763,-0.41795660158611625,0.8006930290635319,5615.450148493848
7201,-0.18272200526226046,0.9323978602364914,2339,2.596194521712903,-0.20777370755364055,0.6900330369216988,5054.888413852073
91193,-0.18786821699689593,0.7303919598446064,2325,2.479979969643626,-0.31931962272924336,0.5402661625008436,4306.15440860215
68063,-0.3927105865724867,0.9464784782305007,2321,2.456296701302221,-0.35564209950001996,0.5996853625752042,5144.166307626023
32344,-0.39470653464922556,0.9493292028052045,2304,2.457776618255102,-0.3530290413849182,0.6056947910715711,5309.766059027777
103223,0.4369167292396634,0.9990714479734273,2300,2.437644163774456,0.3343310231476463,0.7841135824909946,5797.562173913044
51558,-0.49036973593773503,1.1645175686449012,2283,2.4936864406516195,-0.48599172194186974,0.9389033435852396,6070.694261936049
129583,0.2732383151427471,0.7543603337319003,2270,2.440682701093462,0.25037308627699884,0.5881189810152367,4995.699559471365
61168,-0.4022311237926517,1.0487096619658707,2259,2.5624463501607257,-0.4131855799217887,0.8086645868331243,5880.406817175742
128258,0.12541027619115397,0.6638785077435667,2247,2.4862084877796473,0.1041551946683903,0.5134858852287927,5650.28170894526
131894,1.1280218985801267,0.80732446146587,2244,2.5703246073578887,1.4335452894014133,1.5926024300370831,3224.2210338680925
92956,-0.1766968664669557,1.1216809258405402,2236,2.5428948363474566,-0.0557922717969922,0.6396658270420256,6205.6010733452595
79531,-0.24037577861139114,0.8216393346644866,2229,2.4017827977646236,-0.3037259778731175,0.6049971131828581,5667.138178555406
76630,-0.4084243838662611,0.9180911213105186,2228,2.5605738320229827,-0.42725021258097595,0.6386646531652843,6749.431777378815
118754,0.23189862149860385,0.9787836282735363,2209,2.559748538628621,0.2096756262875317,0.6373191197683973,6708.704843820733
113668,-0.5558912417748294,1.253976473537177,2208,2.481830280574769,-0.3795576846989446,0.8766831051884219,5137.98777173913
122995,0.27850763833057224,0.8764656877378607,2200,2.428292417588572,0.3963705757295418,0.6340182902392176,5272.882727272728
50297,-0.36946571732695777,1.014618849210423,2199,2.409862146272167,-0.44468071520938995,0.7211904019807611,5137.769895407003
52260,-0.09499369123565682,0.5639790677521256,2188,2.555520151358171,-0.10006590144998656,0.4227754993144359,5738.039305301645
52009,-0.8120722918033376,1.3164058300013555,2186,2.3941038695721013,-0.8307968766716357,1.1801426613088046,5828.237877401647
43194,-0.1510574880715705,1.0845601193526229,2172,2.5425752204160066,-0.12537328236982012,0.6636673462426439,6148.722375690608
107640,-0.17720526706347917,0.9743564401163464,2164,2.5407731466496997,-0.1157756978706799,0.7975118384103096,5815.1566543438075
3907,-0.5182729977385874,0.8893224694832308,2161,2.549883211986456,-0.6158431529111122,0.7120307728843125,5352.422952336881
137202,0.5297553192211102,0.7225815821374282,2156,2.5054896931671076,0.2729528645730941,0.49491951316119664,5948.3177179962895
42929,-0.29457931543227733,1.158039607846363,2149,2.548636878644813,-0.13029247877280953,0.8237162658811461,5519.90181479758
97853,0.15441789582855714,0.8028293204135761,2143,2.580250158790315,0.05765541155086397,0.45652292104657605,4870.339710685954
135425,-0.5973140399911059,0.9491930279201631,2132,2.4855653766818215,-0.6978274278490953,0.8774394751588593,5249.375234521576
116189,0.09038477435244507,0.6996218354651648,2128,2.48262299106505,-0.004255681376645973,0.394003519538437,5686.369360902256
31404,-0.38285525007392396,1.1411174946512876,2127,2.3998216968921935,-0.3091465324028719,0.8287711550374476,3469.4757874941233
72008,0.8546542645171802,1.198677009440911,2126,2.510692008685561,0.6086050244582136,1.1443990030504687,5014.298212605832
116317,-0.5713456821078546,1.1819142246053058,2115,2.585319770977204,-0.44882615464491776,0.9466967528846857,6420.602364066194
131961,-0.7097680790897263,1.1531456488013985,2113,2.5559795555593214,-0.6443846472150392,0.873747756033569,6290.923331755797
119531,0.28762898669352044,0.9119519818307468,2113,2.3833218369757625,0.10624370424517543,0.5756232964466104,5297.044486512068
66763,0.12149059287602704,0.889003193262073,2112,2.4067429204794815,0.09445722079874007,0.5159792428664313,6007.996212121212
2261,-0.5432160980848151,0.7790223214502134,2108,2.431165045189842,-0.6322198039242806,0.7479209866012847,5728.357685009488
33736,-0.666402359079425,0.7547781758959773,2106,2.327226484754129,-0.507644282515947,0.6475849624076283,5152.863722697056
106441,-0.3568107161544489,0.8846841404091764,2106,2.5742883785470725,-0.313454917691581,0.6348273559831936,5447.052706552707
42204,-0.17141660409367,0.7166290878019683,2100,2.561059645598274,-0.1812627622161311,0.38476666144538263,4607.6466666666665
128309,-0.699675810215143,0.9220251781333199,2091,2.4914853136452604,-0.933666840237165,1.0616648242763231,5518.176470588235
27053,-0.6702767573503752,0.8534865369331387,2088,2.5073135543607203,-0.7163274460051462,0.7863719047132519,5043.960249042146
69793,-0.24275249415439237,0.8196656982948711,2086,2.5351209722924675,-0.1648118911417801,0.5136328721246997,6579.783796740173
903,-0.6937262650021792,1.1041274718174277,2084,2.4978205009111414,-0.611963553585578,0.8683208439023969,6012.782149712092
73611,0.018310960008894206,0.8320113487389368,2080,2.4580182613007744,-0.051894271317099366,0.484419362439029,6686.602403846154
4358,0.1294203717845881,1.362508471050543,2059,2.5220520294418916,0.2178021575875839,0.9851951463508756,6172.149587178242
23173,-0.7535325179677188,0.9456325003803913,2059,2.4563934171628055,-0.6696157485106652,0.8225511974976524,6230.182127246236
117144,-0.1489388857335987,0.9984753197075057,2057,2.5081403200382097,-0.024034541213477097,0.6127263045969347,5799.1667476908115
64843,-0.04292511990875525,1.0503157877248148,2055,2.5350180398738154,0.04657954912524338,0.674908259577345,5633.586374695864
49554,0.18336897095506277,0.7650587598710513,2052,2.5139073230285116,0.10096752992989048,0.49786790208945547,6166.5667641325535
58953,-0.09175514576033672,0.8018411847366128,2048,2.471850432412761,-0.11931387171148033,0.5996133165091778,5387.134765625
55765,0.29157274889568274,0.7450636498232779,2035,2.4749676613195537,0.27000869220700274,0.5923060096641876,6127.971498771499
72983,0.02361372874777956,0.8898588330691481,2033,2.5284191251539703,0.21588604645936996,0.5867850914243812,5620.921298573537
4222,0.6103744652752541,0.8133371402605543,2023,2.6046850731221243,0.4557772913959628,0.6691540059922814,5539.822540781019
26867,-0.3025882212553861,1.033834978240736,2020,2.492546644016376,-0.5657567009750275,0.8551883754923018,4541.540099009901
95301,0.1320652440911485,0.6037861208780849,2020,2.493446095608349,-0.1748281037676228,0.5134662577420399,5251.000495049505
34651,0.6560594447996237,0.913999684003725,2018,2.5310400287458306,0.6554360074303932,0.8304392584942668,6277.283944499504
99754,0.30942911774313187,0.5111984965943478,2018,2.4074403511192988,0.11008828141583822,0.3524119434060849,5491.966798810704
110758,0.02437574563310596,0.9843911864127523,2013,2.4834936792954636,0.024562862737468084,0.6020834744572574,6640.833084947839
133811,0.8740549689214139,0.7379482129254626,2011,2.5229864377378775,0.7513298872303875,0.8919731015396994,6606.05271009448
52636,0.17266374119185457,0.7383875561655859,2008,2.5857912149607913,0.13406289114401995,0.6180478694272306,5041.399402390438
57735,-0.49138463370834273,0.7930958420582332,1981,2.4940176428482475,-0.5912551719472173,0.7511604727861262,5859.034830893488
32514,0.38858339590633006,0.5348161339374096,1980,2.434151680057818,0.3200557312566307,0.4966545146579075,6098.502525252526
60159,-0.24301997962109612,1.0132629505887247,1975,2.5664681816048662,-0.1136271270364254,0.7004845258219382,6605.887088607595
89307,-0.752117823605865,0.9143251198752994,1968,2.522583640554263,-0.7600552482938236,0.8658385575335154,6601.258130081301
75810,-0.08063429116849985,1.1785446344039192,1960,2.635036127674587,-0.1652628189884085,0.7389514350137008,5634.417346938775
80920,-0.5330347766306787,0.7980319159743661,1959,2.594086958191726,-0.5164833840269296,0.6183382333291708,5349.961204696274
16676,0.09931959222534825,1.0235566112041017,1956,2.5200419901334272,-0.08194195209664988,0.7633365546572018,5748.459611451943
34856,-0.22901446579396323,1.1978842467696416,1933,2.5449318504859644,-0.19742621147987566,0.7258051633217012,6492.33574754268
101044,-0.38343764220368914,0.8220489859667524,1933,2.438711364914356,-0.4145147070113675,0.7363725331961722,5273.186239006725
137277,-0.1880105056875716,0.6733931548778495,1924,2.5938465516140483,-0.18954131165279983,0.3671252414846499,5936.183471933472
59407,0.09733252965546368,0.5641606669357158,1924,2.6226872090838,-0.014141230816545598,0.4326143228219907,5999.442307692308
21398,0.30956010775895404,0.692256201073209,1918,2.4965548658693475,0.044597277613890055,0.5239959236272484,5001.855578727842
51199,-0.01799967619398357,1.2426922585516191,1914,2.4821157144075716,-0.23117350261363845,0.9129369388613363,5748.078369905956
102888,-0.002769463228955882,0.8846782348000763,1912,2.455207997757004,0.060791911103025696,0.5495848294951042,6555.097280334728
104345,-0.13353686278970223,0.7799034307545217,1907,2.5726851065051433,-0.41906982460495446,0.6096102910737166,6630.454640797064
3318,-0.34725343882756343,0.9874542204852588,1904,2.492510925350624,-0.08150541653945828,0.7239287574115848,5912.503151260505
80092,-0.15676748128665263,0.5814341507713117,1900,2.5355297858472525,-0.3937557599266761,0.5349165088622629,4185.527368421052
112988,0.11621451171062436,0.7053764607829424,1894,2.4628522454230986,-0.06534568515963755,0.4263849765982287,6816.102956705386
43545,-0.5482206914791528,1.1509687741758103,1892,2.394730338923275,-0.6211903119022958,0.8889075401109215,6256.7806553911205
10303,0.1510393508041452,0.8089352095292792,1892,2.3254433787057858,0.048949399885818416,0.5039924114006982,6531.351479915434
75678,0.21199103921843188,0.9530186241239113,1884,2.4415870304630287,0.2069066986941067,0.6654394765069624,6335.17144373673
17040,0.12367579107335214,0.7829462970416116,1876,2.3890578186747726,-0.07866326287442436,0.5775664574153183,4356.128997867804
134567,0.07821678262994647,1.063000927509324,1873,2.557547995144171,0.04106976906141058,0.7427067890547707,5751.323545114789
75299,0.1740534813764154,1.1512991878212402,1872,2.562703988946472,0.12219243208300089,0.6988706578088244,6892.715277777777
24830,0.0841692707056878,0.9007519511587467,1869,2.429965243921433,0.09696886820239455,0.656354367747236,6329.854467629749
25101,-0.12013055716549514,1.5171992979140057,1861,2.5616440611409677,-0.14796656929439483,0.9887679999927134,6618.450832885545
54305,-0.28128391626867444,0.7793170177015506,1859,2.458486838518806,-0.5500627881928126,0.6785451133985245,5330.556750941367
15478,-0.7642018691430859,1.03503358759929,1855,2.514148693865814,-0.9668381734220582,1.0697178234152889,5668.704043126685
104043,-0.7122824049594709,0.8119700769803905,1848,2.497416166228744,-0.5602574524348259,0.6967140003967598,5548.540584415585
9034,-0.27231716355947055,0.7399584520847455,1847,2.462405311941519,-0.540558682259785,0.6962657870662966,4732.610720086627
39181,0.39395798874020604,0.9720943765092965,1842,2.4568665148325137,0.22521990472332198,0.686001600902637,6515.382736156352
40058,0.05377441527985871,0.9726012987126174,1841,2.494102487820285,0.09845686898316632,0.6313173891106014,6242.380771319935
9087,-0.19581819743062479,1.1772396450476232,1841,2.49252130436719,-0.09424376277873978,0.7862629863092668,6400.167300380228
62040,0.4183841205440113,1.4585960604873114,1840,2.625609952561282,0.3510439408576732,0.875538353281368,5859.030978260869
133372,0.04684860934865531,1.0458535426921542,1835,2.3809967599890585,0.13724522743722464,0.647049168972271,5888.756403269755
70936,-0.23947912681268146,1.139685312422757,1834,2.3857054376137787,-0.44939775882367056,0.9109041850293784,5268.6297709923665
59414,-0.03753165961888394,0.8364727344328617,1831,2.2810520850095886,-0.2255456610403888,0.6149501539368925,4311.412342981977
66836,-0.5821816314160744,1.4129263945209993,1830,2.520971629951577,-0.6500929235536494,0.9448329737796521,4358.880327868853
100366,0.2173961812944576,0.85478696095467,1825,2.6150452279558656,0.25031923217765795,0.5851203665865821,5835.266849315069
21163,-0.33468030209623567,1.1707662144707107,1819,2.383196149633323,-0.5225409299530432,0.8740778827593938,5746.010445299615
26193,0.1314431609577249,0.8087929968154235,1816,2.5267521686067274,-0.1401397337524478,0.4679337342907417,6231.336453744493
89242,0.5898230653278174,0.5804932910055901,1815,2.2836131112745934,0.7522015520998486,0.8958452270835895,5282.392286501377
116361,-0.0029451492133754087,1.0296613233653582,1810,2.442665855882411,-0.2638734583151826,0.6656137853743196,6072.6939226519335
33082,-1.006260066340447,0.8115010705605747,1810,2.4784200778787464,-1.0891916483868929,1.1581200161577905,6877.067403314917
100134,-0.5480611346230928,1.5430889041353542,1807,2.567031802914083,-0.6511451135650702,1.1655928944197649,7190.006087437742
66263,0.26525006257299655,0.703291712525585,1800,2.5621263378498584,0.31134468736904386,0.5802010113455567,6455.528888888889
106939,0.8677872649539489,0.8605276198112433,1792,2.531501746111902,0.8853101387997351,0.9918574708573719,6360.167410714285
25978,0.25912929233556925,0.6606158260338528,1783,2.6251759613512338,0.2205773981064762,0.5098118581458585,6657.103196859226
123352,-0.11147272081645365,1.2113510324505488,1782,2.5895862147674795,0.06424732164138236,0.7512847499204351,5145.295735129069
138208,-0.7542483465604488,0.997339355842433,1781,2.4877138823768394,-0.7445827734679575,0.8767746700737569,7015.553060078608
50943,-0.07653222733112086,1.0094944968557458,1773,2.485472736068246,-0.03527057153902118,0.6344285266763897,7061.548787366046
45987,-0.5572029095865219,1.1585192330986063,1772,2.535963171987521,-0.35608184205365356,0.8471626363820094,5687.422121896163
33349,-0.09839929784837276,0.9736849919732348,1772,2.4999805134232065,-0.16752603555851078,0.6223245075012108,7458.641083521445
77696,0.01865893887139114,0.8172924742680034,1765,2.5299542095567547,0.0696641681516904,0.4684192352259898,6842.326912181303
6719,0.15972852062288334,1.1689371414084815,1764,2.438701419441907,0.1571390922707602,0.8402492759960626,6172.113378684808
134773,-0.18015595673421503,1.1443326098588968,1761,2.4986006168059345,-0.06977775585369161,0.7963713185538812,6404.189664963089
62160,-0.42410599803306415,1.2312891045820562,1760,2.526356707639397,-0.37633447220250643,0.866351804245354,5736.745454545455
68575,-0.6982427240632978,1.0964579998797621,1756,2.4817997078199596,-0.8286061166907279,1.0068586692686063,6415.223804100227
60887,-1.832078704550291,0.923230253856173,1752,2.627760284010061,-1.8407314707339852,1.9268253057381537,4150.6752283105025
101861,-0.5111496323164006,1.5168239428721864,1748,2.4689032173661225,-0.55427555178908,1.2334361469548292,6091.5343249427915
29499,0.16762119659361518,1.2048654429159458,1746,2.5463503787904873,-0.05563674650147571,0.9074464453149035,5885.613402061856
982,-0.10745289826750026,0.6494339925346934,1745,2.50416558872382,-0.08249324623156318,0.40730155057268197,7177.1965616045845
120948,-0.00010161938419006589,1.0276985789330668,1744,2.5123158880829117,0.007572488067031894,0.5630132076198533,6990.600917431193
21391,-0.19304886709061186,0.8743325945582331,1744,2.4429052277644536,-0.36725669996923965,0.677485774695172,6887.805619266055
741,-0.9479227203016212,2.026920592519532,1744,2.552683533688287,-0.5370315219151887,1.407123405992795,5970.568233944954
37317,0.06176182390403495,0.9072517698654395,1743,2.5746489572366924,0.038144063333200494,0.5179652312366833,5796.876075731498
89402,-0.14302579949596872,0.9179732075644358,1740,2.511132578797544,-0.1378941892009474,0.49801158231941883,6727.228735632184
65401,-0.018600512139646863,1.1366125874459745,1740,2.381728732407573,-0.2739434221921127,0.8072394544480909,5419.994827586207
156,0.24983507311545416,0.8950034118663979,1739,2.4667480917778906,0.3905594125687875,0.7288233476895688,4939.81426106958
46396,-0.237226456499267,1.286524972028042,1739,2.572634988649412,-0.4012966358002154,0.9715476143012852,6316.749856239218
21861,0.2309605080415067,1.3647894165022059,1736,2.5455165724413216,0.23793767622096781,1.0353375521642547,6120.024769585253
137686,0.05772987802859042,0.8214489764576822,1734,2.5434056369908893,0.07049054524935984,0.4292949359924679,7440.5467128027685
15486,-0.4311433169497132,0.5498562291766927,1732,2.5541937319618846,-0.4286260483320294,0.6130910734040307,7317.042147806004
10761,-0.613467441759759,1.147759873862942,1731,2.561906047147302,-0.6050222021044976,0.8810932084012733,6166.734257654535
66810,-0.15804278493037716,1.1090714170341653,1729,2.4667622901981594,-0.25366106403081956,0.8068685589921063,6270.4060150375935
18628,-0.4007526396080494,1.1931462236028751,1727,2.450739451707605,-0.38698232390522913,0.8842006663285068,6922.399536768963
58069,-0.4653154653173721,0.9384215346853927,1727,2.581517552472289,-0.4698700734433836,0.7315530053239794,6277.479444122756
54107,0.6852810523076474,0.9680034056522335,1721,2.601165366505291,0.3990180745317265,0.7207371032973372,6249.188262638001
80668,0.004182308738789775,0.8825861576621423,1717,2.4685084237037964,-0.026369222770927354,0.6778753609746931,6403.30984274898
137343,-0.8749946926717587,1.1053734723758057,1716,2.5061863596175495,-0.6402874076487161,0.9151326879206522,6311.0641025641025
76292,-0.5629140758945259,1.4559559424392876,1714,2.5844155050301554,-0.42473700030883826,1.0097500868800031,6200.093348891482
67527,-0.11575850440519675,0.6159149501760175,1712,2.4634244091156363,-0.1781102383590519,0.46320214181490105,7124.4894859813085
42096,-0.05745717362751046,0.9981204321122986,1709,2.540598906643925,-0.08517340534963004,0.694949408115519,7395.926272674078
121930,-0.36848139722403683,0.7548757853079486,1708,2.497927564194398,-0.5145502106251669,0.6420813468065066,6231.408665105387
110706,-1.3005657063575264,1.3320233769666454,1708,2.5667686234847324,-1.2283899944424084,1.4142078453310638,5975.463114754099
135090,-0.5161701252204307,0.9386551526953163,1704,2.543235631981475,-0.6195905291769402,0.7525832063967203,8109.915492957746
54113,0.8600035836997573,0.8350330471009861,1704,2.512870414374762,0.694075335816377,0.8377214430428543,5694.3526995305165
16938,0.42837212830069626,0.8402768434165654,1704,2.5419656943564393,0.36578099021181576,0.7661594761833052,7813.960680751174
41079,0.18897555276907507,0.6876978741910938,1700,2.467085180156673,-0.1443815759951963,0.5104370910877869,5524.7652941176475
136599,0.17250531075820374,0.7068982877984585,1699,2.5404333961689267,-0.09322793304980036,0.38459643959990053,6722.239552678046
24661,0.18574839492536066,0.6572173179229593,1699,2.511049849715424,0.15918303687568022,0.5660854869364307,6871.69746909947
98865,0.3441782133386031,0.8382304212968079,1698,2.1535156378953317,0.01677151095552079,0.6569237529400247,3489.5530035335687
98420,-0.3891452176629917,1.0906195742707505,1695,2.5569234167783765,-0.3842426489295995,0.7672689340677075,7147.81592920354
134401,-0.7459319705239302,0.9747191650823896,1692,2.455539008223745,-0.8773581623183674,0.9680547311672913,5963.220449172577
66617,-0.8008965095310221,1.0974809630296865,1692,2.537188590278537,-0.9252105117506159,1.040372694650947,6590.222813238771
59852,0.49588122628108344,0.7943999667707333,1690,2.396736751853467,0.35169022726194243,0.6330480835979864,6532.533727810651
51075,0.07096942314138044,0.8638125305073533,1689,2.5904508151352212,0.12450169577264372,0.53938041707127,6382.116637063351
113081,0.05760556534417649,0.7036299654737627,1684,2.5609880807645298,0.0906644121129885,0.5001949966022972,6571.756532066508
96370,-0.007928692876864485,0.8922785835589795,1682,2.4722535664049627,-0.20078761004898457,0.5671387673574921,6363.640903686088
67443,0.03233339590632989,0.6142625402336737,1680,2.4516160465889576,0.03720494137279435,0.36879283181434536,6613.230357142857
113991,-0.12695097040276826,0.9768848572003672,1678,2.545377706139592,0.010472821102075692,0.5625023297788511,7340.689511323004
91349,0.581414937124968,0.41457240626053543,1674,2.431295350227853,0.04317504707242966,0.2945646630079462,4767.858422939068
81706,-0.45472604256439864,0.8812151761726529,1674,2.5530874159292156,-0.4667291392528874,0.6833296228664631,7366.170250896057
65304,0.12632584741602804,1.2280571263223243,1667,2.4227909828206724,-0.06988409165454378,0.8699666433335641,6366.026994601079
92499,0.17821925024806662,0.7538425383926921,1666,2.4851990025226236,0.025812844672417193,0.5368109137254906,6948.208283313325
66533,0.221466278789213,0.8505025953875252,1665,2.593954849027671,0.14951167668658802,0.7584260959051295,6923.577177177177
80771,-0.2208760635531295,1.147508147258636,1665,2.6046880796133633,-0.34215629451702007,0.7777917099457741,6767.23963963964
113806,0.5838758638550479,0.7769422206341603,1664,2.504923020490596,0.631531117785741,0.85044885330538,6758.8167067307695
41613,0.63491311913136,0.7960144089023876,1662,2.5762703317384066,0.5303401656758383,0.7976822572006824,5847.332129963899
101127,0.555791578818484,0.8414630781929165,1662,2.3446489429408595,0.46873752979222943,0.6741609269848307,6180.5180505415165
86839,-0.15668061054268234,1.2278669294790627,1654,2.4644165919882397,0.12455935564120763,0.9770831930340648,5928.217049576783
89299,-0.2812747601220389,0.9447626617474615,1645,2.461058496582122,-0.46964365484478443,0.7444208849088911,6630.093617021276
12767,-0.09284285688328264,1.0786177772506098,1643,2.528753257985661,-0.18240702747062396,0.6922319919280467,6784.984783931832
90968,-0.40751114659722054,1.062706499873841,1643,2.467332543523692,-0.5331541937046669,0.8299158103548713,6830.334144856969
72401,-0.6252818091281807,0.8405720148644994,1642,2.4457732613616066,-0.5648453572830866,0.7770311544859161,5286.2423873325215
6636,0.4203923389957609,0.894187108567192,1640,2.419081878840944,0.31377001657376496,0.6542876937992356,6607.154268292683
129540,0.12460293192586613,1.0626620199033232,1638,2.459581179984967,0.2464681632565067,0.7167238946736559,7219.020757020757
81186,-0.34950309940170765,0.9059408962678797,1634,2.458259906217079,-0.48530870629814676,0.7779339837404118,2890.588127294982
124831,0.1940297513526854,1.025101050741368,1628,2.473874100853544,0.2121860612269172,0.6739383656808221,6469.275798525799
80207,-0.12384494152200753,0.9008432693312176,1628,2.4995031176936053,-0.3311158932551858,0.5682197309249879,7078.4551597051595
116302,0.21132559623473712,1.0107182321198953,1624,2.562329118519327,-0.024151297600348166,0.6283731149988232,6233.896551724138
130191,0.5776468586296817,0.8733189629064831,1623,2.519136461506685,0.883508757177937,1.0394108314357606,5890.654959950709
41283,0.7381520958447161,0.7047617231154465,1623,2.6313584581870284,0.5735175641797617,0.6593023195230302,6706.162661737523
106676,-0.5771584865433206,1.3018692044727056,1622,2.4659354732466054,-0.5662070722687581,1.082967816116502,6645.22934648582
75469,-0.4328422324414243,1.1518835522713369,1618,2.5029556328137375,-0.4927362414105812,0.7823341789336709,7014.262051915945
109883,-0.2519963142385975,1.2257414513459182,1610,2.403065504587304,-0.209972756980299,0.8293967094602753,7323.357763975156
73026,-0.21887356323077833,0.7825874701264097,1607,2.43530603334437,-0.21441776596002576,0.4954189732989412,5669.738021157436
78356,0.07840051976335394,0.9368629275884248,1604,2.410055451892009,-0.07444907515903466,0.5686029339631371,6882.412718204489
117395,-0.5723128403174171,1.605455377295922,1603,2.5561918003862454,-0.5241136185282274,1.1987069518904228,6008.928259513413
103654,-0.31183327076033684,1.0344526306956836,1600,2.5462159333284764,-0.31994533401015884,0.6263931843993444,8267.009375
53640,0.027806453550440313,1.0254915899205577,1596,2.4845250831693635,0.041936588673815244,0.7070763366206121,6753.452380952381
102911,-1.2704391604846474,1.26160984431872,1596,2.559481389653261,-1.2030941380127722,1.4171332954057387,7544.476817042607
68558,-0.24537650384304355,0.8803257828022564,1596,2.5456733081658443,-0.37237354536465495,0.6755246461099532,6421.995614035088
53998,0.3388966791143502,0.5546892396430603,1596,2.4558124852659415,0.04717415351784381,0.29038396721706317,6984.992481203008
98206,-0.5802900803441955,1.0824429888358016,1586,2.5649687834329598,-0.6055739359487374,0.849790247673156,7496.3442622950815
23061,0.31901268883562306,0.7087694716020229,1584,2.508514611366033,0.06888324588291522,0.4509304407650773,6908.33648989899
105498,0.36711571850056046,0.8215197875055721,1583,2.429111655195578,0.26323028766592127,0.6960962581828652,6603.258370183196
114412,0.04454631204623727,1.2048512682928334,1582,2.628343861056496,0.02797622589591642,0.7439558050625799,6078.761694058154
44241,0.646932542016387,0.8741227517876613,1581,2.4699389671053242,0.5376442925743736,0.7636379188412503,6711.498418722327
113209,-0.25086808088691903,0.6034940205404029,1580,2.518046893680435,-0.1798755868159896,0.42309009362263883,7579.816455696203
43384,-0.23156428341856472,1.0668090762107993,1580,2.512893254797527,-0.4067104246751931,0.7901091816078452,6638.286708860759
130622,-0.553019818983687,1.1988115791568428,1576,2.4714741093743693,-0.7340425747858718,0.9426797356666815,6309.291878172588
17333,0.35497510487418094,0.7921991326658158,1576,2.396101761438207,0.07631285286054058,0.5616583157092452,6163.645939086295
4507,-0.009670572347638462,0.9237327016143728,1575,2.4793883160609878,-0.13570178081284576,0.5607072659548834,7162.793015873016
127138,0.22630604221676265,0.8407960951818886,1572,2.4268723277341104,-0.04231357237597488,0.646345233676459,4795.0400763358775
79366,0.14741004559867044,0.7199639466733324,1571,2.547587983625615,0.08758393701211449,0.566711222559122,7208.340547422024
89495,0.375620432943367,0.8694379656135169,1566,2.353547680846992,-0.03400900169030031,0.627424408986744,4362.685185185185
775,0.15722024361665987,1.1219337243621126,1565,2.5537089598287968,0.048258734437747426,0.7512254371697336,8046.8332268370605
107356,-0.10927328995419483,0.9575386535741202,1563,2.557873888482207,-0.03238147141139694,0.5067188965216254,7232.385796545105
83275,-0.11521515296264129,0.7969638698750033,1562,2.4402036424264915,0.02822441783232682,0.495278829867675,6747.960947503201
19590,0.19887436723709584,1.014147762161184,1558,2.574257748041558,0.05095500308165093,0.720091374741737,6210.919127086007
37253,-1.3431958109532627,1.5713192891431629,1555,2.6316829107869935,-1.3701972288634443,1.8665699947958525,7482.026366559486
11900,-0.333871052110819,0.9729110579185715,1555,2.5818846467599283,-0.15391293066624614,0.7760983765196441,7019.728617363344
116498,0.1870584818169827,0.6850593863833812,1552,2.470764986244015,0.023771494701755585,0.4819978087880407,7575.809278350515
76155,0.06611027762675992,0.7019054311679654,1550,2.465184779379123,0.06578763849264085,0.3439919627613651,6727.944516129032
127256,0.1586652748117383,0.7945392316779817,1547,2.316528783208868,-0.006406458801321777,0.487698667050179,6382.358758888171
93234,-0.4105008531779193,0.8071646181080948,1547,2.4980871096402866,-0.3766195091785895,0.5123282701384603,7090.9010989010985
123297,0.6088507525255622,0.5542428680725676,1546,2.5789660073008607,0.4841214549678288,0.5444137881353214,4393.948253557568
69683,-0.014611768169663364,1.0062281078464086,1544,2.511069003475989,0.06633829244522027,0.5839870237259265,7537.833549222798
113610,-0.34006513604531063,0.4081384763448831,1544,2.569613032730989,-0.3942580653052694,0.482916530856048,7246.435880829015
62925,-0.27173612050126916,0.962214783532443,1544,2.2936401665129544,-0.4605664312820993,0.7279995464145833,6000.810880829015
15718,0.12755144426557008,1.1049030473266663,1544,2.415499348860822,-0.03307303514999591,0.695624874437405,5283.166450777202
52877,0.088259141691025,1.0152018340820577,1542,2.5987909641328395,0.02857951700145169,0.6694648422917292,7570.536964980544
10678,-0.21005473638938987,0.8986682795489194,1542,2.480053082637949,-0.19573099933482285,0.4958443373308859,7120.782749675745
6373,-0.609394107879091,0.7109083964356736,1541,2.492935383105401,-0.9008192945145953,0.9384871600561671,6661.179104477612
35227,-0.05207546841963451,0.9612142234087366,1538,2.4904867540787077,-0.029599517898184154,0.7541071991562157,7489.273081924577
59544,-0.1172477616219556,1.0544918478507725,1532,2.418054007215024,-0.08060669407669124,0.8113605986545365,7079.497389033942
60018,-0.35943532823910873,1.2358995827286703,1531,2.5086436666872958,-0.12159296599780321,0.7680724261218561,6337.069888961463
10514,-0.6450767348126245,0.995496126342807,1530,2.6077083149761293,-0.5726832295985299,0.7014434601650048,6640.203267973856
15701,-0.1663185648779839,0.8720322877353346,1530,2.6000216135290555,-0.30145165825779086,0.6326280602672489,6507.433333333333
39214,0.4188060547144503,0.9548876558624491,1527,2.554332121359013,0.35546472665734635,0.7563892725808201,5773.592665356909
3797,-0.39197580024919665,1.015138035796711,1526,2.5063898401174893,-0.7128090312555836,0.9232289111952133,5608.136304062909
27482,0.05527190617282196,0.9537629431884062,1526,2.4233886121870167,-0.22236410944608428,0.6562515069032835,6601.573394495413
47439,0.5597120048302147,0.789088835201576,1524,2.4123297114890416,0.25505711770728173,0.6205909978368714,5509.416666666667
99342,0.18077499695619892,1.0242081044519706,1524,2.6119098511668892,0.24314427514842768,0.6760576041304814,7215.273622047244
119367,0.22316508666410462,1.1021175685285272,1522,2.5458010042091908,-0.03358609245036672,0.79023820678223,7200.76544021025
41638,0.32487725555545266,0.7661737211120588,1520,2.487696657212395,0.05233701861931391,0.5620135288035593,4565.380263157895
34587,-0.7888352496521573,0.9214763383154714,1516,2.525187977256911,-0.6965942678750036,0.800827209448489,7953.116754617415
14280,0.03372411710246004,0.8696566781170413,1516,2.532974343444783,0.20399891154768343,0.6807491378565479,7393.731530343008
66649,-0.07626808924218498,0.8158285931668177,1515,2.5249537945084963,-0.13553561699987904,0.5240784216532901,7738.83300330033
94377,-0.29765999033705626,0.9990400849799648,1512,2.555540124712606,-0.2454302440517305,0.7727600027535699,6391.847883597884
112762,0.28203577685871073,0.688573266013177,1512,2.4841940991885,0.01310950252788027,0.40859665026833175,7062.966269841269
32094,0.08218162990191491,0.7022122073289233,1510,2.571466578638634,-0.13239842106844701,0.4387004526026932,7050.064900662252
101458,-0.001708187924021498,0.8654548610493794,1509,2.563249544824943,-0.06434161345120812,0.6059372438124911,6285.565937707091
99499,0.1659445991799422,0.9732294001715167,1507,2.480192600743914,0.13155205052419133,0.6753692893304721,6444.7173191771735
91626,0.06684668254186477,0.7829122431904145,1499,2.461885041904245,0.08443943833068333,0.5132999934782041,7116.380253502335
104347,-0.3193934311881441,0.8559791796008096,1496,2.5191447410965897,-0.342783217164427,0.6525631376271371,6205.825534759359
16606,0.04056646185998414,0.8768443238115856,1496,2.2703919975390034,-0.1607316840562413,0.6016129135027641,5838.233288770053
45015,-0.4933006620646845,1.0416980089574972,1495,2.4827769724000843,-0.480548256772473,0.7711082904403129,7068.380602006689
33402,0.2790117760937463,1.1528713658242797,1494,2.5442145601007864,0.38434141025250534,0.9311555168956265,6612.589022757697
56504,0.4088294809175155,1.1567449869557949,1490,2.52173368265432,0.18445324006833735,0.7874408709961779,8025.526174496645
133133,-0.10548744022906575,0.9449236690366155,1487,2.5063562267381574,-0.29051790857137844,0.5855300819658775,8017.847343644923
9545,-0.3560105924292465,1.0266125579834153,1486,2.432161693303021,-0.4232960746133288,0.7906997863059995,7052.965006729475
64060,0.33948247435092416,0.7793340838590388,1483,2.4107132852346345,0.2025680244055208,0.5445083099411212,7930.22319622387
42032,-0.09241233347105826,0.9378036646905445,1483,2.562916903750058,0.014924984962496776,0.6982573006280263,6945.242751180041
65529,-1.0829985249976248,1.4910751824550053,1475,2.5617907795434642,-1.0889554796424246,1.426370059562983,7505.832542372881
85926,-0.9612354446733802,1.2326021547931467,1472,2.5170062007729626,-0.9402011749814794,1.1266714888709914,8238.877717391304
68358,0.007174881413576362,1.2221889463023916,1472,2.5342323847777743,0.06548179205435042,0.8127878102079013,7431.627717391304
84476,-0.8073490763347757,1.2410544142910511,1471,2.5430364611935365,-0.8077274056872162,1.0242807806218794,7730.213460231135
48677,-0.5192397333453709,1.1306079600982135,1470,2.5300001472437166,-0.5080014182216913,0.8596225694802293,7265.992517006803
120572,-0.06804242664869609,0.8605667915335197,1469,2.502381736233794,-0.13938324894763687,0.5779328789450583,6078.0340367597
80886,0.2080202714739956,1.132372536397439,1468,2.5268297396401844,0.05500907304175815,0.7968230033951665,7529.707084468665
51507,0.48257975042900014,0.8616918017461995,1463,2.3971126111744905,0.2540982014700629,0.6325384939156973,7637.576213260424
116263,-0.25655691894651067,0.8334921979220239,1461,2.4866115325695985,-0.15986630302524915,0.737126345167425,7006.49144421629
93152,-0.0693563713763532,1.0786537880817235,1461,2.4943218026705125,-0.21707938002411858,0.817064838601062,7446.036960985626
18706,-0.3280832707603367,0.9791643818062105,1456,2.5254978371612906,-0.5086124517806084,0.7172990479068837,7754.319368131868
106906,0.5928245696798284,0.8017120366511715,1454,2.438491661914677,0.6331424084410682,0.7428667773831399,6408.186382393397
114095,-0.25261807434407224,0.7494763969932228,1451,2.5373884247315335,-0.3529479440557121,0.5976381278901671,6810.997243280496
16865,-0.40049706386378503,0.8179307627965056,1450,2.502554226480177,-0.3508314299897796,0.5354282344995067,7978.989655172414
35109,-0.3543082535070585,0.9390998138630045,1449,2.4763477891212906,-0.38960449512726403,0.6318550021970538,6580.268461007591
76437,-0.517786104208851,1.1031441837104559,1447,2.553469420207094,-0.617030394526281,1.0361044382623583,7992.326883206634
9930,-0.02426382631589208,0.7711930384863692,1440,2.413131408242625,-0.050750864389569134,0.5604448611698376,6826.240972222222
77884,-0.16918201902181096,0.7998960718757094,1438,2.571273493124498,-0.38299048823564463,0.5361987496213255,7154.39916550765
95254,-0.47682628752011347,0.7872222647265379,1432,2.4059692740416585,-0.6617992228480701,0.8263828893506311,5651.375698324023
102680,0.08088031467383683,1.360460077716311,1428,2.2167345682482447,-0.08786446375789961,1.0948770346052321,5738.481092436975
27054,-0.3147779486314852,1.1449738428569438,1428,2.412321748385522,-0.29326842318861185,0.7730982051091971,7535.450980392156
42069,-0.17822332678274577,0.8593971143378959,1428,2.4229264950399965,-0.2764808252395935,0.5789512293360641,6959.828431372549
3858,-0.6481536932955478,1.2633439951198795,1420,2.6180466386240058,-0.8380669071372869,1.0871260509396183,6975.993661971831
11719,-0.30551627499164846,0.8875671696769525,1418,2.4245195031752758,-0.20657659688708285,0.6232479566244004,5622.839210155148
91893,-0.14155294635977267,1.1318861947813137,1418,2.5470867985430856,-0.2263834920556775,0.7023031524608799,7826.28772919605
60361,0.1397385114178813,0.8482886861430448,1414,2.550201361956704,-0.16541403761066206,0.5531378513106116,6017.510608203677
114624,-0.003825845017762397,0.868810825635245,1414,2.4943973075243746,-0.14944820600495784,0.5211203009628098,7953.209335219236
135795,-0.8372900696271923,0.9926663446156625,1412,2.5307377833911726,-0.6549224924899927,0.8240932300997182,7604.281869688385
21078,-0.3259586248679853,1.0051228195584423,1412,2.457970530172545,-0.3346257061264472,0.7806264722457761,7273.416430594901
5843,0.4224482671560348,0.7049405695721926,1411,2.5568985944564804,0.28726314080575,0.44893756200349894,7766.924875974486
31181,0.21772638833057245,0.8387366870890466,1408,2.5108005714853894,0.06911290359640646,0.5848849394459834,5224.053267045455
110826,-0.6283675635819428,1.0575138879680435,1407,2.4583875591866278,-0.6423093649194869,0.8168486545709829,6799.965174129353
108248,-0.42758575832252577,1.2523291676132817,1407,2.6069001428468757,-0.4397371071177874,0.8909829749711347,7160.264392324094
110858,0.06523109623824075,1.038578673937195,1406,2.5913648723168343,-0.1481555488983416,0.6632722123899032,8290.977240398293
21070,0.8581702904932249,0.7487431586995328,1404,2.608006059624299,0.8271053216435101,0.9763749962295707,6125.855413105413
102025,0.6226661939077576,0.6503305275353112,1401,2.4841767485947046,0.21920934317296237,0.47234593619034493,6152.105638829407
42369,0.2250930318806339,0.6553561547810953,1401,2.4659253315493093,0.018054555132117477,0.38790176559829115,7014.461812990721
24127,-0.049987350932133356,0.8586362776335743,1397,2.49896656450393,0.06346433593895226,0.6769072900588743,7458.608446671439
136054,0.0644668725061388,0.6075289402608408,1396,2.4401122751182904,-0.09724431841069316,0.4381748734001848,7235.372492836676
115811,-0.23095065427288164,0.9169566853153881,1395,2.477753209030672,-0.45780521021339027,0.7111789169847486,7253.69247311828
66401,0.2085283588161171,0.7878991448289094,1393,2.547854072373593,0.07585990440408223,0.5776545061925741,6409.155778894472
18415,0.8567695648462679,0.9595446098831549,1393,2.4600454728207364,0.6149368573776074,0.871440031326095,6709.750897343863
89364,-0.21968413221044436,1.2653175655634417,1393,2.432407772895391,-0.3360951871457806,0.8767326329959733,6694.220387652548
115606,0.19707848337337985,0.872695047813752,1391,2.3621481333306793,-0.14631422091193388,0.6079094801109463,4650.246585190511
74054,0.2779555502317552,0.9774836560129385,1391,2.5385628623360414,0.2577448780366461,0.6142581554127508,7491.782890007189
768,-0.0996971036133627,0.6811932281971155,1388,2.5140774449136476,0.021646983838418885,0.4654650821263085,7032.118876080692
32984,-0.30899105174016395,1.0826494432697178,1388,2.460483825400206,-0.17336309867835598,0.6774558571655392,8008.5345821325645
111959,0.6156802476246668,0.8016098315904531,1387,2.4968112125241717,0.4616529165518361,0.6711422955792126,7992.812545061283
16162,0.12029218050320134,0.7507505131020124,1385,2.4591692337845186,0.14133249253408156,0.5992184630252486,6739.06642599278
97826,0.12498532129742523,0.7287200050261126,1385,2.36237069720489,0.04431970521472015,0.5721546512941617,7378.462093862816
50168,-1.4895717100666952,1.825079824483727,1384,2.3975651844618455,-1.6151675125275122,2.2922778034196636,4520.882947976878
104063,0.020543896869721134,0.7835240263968094,1384,2.582945120058969,-0.07963871250189217,0.5041116256029259,8864.08092485549
13064,-0.4993260453268107,0.7678535230415033,1384,2.56866370348532,-0.5512194367569975,0.6580543088120728,8829.791907514451
27278,0.07220574658070378,0.8637220755869084,1384,2.497272451776411,-0.06947179964931767,0.5574857994239238,7932.665462427745
29037,-0.5395800169642411,1.3899284205599556,1383,2.5177033048599595,-0.43780805592801963,0.8852826321480823,6578.981923355025
67075,-0.8056682309917176,1.0205221038862338,1383,2.548594309164038,-0.871969122647522,1.062915569413189,7600.348517715112
102038,-0.1686472620835473,0.8869100983155184,1383,2.472171184238079,-0.29372180905370804,0.5983361032579781,7584.5712219812
131275,0.2990906422831414,0.8498308402511435,1380,2.6275519877221476,0.1999828592131245,0.5637383232152866,6800.761594202899
23523,-0.07772095191975703,1.149849382841137,1380,2.4119189522235347,-0.23347113204861236,0.8777116258364116,7264.165942028985
77018,0.38599510369539614,0.6359177172898067,1378,2.493459750054628,0.17741774956593956,0.38513948429286815,6670.874455732946
10321,-0.18138755543717044,1.300818018992436,1377,2.532735528413043,-0.20460949342557447,0.944424231597562,7440.650689905592
134690,0.3452452176117564,1.0291783679750668,1376,2.5828391333486107,0.24709325946375654,0.6849306504131112,7037.283430232558
28398,-0.5855378162148823,1.3596014407938288,1375,2.4474827507834096,-0.4794760938380077,1.0404297060107832,6973.763636363637
86722,-0.8040832707603367,1.1459084863537412,1375,2.534921072264688,-0.841338263570073,1.0635053563616623,8915.511272727274
60181,-0.0533380014735827,0.757114188401199,1374,2.4813802897345663,-0.09988738261441849,0.5677191367425531,7371.257641921397
23190,-0.1629958072034854,0.7420169299719312,1372,2.4867874950277544,-0.2415837830816425,0.5687041907098597,7797.961370262391
80185,-0.47859347484196935,1.129205695043772,1372,2.5591282218101292,-0.6030410907081843,0.8072290760460876,7214.866618075802
54494,0.26010914906473603,1.0620187474740093,1372,2.346753565364189,0.15247245803714837,0.7174290984503356,7232.764577259475
46744,0.4876101598965974,0.7882966960255813,1370,2.427463206718023,0.20574430825563908,0.5354311111579485,7478.375912408759
4967,-0.030203153801272364,0.5551935099220209,1368,2.554399078251886,0.10930258348245574,0.4553044598935595,7186.122076023392
113181,-0.24328794912290963,1.0024343970201892,1368,2.4426287082540514,-0.340729878136591,0.6227332372994306,7997.834795321637
78308,-0.6237704052632607,0.8699841307626034,1368,2.492690777405454,-0.6392325005196933,0.7534366052823374,7945.380847953216
40483,-0.5848697711271744,0.7107960857586476,1363,2.5588612037555554,-0.9368576615674603,0.9839139271754328,8325.19662509171
96601,-0.13204802846958774,0.7662798816030434,1362,2.4362477863402305,-0.2301059107394177,0.54577839734546,8716.766519823788
48644,0.12926967041613402,0.8131219962955298,1360,2.490019303713333,-0.0033585832531042217,0.5086388226194365,7268.900735294118
12644,-0.3372879835732969,0.9353197826763647,1358,2.5261535350732154,-0.3874748076978648,0.7019465252693978,9062.011782032401
121894,-0.40024821921394516,1.013878576511156,1358,2.457331355817442,-0.2104404169238629,0.6366660529902265,7704.4639175257735
3284,0.5029182019937135,0.7749604016779148,1358,2.562777263106361,0.20432602510707,0.5528957018121742,6947.456553755523
84849,0.21613190978498364,0.7054607320883592,1357,2.4360754532851625,0.057286028301530637,0.5027713474837977,5671.699336772292
80501,0.06314091803022359,0.8706809346274301,1356,2.487271188478424,-0.012493550338588285,0.5214739685650716,6970.861356932153
19711,-0.06075288727951067,0.9546324174203474,1356,2.5364440548746354,-0.06084566769200905,0.6178429674346106,7712.2352507374635
18191,-0.4989319792474216,0.609621600910218,1355,2.583114936837626,-0.46967365006565814,0.5348656988976831,7723.891512915129
10443,-0.48761059720051403,1.3160957337540866,1354,2.599840517049609,-0.578086169698658,1.0160319053157993,7819.894387001477
11434,-0.2985193387573801,1.0997974002235007,1353,2.4912865356176037,-0.20476922600895725,0.9187553182534399,6687.631189948263
103986,-0.8107016139556031,0.894444375565535,1352,2.4454613690698075,-0.7716294717341595,0.8274229509248565,7008.742603550296
29575,-0.4601098979792715,0.9433170002820035,1352,2.5211688441668283,-0.4158398904417755,0.5726422187784251,8146.868343195266
70816,-0.007579939894311494,1.065527884382339,1351,2.5127306358641355,0.14306581063172394,0.7945871003264405,7399.509252405625
137885,-0.45243560236655433,1.2374133140727712,1351,2.6074178377997193,-0.4230789636912411,0.8150464271893142,6856.299777942265
76213,-0.2258610485381145,1.0760184319635864,1350,2.423791964447703,-0.36981714433855484,0.8613290933529746,7042.986666666667
8805,-0.2510462337232995,0.9599033757851346,1350,2.600515305090987,-0.21401505124410072,0.7329276574533724,7185.397777777778
52116,-0.9107370884030348,1.5562008871882458,1349,2.575783442092877,-0.9255241124607962,1.3454684224693634,8513.311341734618
108967,-0.06881027372769566,1.0173455158849585,1348,2.4650195103865773,-0.2287398943366224,0.6494097994661006,7519.682492581603
137037,-0.5320892054784374,1.324179332339989,1348,2.429771149350548,-0.3907517425738701,0.9227967207281468,7786.343471810089
8647,-0.321777632778141,1.280513654963216,1348,2.432845030681948,-0.20501892428325993,1.113555636970837,6095.3353115727
81487,0.12362549595585959,0.7351307042253343,1346,2.475699966711604,-0.11330449040819864,0.48720145712311635,7577.184249628529
88773,0.6180133835147563,1.0097523002761146,1345,2.559768462416488,0.5833980548955958,0.8147773797009357,7526.412639405205
70379,0.2221399435253777,1.0870043723974177,1344,2.547801388953287,0.22724620211304855,0.6355917941330864,8020.078869047619
49817,0.27079732625458863,0.7633053397849575,1340,2.526529603789941,0.14357826003127275,0.45264365405446844,8131.452985074627
105588,-0.15071209824353327,1.3603735161833603,1339,2.4787059248646015,-0.12000166720727293,1.1137892841898782,7339.481702763256
60762,-0.5210526050909277,0.8730041016421758,1337,2.4816144928219726,-0.5516187146379642,0.7391111938022737,7621.075542258788
6099,0.24302451367080113,0.7072364110980169,1336,2.517402166046671,-0.022887371692050077,0.3675284994918275,8802.34505988024
3397,-0.6087718935148279,1.0984298519594706,1336,2.501505955046431,-0.6270612769760979,0.7754817756354306,7037.5875748502995
117948,0.09245645937459601,0.6450092385192409,1334,2.5197293429203276,0.2084343424134041,0.606883894591384,7851.585457271364
50367,-0.5096286571069233,0.8766087812322146,1333,2.5500521257421367,-0.548313972459995,0.7523861411081159,8205.961740435108
15529,-0.5861477868893692,0.839940387583192,1333,2.493568717275744,-0.5886579916975203,0.6560039997048122,7703.774193548387
49212,0.0200037509951021,0.9534935061632054,1333,2.3397861614296906,-0.009006648835513694,0.6569705093590605,7886.795948987246
134497,0.6043491616720957,0.9113273807915604,1332,2.6324154744533756,0.4589746629162662,0.7034692872891259,6996.268018018018
117315,0.48497979230272614,1.0390398614759997,1332,2.5996730668304933,0.3750045232853091,0.6027731017994096,5663.6509009009005
124633,-0.9862350363501187,1.0856061171583102,1331,2.557876670367032,-1.0848775391365337,1.173675720821327,7902.61682945154
25411,-0.21989393943050972,1.0395996685713262,1331,2.532701590690033,-0.13204454219621647,0.6432012843608376,8099.890308039068
9562,0.7016383244240125,0.7967724789899356,1329,2.5454110858316303,0.6582527460134765,0.8199316421821835,7862.981188863808
130477,-0.07789487588467736,1.2230310778025841,1327,2.4723490479363246,-0.07791040670327774,0.9501207763784069,7547.423511680482
77247,0.30690918776153353,0.9626364543997441,1326,2.5376502027295267,0.2526227640470065,0.6529968870636323,8943.021870286577
61696,0.23224855427737046,1.0115086636314572,1326,2.5031861272110656,0.21284609349282563,0.7511909210352595,8390.950226244344
76737,0.38232396905866795,1.2693175644075778,1326,2.433965178722512,0.19648939971892537,1.000479260372883,7916.025641025641
106308,0.142460535886189,0.82883192787839,1324,2.373748120370082,-0.1001267283806149,0.536798950005296,6245.273413897281
38335,0.6182913515961586,0.6807984053840596,1324,2.3971891872400097,0.29944967806558626,0.5431909939947741,5058.70166163142
113075,-0.021204963882029748,0.9449313014465169,1323,2.6042374689589707,-0.0035852120151607793,0.7594348542013719,7275.260015117158
29069,0.33631582221018474,0.7395224760929726,1323,2.5185961476328647,0.2596847613099569,0.4786137498594144,7897.210128495843
23599,-0.22793209918059354,0.7947349293897917,1323,2.5542063383538247,-0.1467193899139647,0.5053455207367589,3652.6999244142103
136875,0.1586591534820876,0.8140250858247343,1320,2.5299111872578215,0.09937193539860804,0.5361905609340287,7908.374242424243
59873,-0.2878097145293337,1.1107376035632346,1316,2.4972800055186553,-0.306891594559894,0.6862143305558297,8051.075987841945
74937,-1.0493760464257358,1.14231060474721,1315,2.3719643021594887,-1.0276950637402802,1.219802853242643,6752.596958174905
87561,0.6269814664826185,0.5284215014110004,1313,2.5514136503773095,0.2819242917831298,0.43136104903659506,6079.077684691546
118955,-0.5324377398206881,0.9124877693983052,1309,2.551421086509019,-0.49993502967121034,0.693741003046949,7923.991596638655
119271,-0.5236524075059439,1.169808232341293,1309,2.611267311827221,-0.44031176024412466,0.8533385181953856,8183.312452253629
44654,0.27405903987470515,0.7763315397888458,1307,2.510764198076762,0.0849461386944341,0.474996044935915,9041.051262433053
85640,0.13590140356916525,0.9361548753732941,1305,2.4956710304792327,0.08141703977764073,0.6202263892421762,7791.6865900383145
63046,0.1968400421230987,0.7370993284861341,1304,2.321549407674661,0.0709602374843326,0.6034289236115539,4687.080521472392
7828,-0.5688525015295673,0.9713522517073924,1300,2.471383055179916,-0.47265864355377296,0.8464531583639788,8448.243076923078
13494,0.37230134462427866,0.9683401700361028,1300,2.4204904260471576,0.28677566993377857,0.6418233408555545,7471.223846153846
110847,0.31031302839155206,0.44087793331608044,1297,2.5168982555482406,0.27195030416062116,0.3065169667027453,7902.326908249807
100781,-0.010812646242218005,1.0180444284714012,1297,2.514490903563336,-0.31389565289700405,0.7134595138366504,6454.114880493446
74289,-0.9222190732294724,0.9068658881402502,1296,2.576702331334621,-0.8636948610061136,0.9521218797733445,7445.6412037037035
4276,-0.5688240115010776,0.9433321736671507,1296,2.547394900004362,-0.8112901806664252,0.9596298824000845,6678.851851851852
110190,0.441978457634725,0.6421359116302371,1296,2.556590731343433,0.4980769845718655,0.6356172759825429,7188.926697530864
125178,0.2988457415853425,0.9278489165512235,1296,2.4591757486896837,0.044484975332688456,0.6731708013441242,6845.1998456790125
130987,-0.19691043125416385,0.6830550367509562,1296,2.51573340960576,-0.21430519702859754,0.4883731407632296,8694.032407407407
138325,1.0143877717107057,0.6957389034993086,1295,2.5953181345393515,0.5983006619654464,0.7046872047177776,6483.552895752896
94259,-0.3597924741632754,0.9975589101145749,1293,2.437917554877777,-0.2592289344497941,0.7022332649602645,7691.84686774942
10989,0.1703687416235642,0.9930029817605067,1292,2.523124909017914,0.06745288915309262,0.7355520567655892,8549.296439628482
118848,0.14132029236902044,0.8172279865323939,1291,2.530985674086117,0.06261047357041986,0.5170613172667279,7673.529047250194
13623,-0.041814845624572605,0.7465588505489698,1289,2.5301246276765217,0.3007418027208163,0.6072919881219213,4097.818463925523
122436,-0.24662477580300557,0.9774026210130915,1289,2.482994981334446,-0.08982735431691995,0.6811022307990564,7144.501163692785
97602,0.020131014953948867,0.6713564027172295,1288,2.4605970870382263,-0.011256079424899758,0.4629877880650931,8250.517857142857
94976,-0.5237354446733802,1.1278751233365438,1288,2.5567179078775903,-0.7741102176341292,1.0146671825499392,8476.343944099379
105357,0.06632666712786195,0.9477982302568448,1288,2.3414290409249108,-0.21068146446255978,0.6114539573559002,6677.302795031056
81267,-0.13718124898739736,0.5975849929975081,1286,2.5206970969567766,0.08127648924564294,0.4985433976761809,7374.508553654743
28195,-0.07166303729730172,0.9895322587864798,1285,2.6231422493956136,-0.09039024013979069,0.705664838571282,6759.350972762646
12793,-0.24825461032419982,0.8813330273785955,1284,2.531967678506911,-0.312899023023416,0.567458182914729,8442.369937694704
58426,-0.16440439312978317,0.7186654708878658,1283,2.5437397025847543,-0.2712547360332459,0.5410453830498619,5836.230709275136
84752,-0.5230910710723493,1.038767678712249,1282,2.4951802280213036,-0.6073377564453251,0.8301400811400456,8422.347893915756
112365,-0.5761301457603367,0.9231600542062965,1280,2.6545690115294014,-0.797946790138469,0.9212124138793328,5422.63046875
58667,0.6156667292396634,0.6742499379975929,1280,2.448911322354178,0.3882247696794855,0.5544083703288151,8513.76640625
76972,-0.022223895760336898,0.8374568032632485,1280,2.556761528831401,-0.2772707149036449,0.5694949386068833,5767.190625
51227,-0.3777702817149535,1.1346658630775426,1278,2.514948349568034,-0.5133331914297032,0.7846213970568061,8756.448356807512
103291,0.03918376134616297,1.1698443758000252,1277,2.5291762826465565,-0.07107725122418676,0.7184987420127076,8123.729052466719
35834,0.17309135727411906,0.7789593160318928,1277,2.5818110753604944,0.13089448472947468,0.44700068284577277,9127.277995301487
71170,-0.25794220492961584,0.8157625445584226,1276,2.4564766770670103,-0.2501685810109926,0.47294765442704595,6992.457680250784
94013,0.574977953729459,0.7522044383447808,1274,2.4931970854092045,0.4578167923887146,0.6023907389873464,7237.669544740973
116556,0.27490415062331097,1.1369651405219898,1272,2.510945950274595,0.08698821194985942,0.8519449123680589,8422.408018867925
2397,0.34908208357037207,0.6816506383843294,1270,2.4971995072485167,0.25995530180789067,0.5953329067215776,9516.787401574804
52439,0.07624743790108068,0.8581993083649865,1270,2.4942297972938867,-0.1793916048329041,0.5391627889488138,7493.1314960629925
118999,0.39076530968130374,0.8797105783155008,1268,2.3504073858840107,0.24490799376922998,0.5608133865825597,5820.731861198738
1849,-0.036679485271377654,0.5203637708705262,1268,2.5474233437389633,-0.015373920624262771,0.2622107797001019,8415.329652996845
80391,0.6305129437507042,0.7285887696864423,1268,2.5763786598025793,0.6609085711877878,0.7480739033554245,8238.354100946372
43296,-0.09858800262153533,1.3068083742651073,1268,2.5114425490805004,-0.20661218194672082,0.9508297109061311,8637.505520504732
89081,0.5977257268718654,0.5354908319512249,1267,2.5557130183437415,0.47475178965613785,0.5829544502145007,6674.184688239937
38160,-0.02516067992305393,0.844222020146079,1266,2.4309639300318353,-0.40602731063061137,0.6754651123497453,5542.578199052133
4450,-0.4315587841884567,0.9711021031059762,1266,2.5675502196918587,-0.4802264845621037,0.8011236596223567,6998.545023696683
71315,0.21697601777721287,1.058768249492771,1265,2.4966203945520746,0.3124279743896353,0.6998630068222326,7731.368379446641
111880,-0.10203418129081987,0.8246465818215865,1263,2.574293669890512,-0.12542592150053453,0.49354486038831064,8080.789390340459
32161,-0.5443531120301781,0.9608361414673038,1260,2.5189012898797913,-0.5161564473487404,0.6544313706734541,8628.418253968253
41517,-0.268162635839702,0.9056902422919858,1260,2.5442094623388827,-0.16005619430246076,0.5389188274205787,7734.257142857143
103028,-0.9637975564746224,1.1538838161245983,1260,2.4779539130849075,-1.048188718892361,1.1186610274786373,8649.536507936507
45815,-1.7982977266777316,0.9526271272844582,1259,2.4654313795429426,-1.7072345056945888,1.7711469868670662,6565.478951548848
56847,0.021400446475564827,1.0944022783751504,1259,2.5594860658026457,-0.0029098901817092206,0.7337462623030752,7953.146942017474
74028,0.12346557753195864,0.9571687847338434,1259,2.582445818151026,0.029673014007178308,0.760272936683403,6150.248610007943
118534,0.5617337539015566,0.6139887716532764,1257,2.5260063803180923,0.7061104663905321,0.8225043088442973,8317.536197295147
57716,-0.43357690133358506,1.0040841276594135,1256,2.4205948090286205,-0.6765054928018982,0.9155687230368657,3881.416401273885
23180,-0.07569473572848961,0.9019645819474138,1256,2.663085843765444,-0.2469344851119027,0.5909640532286182,7149.198248407643
90186,0.7739900944709235,0.9577818419994418,1254,2.4701477470823336,0.9057011876342024,1.1509190349044538,5863.308612440192
99386,-0.2583065562467799,0.8620511080632397,1254,2.5168389698370524,-0.0830757534954766,0.6119400349898816,6618.2958532695375
78104,-0.01802740483854892,1.0255495277836209,1253,2.569470596277689,-0.2510677786105894,0.6759090994386694,7555.995211492418
128690,-0.32648582667087966,0.8296064407971817,1252,2.5467737999700995,-0.392366212086214,0.5517573860082098,8798.091853035145
119148,-0.16901052895378177,1.067836888061279,1251,2.5234009722798496,-0.28361498293137066,0.6886379082762083,8716.750599520383
63834,0.9013331960662021,0.6413470037480704,1251,2.3984041955865454,0.8029444130415393,0.8437666989373459,8032.997601918465
55479,-0.11425433390981699,1.2739076134139358,1251,2.3965662582363065,-0.06472314818562287,0.8854141400680527,7618.822541966427
39497,-0.17208327076033658,0.6788465703919457,1250,2.5252229588278072,-0.16593497672956425,0.4736451116700657,7903.0888
121870,0.5378094434110006,0.6056538038741227,1249,2.322603203845245,0.08916980866133463,0.45330335596905635,3731.931945556445
27666,-0.8425063476834138,1.0240650417799726,1248,2.4969801303157952,-0.7982792739202303,0.9206804344758996,8283.83814102564
41929,-0.21430121947828562,0.8426021047392097,1248,2.5258528621641827,-0.3075171082111013,0.6773727165580862,8628.621794871795
27041,-0.2327307066577724,0.8552648613480933,1248,2.4377111862271175,-0.2248521634053543,0.5446267455429029,8323.957532051281
54549,-0.0720736553757213,0.4801220506789994,1248,2.5610650790882716,-0.22618693466710718,0.4182617183130586,6896.1442307692305
135155,0.3994448191273037,0.9553257130873358,1246,2.563777416252455,0.2517461979225673,0.668224771099888,7298.060995184591
120450,0.5501321633232648,0.6701902554427944,1244,2.508325306851302,0.3335290741850792,0.5682929228384568,7204.881832797428
17455,-0.5507520810497257,1.0395713345285562,1244,2.472026700736836,-0.6220352829095521,0.8532432682807825,6484.309485530546
35282,-0.08753620720442346,1.1032000109171443,1243,2.5546032048011327,0.2099472473085047,0.7212638661195391,6250.485921158487
29056,-0.22131453586911976,1.4098167184204593,1241,2.567767513131442,-0.21319381777785548,0.8502439842019434,7754.378726833199
131651,0.4404651163364375,0.9461162220610709,1240,2.5854084920059184,0.15623394205406946,0.7108867753637607,6649.252419354839
51616,-0.12364778688936884,0.6586027257108253,1240,2.457071306949343,-0.09483835997288471,0.448331124423926,8244.73870967742
92637,0.4063800060758216,0.9552331918389718,1239,2.5158210008218127,0.47448203160350744,0.8415489369182851,6798.974172719935
11081,-0.8974940859338636,0.7234982049603418,1239,2.4869427598634086,-1.0626688980758658,1.1262527977599537,6971.163841807909
18354,-0.08415123192538543,0.6414839137280621,1236,2.4579710953348313,-0.400211668445412,0.5551793121769373,4752.989482200647
114270,0.3307497924487395,0.47557428434245214,1234,2.6067398524934116,0.16484698866849126,0.35692223189508426,8025.709886547812
23459,0.402467782724266,1.16489550133117,1234,2.5346206557923106,0.2372248574423562,0.7933772574509733,8419.790113452187
77999,-0.46474182712692214,0.8999111758351731,1233,2.5171957143073795,-0.5050000121714093,0.6429325675989382,8187.694241686942
49205,0.5047089370318711,1.058812845789457,1232,2.381060511072679,0.11571571235400271,0.8019947248878423,5642.930194805195
32632,0.36403695669701497,1.054149202737055,1231,2.6022822106962176,0.21289828527377627,0.7500739019167761,7545.3208773355
109745,0.49807432469051616,0.6694845277279067,1231,2.3980770190318075,0.34910368718108076,0.5049638910742729,7116.077173030057
79357,0.27029071297950047,1.0099572403388375,1230,2.49836928110065,0.36302333497215267,0.6853797069353604,8208.848780487804
135033,-0.1930141088400763,1.3642654772602005,1229,2.37246139488389,-0.2877030943116345,0.9503491689843594,7443.110659072417
95501,-0.005463254486943736,0.6421228810904261,1229,2.467243237592786,0.0420390493512608,0.47588618575238434,7470.923515052888
29656,-0.6346793619655484,0.8874367967261484,1228,2.5327914758511363,-0.8127402014227335,0.9309917190774079,7172.2491856677525
93387,-0.2735230101740176,1.1009903160665413,1228,2.528693577766049,-0.1647318889608227,0.6595543333901692,6524.030130293159
124339,-0.08684447695430597,0.974216260495187,1227,2.571878568936913,-0.11848373294717642,0.6958161780821803,8087.101874490628
92516,0.644999926629549,0.6383088277653355,1226,2.472694676145678,0.5940409735432592,0.6963076416885925,9120.502446982055
34899,0.07763101495394897,0.8926716894234071,1225,2.467462377111022,-0.025987781854600274,0.5459519959307054,8917.819591836735
116900,-1.499243401479291,1.3851188886675263,1224,2.588572170609012,-1.7695611087752592,1.960328557224669,8768.486928104576
104824,-0.4191780420021667,0.8320014648149614,1224,2.5386390143670194,-0.4317996319355929,0.6508117887803312,6854.554738562091
50746,-0.2823316367734088,1.5370693218462403,1224,2.5637414774332523,-0.15803961704391128,0.9845395949438114,7667.702614379085
92919,0.1137200079281877,1.1623249143643086,1220,2.4849371737149477,0.13549829041034248,0.9256612034281783,6385.077049180328
61729,-0.0809521232193533,1.1174798638529524,1220,2.501553306170054,-0.2203882863531684,0.7015625209625452,7770.74262295082
3289,-0.012142432633796219,1.1314765140117373,1217,2.4604506011410763,-0.16186114612590616,0.7520051068133018,7767.089564502876
120379,-0.5803429256494081,1.1303077589277701,1217,2.5240726531932554,-0.5823066666700473,0.8388157638860919,8026.24404272802
88738,-0.08055037602349469,1.4178441290302994,1216,2.587024200919649,-0.2244914376828712,1.0252156739396479,7731.270559210527
109744,0.2064562029238739,0.6611184824396169,1216,2.3226516341869528,0.08483491655387077,0.43669522919968257,6069.163651315789
70877,0.4926404134501894,1.1299942689529798,1216,2.4223514674307536,0.27625060269453966,0.923931675001263,6850.922697368421
39583,0.3018509397659792,1.1707935456485834,1216,2.537588027271676,0.27604861323028856,0.8357740926768263,8352.521381578947
96750,0.15544226465976196,1.200154740884663,1214,2.5631521623945046,-0.021356011572568705,0.8069254850920311,8578.794892915981
134637,-0.3223172081573713,0.8128500324392078,1214,2.3889265976375227,-0.5209277558695155,0.7351998645897179,6386.194398682042
104916,-0.09189200942480502,0.8925716561759737,1213,2.592900796654845,-0.22332872737997883,0.5767611702987726,7965.80791426216
42886,0.3695239899657361,0.45790881168101194,1212,2.5629801190257813,0.3512099961953811,0.4537074044599953,8971.39603960396
29879,-0.44276973940720143,0.8947772955523113,1212,2.4985637208015095,-0.24827750735739904,0.5701928283217967,8338.419141914192
129159,-0.22486279181731428,0.8339874546354747,1211,2.4568280593204066,-0.37155586340641117,0.5707092234567828,8100.345995045417
76540,-0.5275052360782557,0.8786210060153016,1211,2.5586174139115703,-0.9438529171209925,1.0626652580113818,6087.444260941371
126269,0.376048960644622,0.9275131682566424,1210,2.55595261835419,0.43345237148850596,0.794965336934305,7688.234710743802
83343,1.5902793382149838e-05,0.9747620133716243,1210,2.483713470633942,0.028133523349783522,0.6784637578622486,8235.210743801654
55556,0.04794978709090314,0.9997538814902114,1210,2.539110776150365,-0.0006024395025907236,0.8665388463496126,8144.734710743802
51978,0.39606892113379066,0.7933158031789236,1209,2.3151116815812873,0.17873257798040498,0.6212511652230648,6770.045492142266
44492,0.5478472503314746,0.8994983784960533,1209,2.5766250736737755,0.35298737271953806,0.7403494862989435,9587.43093465674
121436,-0.33677532374046937,0.7670507185587637,1208,2.5270542035204664,-0.31100605544821647,0.5389476722760811,8306.117549668874
11902,0.8184399080476106,0.7827708720119938,1208,2.3796484995972897,0.5521658878704138,0.7397359665537895,7931.628311258278
13753,0.37631142244032656,0.8513434382768951,1206,2.459070674569197,0.4046118568080463,0.5930552582763916,7557.583747927031
7699,-0.2907698379245156,1.2299245652145363,1206,2.547288375254355,-0.24538180545431798,0.6999689770228696,8047.440298507463
13730,-0.28952605682998866,0.9545510511083112,1206,2.5107673726657374,-0.3881577239608346,0.7449232800454634,7199.611940298508
53830,-0.47758493188990503,1.1807156842411435,1204,2.488037902297615,-0.6177284745878407,0.9359799967716332,7786.918604651163
66201,-0.49211981561083507,1.0842915191100526,1204,2.526218699316249,-0.3938350754668605,0.6127982014851527,7665.299833887043
72929,-0.10466134385003789,1.2903180292120497,1204,2.4491799071701714,-0.2238832975545779,0.9112745049876325,6766.785714285715
122310,-0.3019204800626625,1.0438936449128624,1204,2.4747680788729003,-0.2967337575082507,0.6497784672379026,6482.890365448505
50045,0.6789765299041153,0.7025011672732244,1204,2.423700408257412,0.41414409633930094,0.5677650018740501,5547.796511627907
15585,0.3214183903692316,0.6625536261780326,1204,2.5363699759318568,0.3037881601596113,0.6201442353953167,7252.979235880399
100349,-0.19685403487993813,1.020678054716878,1204,2.5426076392342405,-0.014639202535424303,0.6141656682473019,7902.233388704319
105161,0.5287027408966156,1.020770621477141,1201,2.438688050281879,0.2896321262524606,0.7265400005280608,9062.601165695254
3664,-0.16113905760463298,1.2592251867922195,1201,2.571303628160377,-0.11186294616065816,0.9037336596847746,7617.424646128226
84480,-0.2518332707603368,0.9934200220871175,1200,2.530418795329399,-0.2799970239199986,0.6840293008312173,8412.2625
43317,0.14525006257299644,1.1248748115562095,1200,2.485652623725707,0.033899335406228,0.7491710421675252,7674.285833333333
123514,-0.35308327076033663,1.389598558383398,1200,2.541306974991596,-0.42588066229648514,1.0024952695954998,7974.869166666666
102098,0.33275006257299644,0.9150576015935197,1200,2.5718019272431603,0.17196282863208112,0.5657073770710661,9475.9125
112832,0.15358339590632974,0.8676354158869422,1200,2.4522992344065893,0.2816821616865925,0.634054713855964,7264.4991666666665
23055,0.2531667292396631,1.2103005661337414,1200,2.4698882425466855,0.008125843486081887,0.7699570548783534,6825.566666666667
32717,-0.5442769268538257,0.948553770148876,1198,2.428347942637434,-0.47498770361953585,0.6444463553642868,7189.885642737897
37042,-0.14178418972441342,1.4820428211943375,1197,2.583276465912208,-0.20373414882037702,0.9949749651773722,7977.118629908104
1763,-0.16893540108615124,1.2190764675777708,1197,2.6089200674522215,-0.18190555461142177,0.8310697371194437,6244.629072681704
65180,0.1882210770657502,0.9126869913146418,1196,2.570630535023571,0.09063103260873694,0.5421377045841955,8633.240802675586
114579,-0.14121036106134,0.9882082618414892,1196,2.5392760147929607,-0.17775498584779123,0.5467409667420704,6205.117892976588
81583,-0.25910333764996896,1.0305213189053013,1196,2.493551201823605,-0.17114640033191147,0.6502115977286667,7672.070234113712
97533,-0.4870790866599184,1.4297599085615336,1195,2.605500839074124,-0.8428545304835411,1.3192996552264242,5969.9933054393305
64572,0.06914827286382419,0.6225950297164877,1192,2.5191449411474585,-0.07893299461334018,0.3934272051396085,5554.052013422819
128077,0.11277243393764991,0.9760268020767316,1192,2.4164817518327353,0.12994919346480704,0.6952953001738518,6358.993288590604
42692,-0.8944698253821857,1.0244100077149467,1190,2.5084532614362827,-0.8773242447526222,1.0007489547508666,8418.426050420168
83331,-0.42682276655865614,1.460626531594252,1190,2.614559279991023,-0.35327002182707706,1.054113171629663,6371.931932773109
126395,-0.7288402093642055,1.0303840768148458,1189,2.420858035347528,-0.7311306767123475,0.8871712227477645,7557.486963835156
34494,0.2160714811320097,0.47887342852102127,1189,2.383087066979758,0.1878385970032712,0.44285769635152655,7084.029436501261
127453,0.21270730955925954,0.7575499099327662,1189,2.57253729909394,0.10748805099576797,0.5798568256768278,8069.020185029436
114805,-0.08545479561290614,1.2533674705181506,1187,2.5368148857199126,-0.22038166149605357,0.7013109643135825,9090.076663858466
3629,0.14282735318570028,0.8507858945814051,1186,2.587935697337651,-0.02855539631215309,0.6289377302807134,9039.194772344013
97860,-0.2567752538826995,1.1002243600177901,1185,2.570777354540332,-0.4885028176836172,0.8858474148576395,8354.003375527425
39766,0.44111504147595015,0.7341372823399402,1185,2.498696326466239,0.20249870839757877,0.5105595723489659,8075.170464135021
125849,-0.06203597346303935,0.7039287775628361,1184,2.5945645445015453,-0.12116680789531768,0.5010594847050311,8569.983108108108
111523,0.4403021899328161,1.127467257368556,1183,2.561721529995243,0.2874600985621361,0.7063052548683858,7721.554522400676
26582,0.02060650100635808,0.9051532618102217,1183,2.502851844886648,-0.2053772424147675,0.6096956817551389,9852.29754860524
109933,0.05962859364644313,1.0670370786693484,1180,2.499726448730259,-0.21950764999001693,0.7555435376606386,7106.8983050847455
68710,-0.09630360974338759,0.8770266788103387,1180,2.4580078903192666,0.10572078285704938,0.471773882652968,7911.110169491525
118106,-0.03571038940440463,0.7547594845389123,1180,2.370075231022089,-0.15108849740315733,0.46792956770715777,8301.316101694916
110227,-0.44037140635355687,1.046976268222179,1180,2.550867393971611,-0.389489081463941,0.7746890572772557,8632.944915254237
97141,0.5760727937010715,1.0268755399777187,1179,2.5351400638654846,0.5585148169946508,0.956818897596093,8285.732824427481
34202,-0.6423326346280214,1.0045822902245427,1179,2.5522619042888026,-0.6848508001188949,0.7960332529448377,6906.041560644614
13285,-0.2100866663460752,0.7816385160303135,1178,2.50036765058498,-0.46526888083734586,0.677332939025394,6385.3387096774195
52075,0.1489770520943785,1.052564340592037,1177,2.5824479398538456,-0.07051157564938393,0.6515096910114698,9033.505522514868
136989,-0.5562056157051116,1.2561072406387013,1177,2.525706000556725,-0.7809613882835431,1.1220185248894312,9543.723024638912
94541,-0.8149029986514931,0.8467940570964598,1176,2.517903073165523,-0.8496737771231653,0.8918324324275148,8967.874149659863
80099,0.10559019862741836,0.8866991289055782,1176,2.4253017689890495,0.041217200164718686,0.5685778112486303,7794.25
23333,0.32510821860136563,0.7348269459353355,1175,2.4349455598891567,0.02539832885154351,0.33702340145919024,7712.194893617021
67303,-0.6638279516114007,1.1390911838902846,1175,2.467658459038691,-0.5187896491037947,0.9093622624052119,7747.545531914893
126072,0.3099065077745866,1.2819308406471615,1174,2.57723429679482,0.48034840667337547,0.9656829303789647,8023.0400340715505
66023,-0.15559604759168266,0.8158810202091673,1174,2.4882794003649527,-0.20265852791929256,0.5106489853609176,7642.0502555366265
115115,0.700073725826694,0.6737551820629228,1172,2.5212933780018023,0.5785892840409069,0.671069244206438,7237.401023890785
88604,0.19540093077681098,0.7053544810809426,1171,2.5581282611124356,0.00214187417242535,0.3408101645566996,11528.01537147737
59702,-0.7008415969772455,1.2562802883558206,1171,2.5013928607029365,-0.599604667928511,1.034244275387541,8684.28608027327
96684,0.5766989666435913,0.9947010114157767,1171,2.609622693611576,0.3465079510555643,0.6659719430535946,7802.263023057216
113073,0.4499321270155403,0.6959059556274644,1169,2.521251449019528,0.2924965488467748,0.5606608552097451,10265.414029084688
107579,-0.29386599103407507,0.5625523634766907,1169,2.486409513222523,-0.42366081237554887,0.5031973333757277,8800.448246364414
72421,-0.5481175173356791,1.285823832963687,1168,2.4379053780811026,-0.5783899781633868,0.8966649390402709,7899.6960616438355
48904,-0.32122220729549955,1.0123465756665366,1166,2.5329873127283102,-0.3665485482943656,0.6438228437478484,8913.387650085764
78740,0.08436308117099367,0.7663282877364299,1165,2.5012979605616215,-0.3117726568987687,0.5486263302753228,7538.038626609442
55389,0.8624746691538268,0.7023500912187093,1165,2.4009452993854814,0.591241218564544,0.711621550053412,6446.007725321889
117054,0.14915040621560838,0.9384069725454837,1164,2.552882874736765,-0.32451721086049035,0.7476180547921845,7846.423539518901
97176,-0.21296299584624734,1.1271578648288338,1164,2.536219925281037,-0.3987520280670906,0.7266116857395356,8039.507731958763
55726,-0.042430349798137534,1.183786426766291,1164,2.539690112383646,-0.05248335533457012,0.7925324774538806,9421.544673539518
24719,0.42492360209189695,0.6710699583744519,1164,2.5229300844241065,0.4388918771901279,0.5996701911081187,9999.938144329897
126661,-0.4467419122048768,1.4945757079804445,1163,2.5629847203287355,-0.4553044891905254,1.101272680393754,7911.63456577816
14512,0.5863621290676941,0.6482050665745761,1163,2.5787274809196745,0.4254665654272218,0.5450840329543957,7720.9750644883925
62762,-0.3896151124126601,1.2098328389178021,1162,2.5443252342079004,-0.3796584849162139,1.0519983620168791,8559.882099827882
35514,0.010418021229327223,0.9125414455623468,1161,2.372991413361943,-0.20982422588758282,0.7125172457366523,5281.31955211025
111088,0.3273861521509467,1.1528404834643151,1161,2.6164368186757985,0.035364184643007404,0.756646497585128,6900.037037037037
122364,0.20295121199828392,1.1048886422014768,1160,2.5392040930507442,0.24540266178694725,0.7842203231006085,9042.863793103448
82134,0.0430374188948357,0.7310933242424645,1160,2.496386137053561,0.08964497641423735,0.47076078576591696,8898.443965517241
58612,-0.20911775351895745,1.1020346539231567,1160,2.4750010523186754,-0.37576252797565296,0.8185960459905398,6945.675862068965
69378,0.31082958514993075,0.5463294303422356,1159,2.586806624436584,0.11735553094910543,0.3529637469331328,9543.95599654875
38756,-0.1488950151472106,1.0709765965323577,1158,2.558828001787486,-0.27162853625630845,0.6639411403435259,8744.057858376511
9145,-0.12255650046672706,0.8187435979785571,1158,2.510935734512078,-0.27021201986765764,0.5036308392378277,8978.597582037997
41160,0.08851137055340574,0.8955876957821112,1157,2.4996105516101457,0.059461127115332454,0.6970598428925567,7883.995678478825
39382,-0.3237617495848828,0.9404769424253153,1157,2.5188955570562417,-0.38151316047591227,0.672685236655146,9146.354364736388
34440,-0.3510071461928628,1.0343212079908248,1156,2.410229941586853,-0.09076007670500864,0.7105421292120867,6881.769031141868
10164,0.25885444550263914,0.7516289723890988,1156,2.516379223995652,0.14391077031367158,0.4738420147819556,7800.561418685121
71928,0.10487520674831385,0.8738897876991991,1156,2.4301310721262293,-0.0506524720462213,0.5552006768031558,8966.416955017301
68214,-0.16213873003243373,0.9216823584412134,1154,2.5713151405102668,-0.28213483460753136,0.6809279185771677,8500.814558058926
15720,0.05569816896212654,0.6211176033489465,1153,2.5470997663160952,-0.16733734625220376,0.4137730087672435,8012.576756287945
110656,-0.047077199641516465,0.9344645455779876,1153,2.4068726621565615,-0.23306126411598038,0.6153250042934215,8035.378143972246
110991,0.1402327014618856,0.9030277928177585,1152,2.386713306331235,-0.1423458849069412,0.6752756438471709,7640.552951388889
37530,0.1871077014618856,0.9089688059391161,1152,2.479202165033627,-0.07395077117032187,0.6504855608468468,6914.084201388889
96780,0.21231638171577094,0.753468164504392,1151,2.492873694535238,-0.07006427546376394,0.47229901719793327,6249.44135534318
110004,-0.23800494177861342,0.840983585494847,1149,2.4710772943663293,-0.18444218047843253,0.679555505818859,7947.48912097476
99781,-0.26841428121329836,0.8794677564447745,1148,2.5310659482712996,-0.20079764347582357,0.5451494032898048,8883.294425087108
44296,0.6605926874278167,0.8630518968659481,1148,2.6215699155754253,0.6290647034916629,0.7943869244505148,7762.6506968641115
122980,-0.2408993126086365,1.9298974111629075,1147,2.628274683433324,-0.367952356950309,1.92276709301605,6855.701830863121
54259,0.3557595239994886,0.8770834793851516,1145,2.4941875201375927,0.28196995509794814,0.6458730166907801,8857.884716157205
114898,-0.2450413127183788,1.149236504889113,1144,2.5486760032693896,-0.24837378707570132,0.6949103412601048,8614.492132867133
81000,-0.7432188788093308,0.8511186385785833,1143,2.547675046438628,-0.6559109270869984,0.7928688408277565,7693.363079615048
8966,0.6509193539115792,0.7480248732671799,1143,2.48228218793336,0.40126020378426347,0.578260754107716,9117.301837270341
38988,-0.44006927251011785,0.8490056983382869,1143,2.4973312980528704,-0.42838756924968474,0.6240384665031614,7780.906386701662
108142,-0.41863445186269876,0.8008193881461293,1143,2.4937441758438452,-0.4925517131522424,0.6585485877148481,8217.75678040245
134210,-0.1433196980808269,0.8631185361850613,1142,2.4307685449669325,-0.3450004827689455,0.6320309537474311,8016.760945709282
63459,-0.06909992281993338,0.7444062868473802,1141,2.514875012142231,-0.05209495873966824,0.4094193180432596,6716.180543382998
96600,0.21182900994141773,0.74662482643944,1140,2.5484886673648366,-0.014788454933663066,0.44320000578424923,7745.226315789474
74222,-0.2153639725147225,1.002089813782302,1140,2.5389476182323434,-0.4102796327576452,0.7437596412082459,9092.248245614035
116960,0.08280347199646743,0.7949781995606175,1139,2.5984899446659524,0.012864614186883467,0.5621043826419841,7468.208077260755
9690,0.450475604459347,0.6200950621900418,1138,2.457391599738451,0.12592925136820615,0.4687484908390085,7860.767135325132
123327,0.24968474329941737,0.7513503122922286,1138,2.2058561999178568,-0.03769640586184035,0.540230957845188,6129.052724077329
30507,-0.003984765923045419,0.6738446691750106,1137,2.529401602822832,-0.08874952618276079,0.36671693553246165,7108.522427440634
25511,-0.39668485387379304,1.4885564293680567,1137,2.523539379740844,-0.35317557335524263,0.924194545916231,7680.218117854001
77007,0.3860767996002612,0.8345014234639598,1137,2.4990593064630513,0.19255742684592309,0.4580096257100207,8383.423922603342
127713,0.26346602501431127,0.44024309788227645,1136,2.3058794076231757,0.05668762024316672,0.2583691048183147,7165.461267605634
52225,0.20712799684529726,1.179334371097062,1136,2.512372425359035,0.26218279658668536,0.8368758997199902,9331.424295774648
42353,-0.23125228484484373,1.3520578512338453,1136,2.56192053836905,-0.3914200489499656,0.9653213317363211,8824.721830985916
50566,-0.15202693273216772,1.2726498535287172,1136,2.4794763086794758,-0.35184922771277205,0.9159739336838608,8085.095950704225
90078,0.7022864475495223,0.6645207903512755,1136,2.604082432409332,0.596533271342451,0.6708491954198372,8962.25616197183
67996,0.0174272926199448,0.989877002047966,1136,2.5415750768211645,-0.21646733824528624,0.71650741964437,6941.280809859155
67544,0.050437856000226766,0.7820879743054907,1136,2.570597074248281,-0.157626063482122,0.558171552127444,6916.25
112203,0.018172235847592866,1.2042039771606068,1135,2.5819181773147517,-0.02266165340762816,0.7769208603238684,7160.16563876652
60518,0.19878897593569844,1.1106865841677556,1135,2.476413868689636,0.12472235688540065,0.8274667974323405,7105.506607929516
114570,-0.14394230159734134,0.923203979939308,1135,2.4591803184049126,-0.34603407376312734,0.612332667688378,8190.568281938326
99448,-0.68125787393494,1.017630796149304,1134,2.499130222117118,-0.5638981809174954,0.7304925661629691,8371.878306878307
49999,0.5087773994336668,0.9063954507489947,1134,2.513106129892035,0.6593878416390188,0.9144569091205146,8171.686948853616
39099,0.29934177333137413,0.6734382286258412,1134,2.4613274783759005,0.1668164239921645,0.5533672494727139,7866.514109347443
103181,0.6463435369998045,0.6530925666702485,1134,2.4365919252496253,0.2806373573377334,0.5637845136007513,5021.701058201058
20845,0.1714758121320794,0.7389968269721366,1134,2.540708361686881,0.04412436933579338,0.4886665446726011,7342.726631393298
60923,0.2728867468763476,0.7665150979552142,1134,2.603943073350681,0.14650581021533288,0.4690269288784541,8682.932980599648
26162,-0.2026415746472625,1.0873386255470248,1132,2.2166377635518733,-0.44763939688411,0.8462029034191558,7544.9425795053
78453,0.5544255631619248,0.6841476945830022,1132,2.4702979936928866,0.46825406438862316,0.7107534831434965,8821.420494699647
31244,0.09241142888630627,0.958854921896473,1132,2.5482702637192793,-0.01877904934453091,0.6944585955089109,9045.355123674912
37925,-0.7896557089228811,0.9499306136232056,1132,2.4849368606235576,-0.7209413221017098,0.8860395642683458,9021.893109540637
25345,-0.09268504067184136,0.8382909301732192,1130,2.580707872377543,-0.23948493006482302,0.6239380218499643,9366.494690265486
89703,0.20864239295647735,0.7883821404809752,1130,2.5407700462050196,0.32916093656632206,0.6748884695655732,7743.338053097345
14994,-0.4941594443652968,0.8757523196647051,1129,2.570881057607528,-0.5471013917057889,0.6422005461874186,5506.943312666076
13666,0.6697004171829257,0.6810559023787356,1128,2.558213839260733,0.32061158038260773,0.5119952156928538,7770.920212765957
18907,0.11828197746661351,0.9403246138123669,1128,2.490359472055852,0.2220905038187953,0.7301195920037594,8028.20744680851
4347,-0.5115939090582091,0.9400925485752598,1128,2.5515378957502417,-0.7659080612234436,0.8557475501387427,8067.066489361702
586,-0.05745327963345126,0.7494567912676329,1127,2.474392402112959,-0.09411915517479202,0.46725667816460903,8904.576752440107
110307,0.26730270971881165,0.9827535929323256,1127,2.596479220638158,0.22896946816372885,0.6233273095283212,7941.567879325643
7321,-0.20652160261481756,1.500250438378343,1127,2.51632314418771,-0.20968016972720516,1.0626888745446768,8720.199645075421
88312,0.0370453893993794,1.101831011349021,1127,2.526182218363734,-0.3007369404758601,0.8048438325390388,8048.244010647737
133329,0.4467835143195922,1.000523742854605,1126,2.551270854978192,0.33823316143582705,0.8041292870477069,6582.832149200711
114659,-0.3902502334601592,0.9388637636874393,1126,2.5128742367824004,-0.31868850457654607,0.6857837292955353,8513.000888099466
8541,-0.22141660409367026,0.876847312799904,1125,2.4530725201518204,-0.1673397793689092,0.6053137466866623,8140.936
73074,0.020361173684107836,1.0793309586533821,1125,2.5384580839763684,-0.12438230284989889,0.7308555521961106,8080.115555555555
55076,-0.6038839825041089,0.8937309011886496,1124,2.4415418665126385,-0.5250411569271883,0.7362878655309251,7384.074733096086
134175,-0.029150886418699784,1.136130001019892,1124,2.530837446797073,-0.1060103472427498,0.7941092020572913,8896.767793594307
86736,-0.38368825296674247,1.9568530829059305,1124,2.666671847511366,-0.682928439657907,1.8596741698283679,8127.85231316726
82788,-0.0958768650663866,0.7752253158890398,1124,2.516073875447514,-0.2388188968554367,0.4893497279296271,9963.417259786476
41281,-0.751125975386671,0.8501182118575915,1124,2.4735831693528714,-0.6721024650258725,0.7483189008035291,7808.163701067616
90500,-0.33520070848275685,0.7668807078249097,1124,2.48484199528024,-0.23264196647781618,0.5098387344587502,8511.601423487544
2762,0.09400043360297605,1.223628164940422,1123,2.4581225668486586,-0.09065233500508528,0.6973615722942466,7458.675868210152
4129,0.10513133297964528,0.7276014212711095,1123,2.525467391243496,0.07810740470224493,0.4346305130482842,9503.130899376669
91643,0.12508354458310667,0.8447797989742277,1121,2.366825164685772,-0.025779251952726262,0.6218996996107387,7072.677074041035
113487,-0.1117585606800513,0.9992368774851967,1121,2.573372175485618,0.026678428169076084,0.605287755237308,8059.156110615522
79393,-0.025404699331765368,1.1288292844481866,1120,2.366683081965879,-0.10918671255359813,0.6786532573266142,7516.907142857143
43188,0.0344167292396631,0.9743470121519171,1120,2.440127367976315,-0.1882522578520031,0.6085403589100746,8440.771428571428
79071,-0.5062082707603368,0.7498668708177167,1120,2.54001584304336,-0.6008918805125681,0.7351897988240298,7078.695535714286
87283,0.7259345863825204,0.8635617991285173,1120,2.4777655045244282,0.6832492254059385,0.900247437662311,8981.269642857143
78362,-0.01022612790319366,0.9621258750354562,1120,2.467640113770227,-0.2692255330854673,0.5862552274532543,6510.490178571428
42429,-0.1707999821097559,0.7025497526277129,1119,2.3859509434935577,-0.3325523621013466,0.5227730502600532,5582.843610366399
105216,-0.23246218050117662,1.0455923945703822,1119,2.5330159435937176,-0.2701398300625501,0.5938261048601282,9206.512957998213
103861,0.5838129725312555,0.6924401728560957,1118,2.535368974267396,0.5459034936892141,0.7150926410971855,7928.507155635062
43209,0.521066236849332,0.6550272177114914,1117,2.5771058577238097,0.6197463688194084,0.7232257503243344,6298.957923008057
3625,0.3815941485945018,0.8236610190629019,1116,2.397694827433423,0.042308295330278446,0.6030983494365295,4774.790322580645
9116,-0.51900869753482,1.182219268245452,1113,2.5185029623774984,-0.4229901118077768,0.8286637407386325,9343.167115902965
85190,0.12564539051549417,0.7484198137916944,1113,2.500347605151283,0.017311599098594765,0.42027493913648384,8922.796046720576
48568,0.992510254419519,0.7473074429493343,1112,2.3928989290788465,0.884706592294303,1.025022523526121,7169.413669064748
37423,-0.44409046500494087,0.9020603838113087,1112,2.4838043040374806,-0.3712095569237984,0.6580279752521279,8611.850719424461
1966,0.2744347148511741,0.8714973353010346,1112,2.5700334576358363,0.04986100903429296,0.564154675903178,7098.828237410072
100556,0.4561509634738976,1.0034090220611644,1110,2.4954746261896985,0.20443438830682237,0.7015782696141365,8122.595495495496
122534,-0.2857027477666487,0.9977448015432532,1109,2.529851983737369,-0.21275226811468578,0.6094949461152722,8684.21550946799
24816,0.1372007689150463,0.8507341465000755,1109,2.276790819156919,-0.16278789496804758,0.5713164624041424,7453.790802524797
12044,-0.8993829097495065,1.2642564890905794,1108,2.394346023772428,-0.8275835060673311,1.0427897588886985,7290.194043321299
25676,0.13987701804832753,0.747239780927903,1108,2.5662736241161523,0.01949408092882833,0.47484700350218256,8734.033393501804
107572,-0.008137422384885351,1.12149451710556,1108,2.5452848132533417,-0.24813558017618106,0.7132909986726632,9066.147111913357
127501,-0.09432875812495745,0.8356107531792288,1108,2.5297723499649187,-0.12524051918219975,0.4426634072609541,7394.237364620939
56720,0.42281925631547557,1.2101830426897593,1108,2.601180629330992,0.18020641092788595,0.812167747063793,9489.666967509025
63219,0.5616093151347807,0.7559971363152947,1106,2.4358454527628726,0.4628668945261707,0.6028965409943886,7742.147377938517
132039,0.4594393332179636,0.7472833525449769,1106,2.489674799018196,0.5859210895964577,0.7605846454216186,8997.395117540687
125008,-0.6431827282648577,1.0714044738847885,1106,2.3802608439121853,-0.82120693781401,1.0264646906476873,6582.773960216999
118882,0.01323680157239382,0.8371475338245895,1106,2.481073176120104,-0.06759908480579209,0.5203559026121144,8594.407775768535
95932,-0.07400718380381477,0.5100811959689735,1104,2.4201907451747995,-0.3029668377151145,0.449615199945321,6760.912137681159
95726,-0.08623544467338018,1.1602851708257158,1104,2.5607551880297654,-0.21301375241071216,0.7708634180789489,8577.347826086956
49229,-0.014224575108162885,0.6422690129543693,1104,2.5448802755257693,0.11365126976507858,0.43525426051381416,7752.29347826087
98470,-0.24565573452845246,0.9592792957126949,1104,2.540786634546554,-0.31578877648233294,0.5821384884438295,8945.867753623188
15497,-0.40281153162990213,1.4308113575728416,1104,2.483863316378422,-0.4702680841185386,1.0576193122295678,6699.774456521739
37264,-0.18179703887627863,0.7507172596553555,1104,2.536992660581489,-0.19076827589468917,0.44281805214361136,8598.596014492754
55237,-0.00895362434147895,0.9654495790615528,1103,2.5239784530368587,-0.03192586383663771,0.5703510422364428,8640.320942883047
75012,-0.3308031257014066,0.8522905192782108,1103,2.3494270601855534,-0.34209784682674516,0.5835405346954041,6672.417951042611
46545,0.2104829724338555,0.7351996736225364,1102,2.5389830455917863,0.005877214224360993,0.4672428311394192,9550.003629764065
114933,-0.251404504880119,0.5130190991367958,1102,2.532892194535439,-0.2581701046471002,0.4416153701637889,7291.609800362977
62375,0.14197117570064322,0.8198335029197883,1102,2.4894187136645876,0.16310090959542625,0.6020398980708065,9037.307622504537
93227,-0.6653559980330641,1.4090154986105283,1100,2.397865137816162,-0.5397994223727987,1.1966735227014327,8289.095454545455
25093,-0.7499014525785186,0.9794412455299606,1100,2.5267388001411315,-0.505249943506252,0.7670012269238713,6703.789090909091
66143,-0.18717417985124563,0.9014996558960027,1100,2.6234681868836547,-0.15699095284526846,0.5970417532808855,8254.645454545454
10389,0.288734911057845,1.0345438804687965,1100,2.602120775751492,0.12747122308847966,0.7054930044108827,8184.220909090909
26623,0.11328036560329968,0.9454974255660386,1100,2.6023615286678847,0.06662591272538526,0.5494749907619391,9009.098181818183
66049,0.527694709221465,0.6562650361376522,1099,2.612608605469516,0.25379083902305677,0.45030395207234186,8603.250227479526
33185,-0.12244177849464055,1.0469510867727654,1099,2.5087159209173007,0.1229764194502164,0.7980186982807517,7192.371246587807
34402,0.2898584414436707,0.546369928433166,1098,2.529121868181799,0.3839033626054831,0.5753964386191713,8814.062841530054
125270,-0.5380104110153456,1.0278092189182597,1098,2.5637062925465077,-0.49467437480035364,0.7194449733111857,7347.266848816029
13955,0.3618074396221771,0.6994318484032912,1098,2.5232786910777523,0.24922067074325754,0.5146953193989028,9239.115664845172
63858,-0.21276877668558747,1.1176922900334927,1097,2.5662931539079286,-0.1643274098617501,0.7605573606507415,7740.595259799453
58648,0.15961043935816832,0.8591945096257225,1097,2.5159638173158463,0.048422088191597434,0.5309645991738658,8672.102096627164
122035,0.5439459796967019,0.43789408607177877,1094,2.5585659980175195,0.5359384808547341,0.6284842089337082,9301.871115173675
131227,-0.017012822452926013,1.0431338594329562,1093,2.2891933424855453,-0.28635811228854546,0.7540025927669286,7918.258005489479
64191,0.16001196733490142,0.9031187627488425,1092,2.44328284228703,0.07682518279399315,0.49898288330567436,7599.622710622711
66088,-0.3102261279031939,0.9751268622791099,1092,2.5179430594166865,-0.4821455755481886,0.7502346663297075,9119.326923076924
62984,0.5102866926096268,0.7896107584717977,1092,2.58208057634059,0.3320049363242865,0.5165183882670724,10378.630036630037
53930,-0.14384862364759599,0.9204450638318522,1091,2.395666246295655,-0.2642756071061738,0.6373460973893061,6969.942254812099
41070,-0.5036103101737188,0.842743756125421,1091,2.4614349291420337,-0.5402721418756743,0.6839079003645125,8480.775435380385
63643,0.27925617878094755,0.9098185393117482,1090,2.5252057125639022,0.031123986245837565,0.6128977955748626,9039.84495412844
88795,-0.13955116066859352,1.1103100814319529,1090,2.5139103331061285,-0.07596333826708465,0.7398256257640419,8169.812844036697
69850,-0.1425919943599694,1.1960915064064814,1089,2.468480509278699,-0.23833348328355639,0.9045586231017435,8237.292011019284
56879,0.12783959425343738,0.9825613182110956,1089,2.3661866552133968,-0.126924529637779,0.6815244991063524,7336.541781450873
100712,0.41226599394554553,0.7231222978602944,1088,2.577765736000301,0.6260523560296287,0.8309359352864795,8408.858455882353
76625,0.84608952335731,0.7520253276252029,1088,2.5207613991539994,0.646544296377855,0.7525186386056674,9255.758272058823
11794,0.4260527586514278,0.7735754262388587,1088,2.4974236343907936,0.08613626086115019,0.5345518089532656,8201.97794117647
39154,0.11585055276907497,0.8635413933488937,1088,2.538776030462551,0.17177243402843378,0.6156091389805272,8415.932904411764
56257,-0.45078547664268953,0.9171619636851631,1088,2.5053484345192922,-0.430406360138814,0.6970705425678903,8206.341911764706
119661,1.245446141004369,0.6810063762599711,1088,2.546144253122106,1.0792328189975358,1.1210664353735906,7665.269301470588
99360,0.019802758651427776,0.8525491500412781,1088,2.548756936062739,-0.057449508877053856,0.49753470257829213,9630.070772058823
74628,0.4402990821808399,0.8309958739609848,1088,2.4456969851701875,0.6103994498199664,0.9181749100305528,7885.153492647059
94090,0.7551733989728739,0.8058346572551133,1087,2.381424757193087,0.5332140790211775,0.7270090997482587,7185.927322907084
135071,-0.17812926892041014,0.7534802601835516,1087,2.617413473812471,-0.24299810503080174,0.5450565305847768,8001.310947562098
121543,0.26437303098759335,0.9925867676998466,1087,2.503305795269253,-0.028627623552736185,0.5946034029553223,8695.298068077276
88804,0.061419491670602344,1.294525990679738,1086,2.4409674655136824,-0.07351825075409407,0.9202770625875992,8212.455801104972
103856,0.5761524566798104,1.0126119512114196,1086,2.5175731066741296,0.6159398224873549,0.9077115742783541,6238.597605893186
68796,0.2520272264772325,0.9034141013236132,1086,2.5115976620173464,0.4342687148768946,0.7074963514612846,7231.946593001841
132082,-0.4127978195632833,0.7569684026973298,1086,2.474776234634776,-0.4046197844510075,0.5602479996869734,7653.813075506446
134328,0.21477387209680598,1.0756689941257782,1085,2.358918298660361,0.15063532764849996,0.8187095092404949,5275.358525345622
38539,-0.10089433066817088,0.6820361894468676,1085,2.4941919979587994,-0.23819229850909787,0.5170190499219729,7645.605529953917
27531,-0.8465334552621817,0.7521167398176356,1084,2.5237982116363726,-0.8467103121544194,0.8981159049777763,10582.29151291513
13964,0.36056986577102856,0.7953990697308215,1084,2.51716431739023,0.4306186055134068,0.6939436588776741,9014.980627306273
83959,-1.281035300280632,1.1262012376185735,1084,2.476877912866321,-1.2176598993217647,1.3127447309712459,9624.511992619926
8739,0.28077281780054886,0.9474439451133089,1084,2.3909299009621297,0.18808897975974898,0.7000887175865208,7854.586715867159
47542,0.23556986577102856,0.6836083271498395,1084,2.577349799389358,0.05173382610604951,0.4839135273912458,7806.861623616236
50211,0.23470527956283949,0.9449889135566295,1083,2.481131048075261,0.15409555294169094,0.616079188846329,8800.355493998153
43945,0.33950675694049437,1.1132010802528276,1083,2.4557189106679522,0.16293265500856913,0.7817958461863721,8895.062788550324
83823,-0.1455509232557155,0.8813515929029248,1082,2.5535855573573043,-0.2201368021854796,0.7046080019205424,8306.005545286507
34650,0.6007522190733048,1.0176610340933387,1082,2.4812532053972474,0.3899962298659775,0.7808912035960579,8821.85674676525
5576,-0.014484750871345042,1.1116762875469204,1081,2.5764725474708925,-0.055978285665927885,0.6673242225637886,9263.904717853839
20372,-1.0154098202515485,0.8323974598889986,1081,2.425771694805865,-1.4225438454322141,1.4654460506956215,5539.007400555041
125585,0.3314911973247696,1.0095485809377585,1081,2.4702549960510702,0.0458525960718185,0.6977247046388169,7941.86493987049
29310,0.6858056181285526,0.6689122667707563,1080,2.5661439006198226,0.5253444386871617,0.6140030410330999,9470.02037037037
69662,-0.05560875732196768,1.020836942931136,1079,2.5803419740889786,-0.10292364225235327,0.5589124097353921,8966.438368860056
14908,0.059671831280479815,0.9786098412065706,1078,2.419940803662879,0.09205811633664615,0.7397676241194706,8436.516697588126
23039,0.5828629259001454,0.8501738501984119,1078,2.6036813561649215,0.6037340362677989,0.7027561050083515,7010.17254174397
80034,-0.2667449807975113,0.8528756679542036,1076,2.614815095955241,-0.4620916778287159,0.6344973529023511,7994.056691449814
28688,-0.28904981351126624,1.3765006508063373,1076,2.5081398634470737,-0.3807136719992467,0.8820799937103051,5948.022304832713
109152,-0.14499776890160065,0.8234539600430245,1076,2.520398182483964,-0.3392424011131637,0.6418926717861448,9642.513940520446
43525,-0.1384921926934224,0.795524352498401,1076,2.566556472776789,-0.019756874874587656,0.5562621387637612,8350.014869888475
102705,0.3100562641233844,0.7565580930170885,1075,2.469431467961558,0.38206953681272166,0.5611173454909256,9324.040930232559
130019,0.067633675235939,1.1644070196101588,1074,2.489408772169892,0.18972134726563125,0.8261164982056078,8409.62104283054
50603,-0.2885115761607091,1.1305996408884897,1074,2.5337691432741916,-0.12919649201930564,0.6761182602256607,7967.733705772812
88228,-0.274079546365551,0.6066329421875797,1074,2.4204472417721514,-0.3727320388764068,0.5878195227629988,7903.366852886406
132603,-0.13441474189627733,0.7885580562085711,1074,2.601141086286354,-0.25326117025488354,0.40938074688169246,7528.164804469274
69124,-0.8047841095301411,0.9388572369385603,1073,2.4019223745466367,-0.887371871619032,1.0529114587835233,5121.615097856477
64271,-0.07552036302501541,0.9598057619902824,1073,2.640843093050777,-0.22091268684193952,0.5704076646884751,8184.5675675675675
4084,0.9475697143142905,0.6949830506033947,1072,2.399511648828636,0.636965421210179,0.747706443148916,8001.872201492537
122134,-0.07481834538720245,1.0321573559459922,1072,2.286542373217689,-0.24495969484871385,0.6324248451832646,7790.368470149254
61496,-0.425098196133471,1.1101393523621763,1072,2.504929708736835,-0.5339186041136403,0.7840669409499822,8585.29197761194
136806,-0.016982524491679918,0.8885083867017836,1072,2.5148786015186317,-0.022218537005205374,0.5307709738812141,8275.024253731342
131910,0.14761766381910268,0.8489074166029988,1070,2.34033666078327,0.05041419322803606,0.6208235940847547,7300.804672897196
41859,-1.086736217439476,1.2983107940053222,1069,2.450476703701387,-1.0464381975297488,1.3031299751556977,6540.9953227315245
86741,-0.1690561426031807,0.7432375453977296,1069,2.511138561910931,-0.022773891172909237,0.5297250992221211,8895.464920486436
94628,0.6971739790057998,0.5510613306408232,1069,2.4468554225251578,0.5694688578263667,0.6230233459270943,9218.65107577175
48929,0.35777815246063716,0.8562885561356753,1068,2.514823519022798,0.1592701388283688,0.5629612897028579,8761.852996254682
55848,0.43502534347187316,0.7653866713640453,1068,2.2546877488737285,0.313029943594465,0.5901194148597854,7744.309925093633
44384,0.288021598153521,0.5789197485103258,1068,2.5131487550371876,0.09771665275816471,0.3446881178389256,9221.972846441948
124052,-0.44699712843823924,1.147058476750917,1068,2.3397190150675224,-0.44417983505915987,0.8395800267417353,5358.478464419476
82908,0.42472571800370806,0.722993343616966,1068,2.580817857569449,0.4255931116589762,0.5363592719728324,8867.90074906367
73882,-0.3046530926909834,0.875941865391885,1067,2.5628320524133374,-0.3906072069401409,0.6486889263983928,7597.23992502343
93219,-1.1921882379580873,1.0099389855085181,1067,2.532020197267559,-1.1171276744514194,1.1722813095083617,8035.533270852859
52520,0.21127942839617697,1.0417399423742584,1067,2.5870588123988294,-0.0019103106068477352,0.7049200213480299,8196.963448922212
20246,-0.17906733823924936,0.9807272575898401,1067,2.533866935740966,-0.38394125659622563,0.77554112147618,7553.116213683224
129746,0.22346312099224042,0.7981950490077103,1067,2.3078003623339054,-0.10590585365839077,0.5472096375601968,8155.283973758201
57727,-0.14954531387186432,0.6624040298025335,1067,2.5199079699668308,-0.2789077265239714,0.4991785527429761,8842.566073102156
12158,-0.8168262351130573,1.1134537545170462,1066,2.5335654973934103,-0.7922266376909143,0.9242742189781581,8992.151031894935
6921,-0.11963256653498444,1.115392958024268,1065,2.4965626255869533,-0.3596929291600144,0.7762135859094386,9447.874178403756
54447,-0.625735852919961,1.2489259037356824,1065,2.515077387199163,-0.6699270269704594,0.9052185655020865,9060.388732394365
126067,-0.2726842097274731,0.8374636426846634,1065,2.5307597030851494,-0.4055475744648961,0.5574614158924343,6654.476056338028
123754,0.7283077066832724,0.7653211140888262,1064,2.602929695341627,0.5546101519895317,0.6732988689390751,7447.086466165413
39346,-0.0047750000836450646,0.5230185516309702,1064,2.4542306031307786,-0.2667209180522157,0.37112718562987146,9969.938909774437
9175,-1.392932894820487,1.174567984045109,1064,2.6847686123429484,-1.4679285692410293,1.6133383706738542,6930.462406015037
104349,0.026240037510339764,1.3760893616045837,1064,2.3784333477765687,-0.014122658717958514,0.9486687750975226,7962.359962406015
3576,-0.17911710534680303,0.8179195223517851,1064,2.5720152627361452,-0.4044225322168273,0.5624755803757413,8962.02537593985
122704,0.5631596670927705,0.8155467218586763,1062,2.5044690179582876,0.370559559554775,0.6047652173904435,8607.791902071564
121516,0.18229408773022948,1.0322403594308664,1060,2.380916047261502,-0.1097804040857199,0.7225922074920109,8656.069811320755
22688,0.041256351881172826,0.9059417429818042,1060,2.506063013934369,-0.022038794409129148,0.502492922881262,8947.57641509434
88176,-0.03563044057165765,0.9527751933518106,1060,2.5284697302449484,-0.24981151049885894,0.6530916460288514,8830.116981132076
105040,-0.10732855377920458,0.6969130613882458,1060,2.5481324913433903,-0.07372997821508726,0.4513835132640678,9911.545283018868
24691,0.012482766975512316,1.135759079997742,1060,2.4389412272934012,-0.07711971949689195,0.7115188981294218,9411.093396226415
32861,-0.07500853093063009,0.7625543367968988,1057,2.636567699149549,-0.18440078841601704,0.577016954686861,9146.027436140019
86066,0.3180851303749517,0.8975276342207853,1057,2.506014136124088,0.1097594931781694,0.6080285145170738,9485.298959318827
119677,-0.17656811924518534,1.1559684705836422,1056,2.5140940150560676,-0.3593931933361199,0.9506610607722201,9036.118371212122
54160,0.9446871277216364,0.8758815992547405,1054,2.425948441495796,0.7655958408214223,0.9260065620430293,8389.960151802656
36594,0.09506663436300311,0.8641180707433308,1054,2.4197646829888293,0.21242194077434204,0.6608141822363681,8695.540796963947
131746,0.3441178677595875,0.9068670662969992,1054,2.5143704226284815,0.2118677871787987,0.626395513325117,8069.23339658444
93710,0.14914633075768968,1.087550856976966,1054,2.521847417369992,0.11295807572286053,0.5734908115877059,8076.570208728653
12026,-0.037484980162046266,0.7599635541822305,1053,2.552730127457924,-0.3199361768529659,0.5714402502660849,8725.379867046533
107126,0.11345665319403597,0.91745661824355,1052,2.1364891553078533,-0.07492730907949315,0.6261133568029277,6968.77186311787
56520,-0.4307448677185115,1.3004473165599477,1052,2.5997844436299693,-0.5303427473415872,0.8079556230485608,8600.392585551332
95239,-0.4269425863496905,0.8970395496006693,1052,2.284909218944108,-0.38911633856538086,0.6951734729065113,7077.563688212927
114701,-0.020756914908766966,1.0427681050979025,1051,2.4457010775186805,-0.07330205375856017,0.6125488546264071,8884.49191246432
87428,0.40740673875441136,0.8309296128835232,1051,2.5664652208076957,0.18988285279683007,0.5686791256630972,9188.984776403426
111139,0.14096434828728244,1.0656451867667618,1050,2.4594765341992484,0.08292132876011762,0.6742619044569905,7741.119047619048
6366,0.1309643482872822,1.056433848511711,1050,2.470853538316157,0.10977293449787603,0.7201742634899247,8610.21238095238
120290,-0.14808327076033656,0.9680205939713864,1050,2.440412330434453,-0.01045509174807066,0.7858354775352557,7959.867619047619
572,0.18144961770486834,0.866248311144355,1049,2.4599526795159257,0.1983309410824814,0.6543552579151973,7192.045757864633
53853,-0.4702588432794208,0.7759000317742079,1048,2.35193824055744,-0.5660101711276341,0.7847715165889292,2206.1230916030536
76486,-0.16252983564583312,0.7300524500054515,1048,2.574642864424068,-0.14177712761787364,0.4855577199447925,7110.232824427481
115870,0.2129472635908085,0.8145851025087139,1048,2.420473318773555,0.2915314278301895,0.5593186074928528,8145.383587786259
34700,0.10750833229309853,0.874067893873462,1048,2.5557686902947006,0.08425172378352332,0.5762392618445654,8973.237595419847
128047,0.3741155820121298,0.6255982343727938,1046,2.4709734257163065,0.401939137466171,0.5294256227457876,9194.393881453156
70025,-0.24291580664550416,1.1920152997350622,1045,2.567756163706476,-0.24663387272541124,0.7658716091787015,8428.563636363637
68341,0.39440476751717535,0.8023084098892407,1045,2.525995462559113,0.2693634452552908,0.5382079716251138,9055.661244019138
119675,0.26139041345018965,1.085821285704424,1045,2.4749024658154415,0.14737837605228415,0.6967383065105814,8728.015311004785
15601,-0.5854995387029205,1.023317712975361,1045,2.5096307176010217,-0.7740287369540332,1.0436769458226112,10574.591387559809
23317,-0.7644469071239732,1.1111668394244718,1045,2.364278598417639,-0.8960225097282366,1.094007727686853,6591.242105263158
45637,-0.029518677458901355,0.8626164460734296,1045,2.5411825501062175,0.07722152251661465,0.5708871776554493,8256.925358851675
102845,-1.0905353780400304,0.9777427791066872,1044,2.5400135609197627,-1.1829778637179038,1.2345167956592291,9549.282567049808
88024,0.11109297445039124,0.8362517910735445,1044,2.4894486987645092,0.10707624146534411,0.49926619510182024,9147.05459770115
49208,-0.560841891449992,1.1466904544155578,1044,2.524342198831463,-0.6091825019242938,0.8627220467154786,6815.383141762452
63071,-0.30796832823160125,1.075339178674177,1044,2.559820615986349,-0.5166970774016755,0.7674520458989854,9372.378352490421
101165,-0.7264533570498859,1.264541987725371,1043,2.573013019156915,-1.016362369981845,1.20814216911544,10068.031639501438
11560,0.1982829804381292,0.630346558012128,1043,2.479522568939424,-0.025249911119369618,0.4418604309733628,8842.987535953978
93018,-0.03278125733751791,1.3892399017699002,1043,2.5776302466828573,-0.2167643519944324,1.0206615779807506,8810.874400767018
66837,0.023786336142827214,1.111302884898281,1043,2.5568179455710975,-0.09337605348252599,0.6608076681097015,10155.82070949185
66362,-0.2690621575165748,0.8320086694661124,1042,2.5542845946317585,-0.26204119329288245,0.6154665993024883,7866.3627639155475
79662,-0.39718115943596066,0.889972396476033,1042,2.453696240930537,-0.3547273121814474,0.7576705007768014,8736.962571976967
20294,0.37124429888423593,0.6891253718822694,1041,2.5147524601209943,0.01039857988725035,0.4168707419732686,8349.008645533142
38251,-0.002434855774745781,0.9995697090209353,1041,2.5736696660045526,-0.05252531467693771,0.6594843406795372,10361.841498559077
128893,-0.6617371169141828,1.1471276911202835,1040,2.570456504859438,-0.8455386281778976,1.0649577828377768,8059.359615384616
120666,-0.6290448092218752,1.285627606689186,1040,2.4882518194307486,-0.6232044499471527,0.9768089451250008,9060.928846153845
88858,0.058609111110444534,0.9999692827665542,1037,2.5509664282046174,-0.08862217868909508,0.6345699757261675,9374.684667309546
103998,0.41347892788961493,0.7790318397682908,1037,2.5620429640572366,0.33483463509635214,0.5770892875398674,9784.335583413693
77297,0.5184418257647598,0.43193474452068,1036,2.391877158579737,0.25125987571077224,0.3864974645804231,6460.475868725869
116590,-0.1543380970151631,0.8547824362150348,1036,2.4583561646474825,-0.2422355448503212,0.6319825843895588,9492.516409266409
6112,-0.015039792499467186,1.2383202547134315,1035,2.5248688031970317,-0.10298081555056561,0.7596672524531848,9019.612560386473
31503,-0.4799207949382862,1.29753713710721,1034,2.522119090097727,-0.5326073861054098,0.9975784008953336,8741.242746615088
7051,0.6960946789495277,0.6822997607085725,1034,2.4590612424615568,0.2842375271765772,0.5651580720214482,7821.715667311412
359,0.2889380058354081,0.8587798507612358,1034,2.553889934498391,0.12638275218708683,0.6114167224495332,8375.304642166344
18390,0.17385096521645238,1.326254408686929,1034,2.580023560789846,0.21483008835065995,1.0452617587729935,8409.140232108317
33575,0.1903097592493439,0.5338816214179001,1033,2.4961226797958003,0.11425213692180192,0.36764453440399886,8988.354307841239
123601,-0.012981625068178015,1.2401489401390098,1033,2.4706537939069055,-0.27246962261570806,0.8461111959783432,8115.041626331074
99937,-0.42595148781460024,1.1088285646213265,1032,2.473181075350566,-0.32331201140794846,0.8541457555299558,9003.77034883721
6976,-0.6076375343262281,1.3264812356153446,1032,2.5703142929285145,-0.6572448899884805,1.069710653788762,10085.997093023256
118416,-0.4056026506052981,0.9171807949806208,1032,2.5343345486672977,-0.6432429476547381,0.8065813103587736,8889.300387596899
64430,0.4621299075342371,1.003307407879022,1032,2.5345974681468553,0.2969061660827481,0.6631188740284737,7474.397286821705
95216,-0.3881607901401818,0.8544827839848663,1032,2.5429611285811067,-0.5864001689958029,0.7084046082966938,9015.042635658914
2669,0.26106401606136886,0.5278825531543322,1032,2.5108663982688095,0.09023337430558935,0.2856027613209979,9928.066860465116
40008,0.12249812458850062,0.5496490822697262,1032,2.5262198347713736,0.04730423364970695,0.31610610666251465,8171.410852713178
60427,0.4095500949040667,0.5221127964768475,1031,2.500939498345606,0.22852243424653296,0.4444004419332383,8686.669253152279
22411,-0.18550325136169477,0.8674484048607927,1031,2.535168165705023,-0.4045218752817789,0.6493998207695286,8590.43064985451
16612,-0.4546594104305597,0.9812473801946534,1031,2.45701198097251,-0.27304794293468393,0.7499831855254363,7423.521823472357
75141,-0.18814157979823776,0.9052099507641894,1029,2.523341885620666,-0.22884327136270438,0.733467881004892,6643.804664723032
11074,-0.29549572212220454,0.6671877916222669,1028,2.4150016442740467,-0.35381451552555426,0.5109722747386408,9557.706225680933
131180,0.2346599199011421,0.6068443318020263,1028,2.577815295561404,0.040197765500156295,0.4003896333529025,10222.632295719844
52661,-0.3431610917720098,0.9214612531547643,1028,2.4734398483210485,-0.3677598298394589,0.6414203350527017,8914.463035019455
74966,-0.026040469203916672,0.7077713765319334,1028,2.599479026502713,-0.04308235539880708,0.52539010037178,8375.37159533074
51245,0.16559377204121972,0.9729590781972065,1028,2.604141032586262,-0.013549952545500015,0.5282039387881431,9734.14785992218
83556,0.11938754636028603,1.0685662864757217,1028,2.471294251338776,-0.155735898712987,0.7800553524793352,7823.418287937743
127719,0.1524614763213754,0.7823583644719567,1028,2.5815609624570035,-0.16172692850283218,0.5206754789133193,7406.949416342412
62051,-0.07540556871554616,1.1725749045344742,1027,2.4373042162985246,0.007408227137391747,0.9441311027733283,7634.323271665044
28860,0.5930462326476476,0.6995623038269847,1027,2.4771282715206593,0.2905249448229517,0.5655708907362685,6063.798442064265
21664,0.02245226964862157,0.769678298821767,1027,2.5213691568892362,0.1552705786550861,0.5954507473045206,8594.487828627069
101275,0.3668485031188058,0.7670110790208021,1026,2.5802048651058986,0.44332288335078035,0.6405037471955844,9493.11208576998
105059,0.004762733138298891,1.155087617696054,1026,2.5075415085089636,0.15054374275967256,0.8704822007446745,8718.786549707602
96225,0.20020941216649257,0.7553064311112738,1025,2.5544463964419384,0.08671137147126326,0.4902556531582588,8962.30536585366
19776,-0.41979058783350753,1.079541421103447,1025,2.529123123277474,-0.5888768475341812,0.8809093547760809,8142.024390243902
1507,-0.3105222951505806,1.2200249350835453,1025,2.5776047855686333,-0.3151176113442893,0.7967184370710133,9348.851707317073
208,0.36459965606893174,0.7694071898419503,1025,2.394111989421843,0.007049964549342314,0.5327714682711159,8085.599024390244
32671,0.5689898999713705,0.5920132655227232,1025,2.5650284406524153,0.3711330604580096,0.4890105081748033,10165.629268292683
110130,-0.4281809270103367,1.556680802996793,1024,2.5836479763997806,-0.598335648460024,1.2561327624789151,7721.21875
22205,-1.0663645207603367,0.801610899509917,1024,2.5226709429182006,-1.0885532249294638,1.1285102202722477,9657.162109375
95327,0.2710378229896633,1.1528744343478181,1024,2.5869575397481666,0.29431578972217126,0.8099007446121287,8743.525390625
22122,-0.6928293645103367,0.8887354872841176,1024,2.535434408048494,-0.6956080934004548,0.8157196827033721,10038.6865234375
101110,-0.23628639576033672,1.5711758159180995,1024,2.4912518996902953,-0.22673185925305375,1.0556144603010689,8985.095703125
28611,0.3984792292396633,0.7712055916006634,1024,2.4843962335215624,0.20459948840117934,0.5113314804698589,8774.248046875
48410,-0.08370399412299578,0.9278814436259125,1023,2.620324366150063,-0.174823621689058,0.49658032961269977,6581.016617790811
15203,-0.35841595177794927,1.0891053786689762,1022,2.4535133216615157,-0.49113567792680696,0.8457298868404992,9917.896281800391
17320,-0.5528628985762034,0.8686608328714717,1021,2.581256273866535,-0.6545697722257713,0.788334409852812,7814.349657198824
128527,-0.030335964198142662,0.8996103834248345,1021,2.498831793958035,0.14078519571897244,0.5934293427955961,7411.4084231145935
114758,-0.06778915311327793,0.8333351132386848,1020,2.5150572428845734,-0.038597146426578535,0.5052010631060839,9431.346078431372
10560,-0.1883773884073956,1.0661818700136187,1020,2.490432933214505,-0.24410209491301696,0.8283672360604498,10228.576470588236
24945,-0.038377388407395685,0.8172825984299878,1020,2.471020303167769,-0.22303388959799278,0.5608668555105089,6736.528431372549
75448,-0.5187695452701409,1.0725230585386025,1020,2.460036624895399,-0.5140228384739454,0.7486857931212287,8455.042156862744
24800,-0.5550440550740623,1.033638626901082,1020,2.5803537575359097,-0.4007730704613771,0.8108005459418957,8047.36568627451
23130,-0.08592640801523865,0.713453538653661,1020,2.6212739054671585,-0.3336501313849925,0.5344062469240447,7443.171568627451
61610,-0.7128871923289641,1.0519921103225436,1020,2.455050731834172,-0.7811226851695402,0.9913703636673512,9388.235294117647
45709,-0.34920311358941314,0.7657207987069723,1018,2.5983799909849887,-0.6608451153985163,0.7323738922107971,9508.743614931238
127063,-0.4485355814781342,0.9240309842102592,1017,2.5909575867030052,-0.4057007354297368,0.6378634908980966,8626.72959685349
55420,0.10498759538139568,1.2545282782322489,1016,2.5512975023374733,0.028860626443805822,0.7857493812849875,8029.693897637795
132187,0.3727041308144665,0.9667065464118912,1016,2.503016106170612,0.39300637661106386,0.7804742223087598,9464.382874015748
2657,0.22358995758611977,0.7859838398869031,1016,2.515481268529059,0.238370263998533,0.5132055127797946,9343.495078740158
7036,-0.25574075107529737,0.9989811680859128,1016,2.3209471414940483,-0.30844271889052854,0.7411344598547613,7724.456692913386
108195,-0.4368431132800219,0.9422915352169159,1016,2.483871262637674,-0.39929795643203086,0.6195410644622429,10336.324803149606
36204,-1.0379354875091051,1.3912949560273598,1015,2.5380976397982637,-0.8849189639505011,1.3876021536329914,6460.053201970443
35609,-1.34581726090812,1.6668187666821639,1015,2.584033983801279,-1.5205586504830437,1.9460231531027703,7402.303448275862
31838,0.3449936523165862,1.0833364973249668,1014,2.478738994543218,0.08523357158948021,0.7114978706470855,8325.884615384615
120312,-0.3033797134480838,0.9867482043863762,1012,2.5307003425452246,-0.33101105104821443,0.7609715269336857,8803.359683794466
14678,0.2924700889234577,0.903774090383018,1012,2.488870274595682,0.04723053136965791,0.6074176824308335,9334.213438735178
69829,-0.1551583695745662,1.130127896569166,1012,2.4238257765139064,-0.0463505068509059,0.8471317372010275,7312.99209486166
80949,0.20801959768674516,0.9394712254598383,1011,2.543205232841032,0.14767870747566866,0.6269010462332779,8417.723046488625
127840,-0.7405461787722061,1.1279539732196662,1011,2.4737380535232925,-0.6498943705318287,0.8817433104061161,8601.733926805144
129805,-0.5765981222454855,1.1272473521551336,1010,2.4195048498156084,-0.5978876061811529,0.9356972922636172,6504.037623762376
57398,0.36201573914065355,0.7945559250529066,1010,2.4846193004210297,0.10098311255081989,0.49859481907452735,8382.28811881188
46645,0.14215482447775862,0.8787500957279893,1008,2.5797841618292456,-0.038122155969790315,0.4592213002979536,7739.107142857143
64150,-0.09693247710954322,0.6272066230860952,1008,2.532176912167453,-0.208028890479827,0.43959602341608117,9150.279761904761
87094,0.28848418955712374,0.8313933002345962,1008,2.537630561064412,0.1561453315288719,0.5303795721401708,10251.429563492064
42913,0.2012116646915003,1.22955882736228,1007,2.551756291744954,0.17797439267287163,0.9653671226627718,7804.431976166832
18069,0.043061007846628474,0.6029997919429736,1005,2.43089460983189,-0.06980426585990394,0.347340125044466,9593.023880597015
52457,-0.4102545855013724,0.8718889239157268,1004,2.402699320607275,-0.43590433354997626,0.660163171592649,8835.631474103586
3676,0.12510398023567904,0.7729859500404468,1004,2.4611384774069025,-0.1658361176693628,0.5764583728318226,6517.754980079681
25960,0.5245063706739264,0.9650850219713135,1004,2.320823529240837,0.416009401111856,0.7905332011191443,8089.996015936255
70770,-0.0073661392862329755,0.9741059677243896,1004,2.5636691978730655,-0.09356270737239653,0.6744547827197833,9630.430278884462
58170,0.4981119483631691,0.5367093208170475,1004,2.5523037190652196,0.3289802117125074,0.36276777546827654,10093.966135458168
118344,-0.9311709201627272,0.749263798383552,1004,2.5157379332000565,-0.8970301454933485,0.9590942958843599,6378.451195219123
28529,-0.566131079525277,1.1662017382179262,1004,2.598957872692327,-0.6271396618327234,0.9424716772201521,8895.873505976095
123817,0.03247449816396619,0.8362893923792075,1004,2.328591406417662,-0.21233748252955992,0.5711586586257885,7398.846613545817
10759,-0.09202749386790643,1.0710338185859627,1004,2.324673430148873,-0.30524564151785205,0.7473069250726828,5160.520916334662
49024,-0.08082504543630886,0.9720032815587195,1003,2.4613195359413718,0.015577669659532192,0.5894135794767354,8975.486540378863
18471,0.17990076117579124,1.0748399168702347,1002,2.4742077082897227,0.06951160814553978,0.6382806458877227,7855.342315369261
130827,-0.32608726277630495,0.9757274025156879,1002,2.5399173860860547,-0.641077699735017,0.8107057803005546,5398.749500998004
74241,-0.06061820090005732,1.0986866018243866,1002,2.4746424257671586,0.08396159772288118,0.8032800734605765,7791.392215568862
112852,-0.389521832198898,0.7446284499477093,1001,2.5700825503376317,-0.5361640777098055,0.6401707257850263,9040.488511488511
9197,-0.10680454948161566,1.0994256515275438,1001,2.267812053781316,-0.21730492382977012,0.8061281311273112,7074.110889110889
85893,-0.13858327076033694,0.8567810827882609,1000,2.6156113991756214,-0.2174330999458871,0.5679418121746969,7614.306
15616,-1.0965832707603367,1.0055689528415839,1000,2.553782613507856,-1.0379518125894671,1.0967461236786655,9012.397
87746,-0.43258327076033654,0.9395277869560125,1000,2.5467369782425275,-0.44687157889785184,0.6500499727457355,9585.873
134156,-0.21008327076033684,0.6363811601398818,1000,2.52788247625854,-0.16058347811250562,0.5167066775799499,9105.35
62779,-0.1880832707603366,1.1737877907772676,1000,2.4854646798396707,-0.19119585982377135,0.704383968310476,9382.763
108223,0.6049167292396631,1.0346891231580537,1000,2.5037308434704144,0.5829209746420349,0.9067051401060826,9435.406
84792,0.15991672923966327,0.7432418236404684,1000,2.4547428252044208,-0.19133169102859188,0.5619554969507925,6493.157
127871,0.19391672923966308,1.0941723873381246,1000,2.3566815845549067,-0.02199255537249959,0.7200967573456024,5670.281
119013,0.2669167292396635,1.0353970480192831,1000,2.525514442471197,0.06153588752561866,0.7166559850973134,8714.5
18765,-0.28058327076033684,1.056697856702833,1000,2.4260109891367994,-0.2586416962970918,0.7239727824997099,8675.873
22352,0.18793274525567938,0.9311163725023993,999,2.4831189129718507,0.058865605744406,0.6743154425021571,8803.735735735736
87135,0.08683164415457822,1.2481520479642867,999,2.5402712837014123,-0.06415991289072133,0.8030559070318125,9061.78978978979
85389,0.11936417668711075,0.9469870960637283,999,2.52367605229233,0.0846478046419585,0.608223079127417,9348.765765765766
114531,0.15339821072114468,0.7714256948097021,999,2.5086697617402245,-0.008559830827611086,0.5040357448609515,7076.008008008008
132509,0.05167624827773931,0.9746388587572156,998,2.6156561581775777,-0.20793881557493926,0.7297681045207508,9300.743486973948
80989,-0.05704118659199997,1.1283850738365153,998,2.562679303116524,0.04078064141653929,0.8238129207877609,8264.359719438879
122860,0.5390180331513985,1.0680373297404835,997,2.4776525282607937,0.26417861453987784,0.7881629121549477,8486.782347041124
87062,0.11368379751275581,1.0846681589477107,996,2.3932234690028484,-0.034306278638895855,0.8778594418794761,6770.342369477911
110846,0.0835633155850446,1.0457979567921072,996,2.556968750493275,-0.1536463565342259,0.6288108084782167,10055.761044176706
2568,-0.4801917044952764,0.8613449645927601,996,2.455171096089154,-0.5339642793348307,0.7750413939479454,7975.763052208836
30497,-0.45408728682459376,0.8047824987756709,996,2.409508715699376,-0.5946145686266625,0.7536410771780758,9215.339357429719
52760,-0.16778176322264837,0.6711067089791003,995,2.2682994112611796,-0.4583062797491126,0.6100021116517163,7381.373869346734
45619,0.028198136274839136,0.8439322073660945,995,2.5179742237244653,0.012373938304966255,0.5845947004536463,9756.242211055276
84108,-0.19089734111209555,0.7996000764737302,995,2.462867400217268,-0.3445191942952759,0.5343409566196917,9366.59095477387
50599,0.4274499284348341,1.0759639662184923,994,2.3987166193433866,0.29186373318602465,0.7302891841780079,8356.525150905432
54693,0.6618563670666249,1.0676509477360467,994,2.4694531214445847,0.4229450277323265,0.7806171318977749,8491.696177062375
90138,0.11300434253271474,0.8284286192516561,993,2.519584117566961,-0.12986496125249222,0.47597846458687976,10765.415911379658
98687,-0.5511447007704073,0.8815091378617915,993,2.518076848023542,-0.5431495736617689,0.8123051765700942,8994.183282980866
127450,-0.25507219321753727,1.083675001534014,993,2.5337790184504714,-0.3809708558437237,0.7425806806389568,9569.216515609265
10627,0.22786430988482476,0.8124565713918337,992,2.551535067805834,-0.0989358238568621,0.5700205567795016,6183.428427419355
116127,-0.7262687546313042,1.1765093720809516,992,2.5574578814492908,-0.7034821909018528,0.9029284797546928,9309.598790322581
34632,0.5338118905299858,1.1345325531353827,992,2.562511695869425,0.10645317100386482,0.8907016589434017,9310.65625
131698,-0.7872566578571107,1.1495607559243979,992,2.5689987974562585,-0.7951267634095122,0.9696126500343213,9394.798387096775
65670,-0.20963569011517524,0.9704682825632925,992,2.60558726422977,-0.29860972914809125,0.6112289938897386,9796.858870967742
115226,0.024235277626760254,0.8711745943861339,992,2.5367713468201774,-0.16720751287332378,0.517776205542242,9831.6875
106721,-0.5438090772119497,0.9128716720470569,992,2.536334981714873,-0.6420379934116808,0.7874623390155593,8055.857862903225
31681,-0.013567141728078713,1.3166139212773218,992,2.4203583155316086,-0.04763264037475099,0.9722099310146317,8357.735887096775
96859,0.024086254971247723,0.7244592797388086,991,2.5512433194378987,-0.17154333294425334,0.46639987491617807,11982.561049445005
27894,-0.26652928488748096,1.1124843464393028,991,2.4992420039398575,-0.275969222794218,0.816431870502497,9292.0736629667
65431,-0.04554038478657274,1.1535575154021374,991,2.5153717436379583,-0.07228667712729536,0.8980306588726529,8549.112008072654
37145,0.5008773750519739,0.9520094799763478,991,2.545342404618094,0.3584867377106225,0.6485205397044267,9925.288597376388
124163,0.2682840349914293,0.8672183106251519,991,2.449892262823654,0.11551793846333713,0.6152082045779828,7814.008072653885
92616,-0.4325232303970674,1.4586698189046872,991,2.566126721138524,-0.5765084864168605,1.318180189163889,11844.840565085771
98494,-0.36743745844953946,1.1863981593909285,991,2.360850148832483,-0.6813339562642683,1.0055653478752935,7861.816347124117
129005,0.13807834540127928,0.9355448141232869,990,2.5575767729004677,0.22158324020498932,0.6621111009535564,9239.342424242424
27189,0.3741411984004319,0.6570661590866241,989,2.483459828675028,0.12426965614080186,0.4682703370276529,8852.116279069767
109286,0.08335397620322604,1.0120854106893367,988,2.4067668944331877,-0.13012490519404296,0.7031895425967991,5341.7317813765185
37623,0.33892077782265906,0.9787221224082927,988,2.5455300500097473,0.2587137066753555,0.6916860499062945,8664.573886639677
63828,0.06665357134492655,0.8433857512486614,988,2.589186257913567,-0.10675671275010823,0.506715047201711,8664.635627530364
68161,-0.8938727444445473,0.9647924136461197,988,2.502226289376288,-0.8527449746023618,0.9331382637293651,8911.137651821862
92706,0.10359689118298299,0.8921806050046585,988,2.492214251719949,0.018477030710430168,0.5300158040336059,7463.263157894737
48527,-0.4880022991004176,1.1348905180080182,988,2.5755762468878856,-0.7120498067654191,0.970434990528822,6880.015182186235
28744,0.10960669884452656,0.5394365751327701,987,2.507151546129963,0.2385651090804167,0.4426880632516028,7911.555217831814
88821,-0.2434834733945821,0.7150837316891853,987,2.4960263999872723,-0.44121735719627303,0.5322711938773153,9057.300911854103
52685,-0.4685498022004988,1.0837027077465462,986,2.5440199922541358,-0.5281478906130099,0.8134304656211906,8994.548681541582
6873,0.0709015008132674,1.166390349727993,985,2.5624007024206423,-0.11998548049644238,0.7415852939868588,9327.984771573603
67604,0.190698455127988,0.9563132853127777,985,2.366044752811557,0.2531878365357562,0.6938418756859678,8758.630456852792
18319,0.11810962264067859,0.9641164619407855,985,2.6402958839125876,-0.18518340626901933,0.6701674046629502,8994.081218274112
78340,0.20646957476811867,0.8992057098906411,984,2.3912577285971652,0.012984925758700399,0.6061488267651554,8800.450203252032
38965,-0.21781904311806022,1.0572552860490938,984,2.5460462716162926,-0.1895366050200228,0.6782217031566229,7627.8953252032525
26863,0.4463069731421023,0.6847522843273302,984,2.479080801581371,0.2926693915173794,0.4815008152743746,8753.78455284553
42640,0.47374599753234614,0.6457126050957387,984,2.607820806968937,0.26035601809183256,0.5132590650957749,8263.649390243903
133925,0.13224226331901212,0.8493754119688929,983,2.518291986628347,0.01666700398766462,0.5162077845061548,10144.253306205494
54978,-0.1264539428580962,1.1920897083088233,982,2.554706629765397,-0.11734581300501906,0.8003650414099582,9745.970468431771
23861,-0.4411178939782592,1.6306359668216472,982,2.5910022730036513,-0.30437182542219193,1.3963071375201674,7841.473523421589
87506,-0.09488571475218999,0.9220914045155619,982,2.3869015471092223,0.0856975096780187,0.5457271889816239,7587.188391038697
37051,0.6785426211866565,0.6446062963137191,981,2.4196648176983357,0.8220425750482976,0.8938328851452314,7649.549439347605
70883,-0.4544849017491237,0.8773372270435815,981,2.4965677644357687,-0.31975922038503773,0.6137407276452679,7891.588175331294
38267,-0.10076420857888913,1.0332768605482399,981,2.3825857584942387,-0.09777779691211573,0.5756177066142848,9085.365953109073
30317,-0.5954302095358468,1.4371245486653987,980,2.499722791653543,-0.5834313630857123,1.179694609506481,4142.047959183674
59154,0.3096718312804798,0.9966250818916083,980,2.457561778296966,0.3023440352121443,0.6638552065549506,9339.98775510204
86301,0.49793713740292844,0.5424629637116362,980,2.473712639512231,0.6176411531722928,0.692774651997266,9242.128571428571
93920,-0.17706286259707138,0.989035383790705,980,2.4271137816252115,-0.10796649655982082,0.6978485328310805,9097.761224489795
73607,-1.0342057197399286,0.8366986448991175,980,2.484533995138694,-1.0216430809860695,1.0563378689734826,8694.839795918368
88527,-0.47196082178074494,1.401412269329513,980,2.5059486458202502,-0.41234644999202896,0.9842608799007273,7632.542857142857
138254,0.2270187700559898,0.741671145209439,980,2.561131669151016,0.3598638079259763,0.5961961975824746,8947.028571428571
57516,0.2822333788821556,0.8268165239351225,979,2.4716635732455714,-0.061939682080872686,0.5970841025437996,8182.35342185904
43427,0.003888128626793108,1.0773316346993203,979,2.561604282785599,-0.21160881850310176,0.7911979654322603,8464.330949948928
94750,0.23116085589952018,0.7250018268461071,979,2.440236148570178,0.4091649817474753,0.600915949166047,5374.91113381001
37161,-0.2713927702496113,0.9462030878504487,979,2.597685673351162,-0.5312013302031227,0.7202933609045513,9729.990806945863
58177,-0.033905538380357036,0.8903463246320809,979,2.31445678024798,-0.12379146615000958,0.5603490668149527,7744.9162410623085
132386,0.47253022617217866,0.8191787783709406,978,2.60716733595041,0.10826495643211265,0.5227706423882769,9371.965235173824
42909,-0.3188808167726065,0.7026905289252583,978,2.522135866048828,-0.18667540742501096,0.4732168290383373,7978.032719836401
122319,-0.18135525440041844,0.9106413599439038,978,2.5279795668499547,-0.33789807241753234,0.5855157993451665,7279.69836400818
39937,-0.12000556114888461,0.8162288060100321,978,2.466150899658885,-0.10488302500943604,0.5229353116953073,9338.093047034765
102532,0.49195762903516416,0.9400272205623443,978,2.5665026448227803,0.34578817247553667,0.6836661312303671,8400.565439672802
23437,-0.17045788693229147,1.1414892176928781,977,2.584647994496332,-0.21304135344251499,0.7544617892380461,8905.129989764586
1244,0.21029953374324561,0.6412323598947129,977,2.5453903946775185,0.3160143239916373,0.5402296572634634,7698.864892528148
68892,-0.0015735471165290171,0.8794345462074706,977,2.5128193586897942,0.031156754655519068,0.6453228988045828,8241.649948822927
91948,-1.0657881887931238,1.121744273163803,976,2.4978298562707804,-1.0368679114936268,1.144957621546687,10348.452868852459
66635,0.18574869645277792,0.868870925731882,976,2.676091559597659,0.00506445768773604,0.5213470322807644,7939.453893442623
65295,-0.6016488445308283,1.3787612395537052,976,2.5086685144236003,-0.9446792451921768,1.2285111431645919,8869.742827868853
130280,0.0443552538298273,0.8186095755868846,976,2.4983991413700704,0.08721430912245454,0.527448408278929,9082.35143442623
61000,-0.1661980248586974,1.0647846206423406,976,2.539871548581458,-0.07129018557758605,0.6734635843374916,8949.798155737704
71138,-0.03782686050392625,0.7942021915385252,975,2.5339340552472747,-0.12272577715375964,0.4853446176717627,9166.459487179487
111982,-0.08346788614495226,1.026801632334861,975,2.562333720454079,-0.2254238414000203,0.7290180372300894,8624.745641025642
106976,0.325762883085817,0.5185700178092784,975,2.46594870783235,0.3467642658871536,0.4554805426322541,9867.07076923077
91231,-0.07859661778292404,0.8150528475015837,974,2.414381002121965,-0.11626171086428788,0.6262360432092055,8362.17453798768
112049,0.20066416250455044,0.8940220974094002,974,2.419313527772955,0.27177446693524987,0.6884370935309763,7381.178644763861
66317,0.3307039851492215,0.8175778294220825,973,2.44513717878435,-0.006591731134663874,0.4903329216067533,7616.497430626927
44882,-0.08219849709778515,0.9542757262900786,972,2.528189701023385,-0.1478647776880892,0.5892806279184472,8887.643004115227
40666,-0.22726022549284686,1.2885135183960532,972,2.4776825964715816,-0.3965662420549214,0.8939003488885215,6840.343621399177
12973,0.00936528891044519,1.0698166163477665,972,2.5119249180248007,-0.05057168656240362,0.7833503001161521,6784.872427983539
111373,-0.11306269462864948,0.8765515592556135,972,2.5620468907699054,-0.24676890254019462,0.7126468390462894,10634.76646090535
73293,-0.8461059278149197,1.1061843974381538,971,2.5125371725671712,-0.9700492317422281,1.082984669743648,10813.391349124613
42152,-0.5860647331702236,1.0576796445918,971,2.5173414688964995,-0.6597090836403258,0.8703043185885202,9121.542739443872
71757,0.5339146695074284,0.943511604830254,971,2.4395017069616443,0.23201946695412687,0.6837238576509007,8311.80123583934
131721,-0.6131348171520892,0.76658359631349,970,2.4988023268804462,-0.6781663792217478,0.7914034858282869,8528.829896907217
1972,0.2729476570747149,0.9640594902789289,970,2.5381520150115353,0.2627209373634903,0.8577876867728796,8891.819587628866
78424,0.13274147150770466,0.9271789610459125,970,2.438113441751061,-0.1871207118653455,0.6078024749074444,7221.276288659794
130193,0.1290890718609221,0.471252783733346,969,2.369835998778264,-0.2706175965880521,0.383332735208452,6085.214654282766
46095,-0.20579224908851002,1.0359042611937601,969,2.547625775252694,-0.5097757082614833,0.7656885908240193,8697.439628482973
115496,-0.6472981467933945,0.8322994917434134,968,2.4746366687287504,-0.624987821283748,0.7896405936057884,9182.851239669422
394,0.5696440019669362,0.974268213698554,968,2.5530185509195134,0.26518815202413404,0.7086770535489703,7056.0836776859505
113336,-0.5703353368760391,0.8556291434511353,968,2.5683935552590524,-0.6623615947970753,0.7397541064341816,9535.535123966942
84558,0.6202638366776796,0.6993255395823917,968,2.4894931882256652,0.4791745613025483,0.6130974276643475,8374.703512396694
24143,0.34409873544442027,0.7491069189035571,967,2.5723108642280996,0.1416983239233092,0.45762745654039133,9357.10961737332
78644,0.07677712220760524,0.7853123471333511,967,2.300473624174375,0.029310118787611323,0.46483660548671174,9091.127197518097
107266,-0.31774200912641737,1.1609130176540596,967,2.3101529004823225,-0.20916846707664674,0.81065377813471,8026.168562564633
83949,-0.3746671216920139,1.0199582063509596,966,2.441049581254816,-0.32292049011934043,0.67434755016567,9748.383022774327
128503,0.05378201421375639,0.8548935548545155,965,2.3614255104242177,-0.024881640630583988,0.5444367737659604,8286.500518134715
64175,-0.5741972603976424,0.9639766398085674,965,2.4685761131661548,-0.7147196585097025,0.8694962382229624,9976.823834196892
3743,-0.43285505499270194,1.1136918341005264,964,2.4987038935201578,-0.33911699495482994,0.7959579271873565,8528.706431535269
68060,-2.096755469930461,1.5291945702429004,964,2.363530037680008,-2.1249504132333343,2.438708762357581,6931.7831950207465
134866,-0.833269992752038,1.0271365122198926,964,2.4203908014132085,-0.8798396032580689,1.055303079307106,9342.90663900415
114992,0.21859722716497432,0.9487924103824488,964,2.511087008872603,0.16921538455001958,0.6228217144905819,8459.245850622407
45919,-0.22590484752382212,0.9662989016351788,964,2.6034320949067835,-0.3443513081515732,0.6756465020742802,8557.217842323651
136223,0.3679748205259705,0.9642870166149374,964,2.313240045386531,0.24580766156469214,0.7073528177311964,5090.310165975104
133703,0.08114909438489137,0.8201814706564071,964,2.4964029857937295,-0.02962853870019181,0.4751301518454231,10227.703319502074
14506,-0.4111569986938779,1.1119059425688267,963,2.597957013141533,-0.5134653786747538,0.831159162888659,7769.533748701973
16840,-0.7289140080396721,1.1477535390915006,963,2.563257495138869,-0.6641239151452029,0.9053478837908293,9740.476635514018
17176,-0.15985897169491636,1.1862639265710577,963,2.5416774370911908,-0.209864520401477,0.674752727565743,8468.290758047768
51526,0.30497286229579634,0.7708049598489874,962,2.501003878341258,0.4973319589978132,0.7832612851445906,9117.448024948026
86768,-0.05625374893081503,1.1633792055481078,962,2.584456270102233,-0.0697525472685137,0.7784881805156436,8182.505197505197
116859,0.31848637580930994,0.8286202565008526,962,2.11409592866192,-0.0025676889657129543,0.6169257831783218,5164.536382536383
34103,-0.45243290655638235,1.25265976131888,961,2.5080940370003866,-0.28681447930800036,0.9266767608375204,9195.436004162331
5393,-0.22714674630664256,1.0724821080131477,961,2.508195410518912,-0.29980385289500877,0.7108299828946836,9340.416233090531
17503,-0.20633509178010767,1.4100662894654212,961,2.5328009319315368,-0.47674045450521735,1.1543837698990538,7402.2081165452655
14032,-0.529956319667725,1.2148545131139366,961,2.5341804550893534,-0.5037261060894407,0.8861590707132081,9624.069719042664
49270,-0.02787515421507125,0.782384149022964,961,2.5107735409150953,-0.02758735249821907,0.43896251235496797,10041.162330905307
96922,-0.02183327076033681,1.202171523211235,960,2.45993317474298,-0.3632836850017728,0.9922927942539184,8401.429166666667
39556,0.038583395906329976,0.8241868576750472,960,2.423286943582416,0.1589182919071993,0.5759794329522042,7954.623958333334
85662,0.3859792292396631,0.8029274879054787,960,2.4420689353118727,0.2394488962881458,0.5154208759476481,9511.302083333334
48038,-0.1619374374270035,1.1456722482909316,960,2.441028818509223,-0.2858347335677942,0.7379178919866258,9541.126041666666
31712,-0.43849993742700333,1.0286793792075408,960,2.4788874681354347,-0.3555144470978779,0.7325081707836674,5897.571875
52543,-0.1306874374270035,1.2459919013085605,960,2.5579037303658265,-0.37464562386384614,0.8409134405171486,6449.555208333333
6166,0.4641042292396631,1.0430221021525519,960,2.422977905609212,0.3205138715044982,0.7889140728194185,7938.673958333334
127548,-0.38856293707941925,1.0644630603458278,959,2.407732345788077,-0.2969324441617734,0.695379398583442,6597.430656934306
128203,-0.5501896315528287,1.1274203123505564,959,2.5453740926904818,-0.5814746737242743,0.8071414852787847,8229.894681960375
60814,0.026974080647379495,0.7489400804455449,959,2.4883131372972764,-0.04464818948339952,0.47983855155252,7964.255474452555
54478,-0.4339226868187307,0.9209390342877289,959,2.468181845111528,-0.4274540757294115,0.7055804985834935,7152.928050052137
35037,0.3319792944117177,0.8634182179257176,959,2.454168573068446,-0.07061287651262957,0.5976165552122071,6402.898852971845
10616,0.32050901286844313,0.8660709635876394,959,2.569629229698793,0.3534210583692514,0.7279989439891413,7205.98748696559
128653,-0.15480560896492968,1.266576981429518,958,2.471304149689283,-0.22312649971805876,1.0118478182266233,6497.022964509395
46851,0.3211860403043816,0.6405445114731817,958,2.52272334232986,0.23248542509466452,0.4178357060229444,9527.465553235908
50030,0.6113739317448825,0.9326810590639089,958,2.528765127867529,0.5587829834654159,0.8537668408767507,9902.801670146138
108028,-0.7998995546851799,0.959873641798443,958,2.5665339231498767,-1.072592475355352,1.1140709760508176,9238.528183716075
67387,0.5664887542918553,0.7524614950245208,958,2.4879356440787026,0.538724407245849,0.6888248878212339,9522.63987473904
119067,0.05749666654373842,0.7992681034465369,957,2.4696327238215225,0.24343832314792296,0.6652509107466144,8159.221525600836
62222,-0.31343891929590173,1.5221901344177875,956,2.4235875912023683,-0.6814265610822916,1.3766499776266496,6239.448744769875
60135,-0.5796523084172405,1.1306059379164115,956,2.5431415810853992,-0.7141890729960614,0.9578238829646366,9909.200836820084
41877,-0.31865918699070317,1.3360488005804927,955,2.5425622436145274,-0.07547902744706468,0.8989215313755495,7833.6670157068065
117015,0.5251662051306485,0.5712185081703193,954,2.4211264212423367,0.7441112401160276,0.8655655765295821,8796.27463312369
88561,0.18872345192873885,1.1900088329678518,952,2.4507233604094147,0.05276666782085701,0.767541335691786,8639.101890756303
41165,0.13042513260100774,0.7444933364409779,952,2.4925491609568624,-0.024519927668314578,0.48214945494037365,9751.07668067227
43657,-0.20926097843646696,1.077801407821742,951,2.542330098007139,-0.2565833563316198,0.690981939643255,9582.915878023134
43661,0.13090726551726561,0.7866656020089015,951,2.2465605902332917,-0.09806934734329746,0.4990244604928144,6577.160883280757
28906,0.1392851502922947,0.7334319783474305,950,2.543599014255457,0.10647549715194152,0.49087913011650985,7732.952631578947
4529,-0.20439906023402088,0.677982118236327,950,2.497688140376216,-0.4635017856800717,0.6429734063553475,11321.782105263157
67546,-0.1865043233919157,1.2926425631953904,950,2.3584857849349907,-0.20495014672184506,0.9526825480821517,8805.025263157895
91954,-0.9476828492640248,1.3631975038233466,949,2.419522078845607,-1.0864517675381098,1.3459488532670152,7964.766069546891
27007,0.27202210331764,0.9867208989093663,949,2.4248249073847976,-0.03953846979720028,0.6081549341008405,8496.068493150686
100438,-0.2717081390427394,1.1024684283457096,949,2.5035156504204643,-0.3308722203755312,0.742928790384442,7937.630136986301
103470,0.15453000637348824,0.9923032487190935,949,2.469596685972068,0.11846566466188595,0.7955845413158562,6878.346680716544
100254,-0.13610014839746754,0.9786846935492014,948,2.5356996418251994,-0.2535568941198341,0.594208014432049,11023.257383966245
91067,0.00894204569535928,0.9593481658217083,948,2.537521623393723,-0.03355662304549121,0.7462138539597883,9816.413502109704
54057,0.42297158156033854,0.7260785191667892,948,2.468577442639896,0.13255855341295464,0.5206083517603155,8800.662447257384
103872,-0.029560064009281906,0.7424508719392479,948,2.530036324521735,-0.10138821125341685,0.46426459108962725,10149.840717299578
55493,-0.5042436083130792,1.1027378923227429,948,2.463304194324418,-0.48189532155458786,0.7681601267451997,9259.049578059072
3618,0.09430321287218701,0.9963174299875673,947,2.3831406920263603,-0.09641600985692614,0.7014625025575623,9966.579725448786
45983,0.015105747191088703,1.0900101679054173,947,2.470429656410008,-0.051051654477756746,0.7282075893011433,9858.810982048575
13338,-0.7234321079696389,0.9487611163836807,946,2.620655963466727,-0.836263004385811,0.9433910794215652,9732.362579281184
103668,-0.2699437358766157,0.9007946671474387,946,2.5784217343530504,-0.1597367241595123,0.6212236865151313,8523.364693446088
33981,-0.06751244623602393,1.0747310684919062,946,2.4929260592547844,-0.21379407950150964,0.7712420791080267,9040.328752642707
99524,0.5264140837370177,0.7091587477392578,945,2.4829119680861127,0.3914486501772962,0.6132276841885714,10482.55873015873
55231,0.014773872096806251,1.0591181401840069,945,2.5437422009694215,0.11428065664556024,0.7051895587106364,9161.88253968254
83334,-0.6344324771095429,0.8919733317403138,945,2.493002008481044,-0.7370002039722382,0.8152500811670159,9693.695238095239
12802,0.0686328309345785,0.6382802815626214,944,2.479856211814672,0.006598757827615906,0.4337571313903936,10694.55720338983
38156,0.0998828309345785,0.7249541579943322,944,2.522020825651078,-0.11837277052313262,0.3914772552944423,9388.340042372882
89454,-1.1607103894044046,1.4006721173887513,944,2.658558224667025,-1.1656175835664586,1.4899071251165366,7903.848516949152
19963,0.17509469534135835,0.5991249062943391,944,2.5635765540838324,0.05390398544004141,0.47846440355088565,11337.530720338984
96618,0.5155010346479347,0.7217273195811904,943,2.5343885394558283,0.4174128443853328,0.6360264383825663,8319.759278897136
50421,-0.37315219971049585,0.852954507116168,943,2.5662533125982696,-0.5075926958354958,0.6960764267223135,11060.45493107105
100418,-0.3243677718219078,0.890221405405177,942,2.461587341376956,-0.3657880525354634,0.6702135137873325,9894.08067940552
42228,-0.010142718743351598,0.8789828465312554,942,2.5466726528114356,-0.21826840935036207,0.6692322089764862,6219.646496815287
81380,0.08168318359210502,1.0847851977268035,942,2.6365548637109266,0.0200091845605759,0.6815275701161917,7899.3121019108285
111912,0.38688488210590544,0.9163869757444827,942,2.4735664227531693,0.2453375724537493,0.6229907783383194,9846.89702760085
94685,1.1076234242449767,0.6423529346115461,941,2.422120630420162,0.84447621749112,0.9298626554275213,5806.394261424017
56083,0.9349347951270173,0.7716058335959068,941,2.3645784123249336,0.7774735469193998,0.9259654039618769,8067.409139213602
100801,-0.5491247160313248,1.331302105916096,941,2.524084710275369,-0.450035777997224,0.8700521974018839,9080.889479277364
19305,-0.21106199416459193,0.6873477444529413,940,2.424707220522279,-0.3623160669995043,0.481039825372167,9166.793617021276
25192,-1.0679768877816134,1.325049073522773,940,2.5902870073446103,-1.2854259487504462,1.454696677591562,9329.67659574468
133410,-0.34191305799437943,1.2557939046492317,940,2.5674958210979946,-0.22651420560849547,0.88118677195217,8563.909574468085
61053,0.4761720483885994,0.8122353611611343,940,2.5423984388391765,0.3662085096555019,0.6728289974719464,9935.097872340426
30614,0.3229805590268975,0.9096857443842365,940,2.4433852900120128,-0.07305762058655872,0.6166412551886028,6169.581914893617
98528,0.1846826866864717,0.9723804593533899,940,2.5601204103431665,0.22690723130023954,0.6411067830024628,9515.952127659575
65297,-0.4196700652225305,0.9727763093618728,939,2.445857366979636,-0.4388887316143069,0.6823253909804721,8857.69755058573
134857,0.34816806044307125,0.9313197668866773,939,2.556018896453198,0.3305581910732407,0.6717099625100567,9783.549520766774
86935,-0.1699363059041068,0.8750663549124948,939,2.3860727006564133,-0.3072594889843971,0.6562742982508822,8126.838125665602
27210,-0.1880406722512844,1.0833270233627694,939,2.5657328361076153,-0.24038881757807218,0.7077416596002178,8063.997870074548
135984,-0.3621620780020831,0.8797105783562701,939,2.510162456638187,-0.5633080982306192,0.7609617236758661,8594.788072417465
72659,0.9030136408477571,0.42678443920682824,939,2.4764018237878256,0.5093866558411708,0.5559436876726331,6957.825346112886
12618,-0.6736636754461727,1.1261616408118704,939,2.5683917447007314,-0.6008617151282388,0.9042751200991476,9124.4494142705
88785,0.3920659829710065,0.9807589568194179,938,2.491791357763299,0.13575503054664823,0.6482559453080855,5996.756929637527
26480,0.17724721964478052,0.34024497977562107,938,2.5237793124484402,-0.00976274366664409,0.42779797102849454,11456.949893390192
74707,0.2401470064251643,1.2903604777338267,938,2.4437474163210435,0.028079826581223866,0.9634963798689593,7790.267590618337
77560,-0.0052444233750645886,0.8113058276695881,937,2.382802855470252,-0.14511478242356055,0.588938961254585,8835.361792956242
58987,-0.16906512775073157,0.9243883960337024,937,2.496674867067963,-0.24762850892478874,0.6156609223367795,8871.043756670224
117789,0.42832698564991967,1.214203613677247,936,2.462258604097913,0.1657172105777146,0.9597549727131403,8463.479700854701
12490,0.26700219932513347,0.5082605264434056,936,2.5269391666986363,0.330949198961666,0.5416913579808892,9101.173076923076
21349,-0.2778695955466617,0.7934490857139327,936,2.544173195659301,-0.23509198083751498,0.6003251083202162,9681.457264957266
80844,-0.2901559203329862,0.8404248855782901,936,2.4319864272630594,-0.23911487327609027,0.654183495382007,8933.11858974359
50570,-0.4323613456266471,1.1605963207799057,935,2.390076129581293,-0.387443351691604,0.7041668555302218,7824.532620320856
26885,0.21416271854447633,0.8482765519506938,935,2.4864786170035447,-0.01534771217680717,0.5334410358581249,10117.229946524065
49562,-0.13450038305980216,1.0592518355418215,935,2.507076109214866,-0.3194844022111679,0.7229261133534884,9472.702673796792
134657,-1.0339656237015133,1.485337922553091,935,2.5670427072484,-0.8088827445710012,1.1386825587838367,8115.990374331551
76997,-0.20936669322022983,1.2956121220347683,935,2.4818147780289417,-0.23444717585186078,0.8040047596687121,7547.4534759358285
50567,-0.4148070394969534,0.8356187576762643,934,2.591847548005432,-0.5881689616655739,0.7061281072706113,9115.919700214134
5725,0.2737388085537038,0.7461107329485313,933,2.544526185247941,0.07525814697978704,0.38650397919024937,9135.780278670954
11517,-0.2567313394298645,1.1605792733815845,932,2.5634638486601964,-0.28794321893794617,0.7283823125387444,9351.44635193133
117987,0.7497064288104789,0.9023839097054486,932,2.5688788255641932,0.5629386849503678,0.822242233592501,7927.744635193133
64949,0.15904119275897655,0.9599081888396009,932,2.4577971260410267,-0.22673611026481388,0.6528955099206666,6957.153433476395
108403,0.15421286657871924,0.789606141378591,932,2.5209718512480634,-0.07447177638891492,0.5927978478556781,9283.442060085838
72838,-0.9917098802023969,1.0573241777339222,932,2.4422686712617807,-0.9338301869325542,1.1442245305310499,9706.143776824034
91709,-0.4983303169472326,0.7323300883190546,931,2.5777414995903123,-0.6309898519430964,0.7653228605512717,9328.354457572503
27073,0.1751390708078695,0.7759768959087564,931,2.562282811291933,0.1559843335634507,0.49596583202356864,9435.214822771213
77525,-0.13205749202779105,0.9166766150279185,931,2.446533378818437,-0.02379161395250161,0.7230516080117265,9462.575725026853
28651,0.4375081270891257,0.7690171860459267,930,2.568057433781723,0.43239953336840337,0.6292078523295475,10670.603225806452
130110,0.05309952493858816,1.084741365911734,930,2.608607177319715,0.06262353302358782,0.6812872181766536,6798.766666666666
101452,-0.21613493922104698,0.9775813384008318,929,2.5266718275289466,-0.27613170712860996,0.6854692036296335,9421.531754574811
52698,0.1433914332224404,0.8333654244467436,929,2.5092282053626516,-0.03780288455092262,0.48635429570980965,9757.56081808396
31753,0.032519527947951765,1.0505530473077862,929,2.5317365126362628,0.005109360388658859,0.709408496620176,10360.528525296017
47634,0.4517875580878874,0.742225207843888,929,2.523692059493831,0.3465066841501029,0.5722467635894692,10390.62540365985
57056,-0.05814792593275042,0.7612027019974719,928,2.5081919335969602,-0.15765125377727582,0.5638004216628744,8971.646551724138
93365,-0.3555617190361988,0.8025373055673881,928,2.485157419947806,-0.6090121939804733,0.7176236554248042,8356.644396551725
91020,-0.03875137420861252,0.8536768534993201,928,2.4466219433177363,-0.03265525917556626,0.5190788934304339,9228.863146551725
127141,0.04691672923966328,0.9237370748147284,928,2.4811564600345757,-0.2661968589830752,0.6503849092986411,8249.684267241379
61062,-0.16536775351895727,0.9953668055336723,928,2.4863418806479625,-0.32287961135319965,0.6694292784682557,10242.60775862069
55410,-0.24403154662240567,1.0820911302428304,928,2.589796999489687,-0.18609368863271641,0.7987679980393572,7429.478448275862
75618,0.5435456397035252,0.7324061947212694,927,2.5775217270354207,0.3533936085675613,0.5639803385831506,9536.611650485436
86913,-0.2902862945184359,1.207041102249868,926,2.3663653373145834,-0.25134004222090295,0.8446746768573331,9033.92008639309
76104,-1.0451459057495374,1.0807256873081867,926,2.5277677016519413,-0.9797170063266737,1.1101024102660697,9127.15766738661
95262,0.5248897022126364,0.6315173820364754,925,2.5177362110505497,0.2802858340600539,0.43659149745167075,8927.225945945946
127322,-0.2578130004900663,1.1817664306333535,925,2.4519316676741676,-0.16558170740378905,0.8127008284090615,9056.571891891892
100492,-0.3167196343967005,0.8520771140300147,924,2.4683081349177316,-0.38858807906201775,0.6638738153774173,9322.819264069263
126474,0.42462235694529094,0.6376106841485188,924,2.4955047859598753,0.2562873926304751,0.501980014139188,11029.623376623376
43180,0.2704015777245119,0.901448142019051,924,2.5796265555590967,0.2587406762817162,0.628066161694525,8769.991341991343
76959,-0.6733213659984321,1.8305429182445474,924,2.5720496973079063,-0.7690996953386864,1.6453874572727554,6988.871212121212
20028,0.16217646949940345,1.237904573507974,924,2.5792015646385917,0.29225284650964634,1.1384466369859725,8505.40367965368
104725,0.03230633962927376,1.0275143617158065,924,2.4579578543458127,0.13460855379017375,0.7581272440845404,6963.951298701299
97744,0.15622408854702252,0.6412359888542617,924,2.5430589159081625,0.14441631841272123,0.38930617807601564,7887.29329004329
105308,0.25371521244659734,0.8852700450271805,923,2.4366434652570237,0.32787422741240824,0.7762758069842006,8474.814734561214
5784,0.11016158297747491,0.8380071111211698,923,2.4507876370450616,0.1986012127770506,0.5374259132366669,8337.967497291442
122679,-0.22299117975275262,1.1364623665564055,923,2.5150971045908657,-0.298436182556102,0.7875602418760342,9022.686890574214
99208,0.5173614147060408,0.8587708483065487,922,2.541947193530414,0.24362910208715516,0.6654746010216983,8584.816702819957
52135,0.380928672779294,0.9368745454902876,921,2.355009828922787,0.12901731778667508,0.6665439894049952,8328.693811074918
108123,0.19200359134606915,1.1237932624796247,921,2.321198496391845,-0.036630870363068,0.866320287600535,8124.85124864278
136877,0.6578016369486752,0.8436569618915395,921,2.499719236409915,0.4942481240175626,0.6593880984464894,10378.155266015201
79902,0.4137645553266198,0.6555520468026064,920,2.549499893897038,0.5027050205668568,0.6983228382950882,9716.869565217392
100669,0.14637325097879383,0.8719106683365913,920,2.307309967084855,-0.0035499005300228454,0.5963435647801558,9174.951086956522
115087,0.3990906422831415,0.856721902389991,920,2.5982574174612827,0.31895367596425583,0.7377953909661714,8665.436956521738
52004,0.3246341205440113,0.6200259801164005,920,2.5356089055286133,0.15618674944841035,0.42527593816047965,8837.028260869565
27854,-0.09467739480821491,0.9012726656644666,919,2.5439572526760186,-0.3867312501865143,0.5604171966133858,11139.450489662677
61394,-0.15561319459058698,0.7357309978706702,919,2.5142227081926825,-0.2910799939731191,0.6009683350868652,8375.844396082699
14519,-0.36888849382888944,0.8795793979842361,919,2.5331469355146985,-0.45554130640345475,0.6040367080465191,11664.032644178455
44530,-0.3324358278876489,0.8638103949617013,919,2.5865833251727555,-0.4251964826823445,0.6052702298600774,10720.379760609358
98211,0.3057578609045164,1.1141482384195767,919,2.5190993131871444,0.14810032032223203,0.7309075399073582,10259.41675734494
6630,-0.12133680721300255,0.9949316942243421,919,2.464632248709959,-0.248637822531153,0.6800433892027015,9757.908596300327
114096,-0.5927891531132778,0.9690839700972734,918,2.5238457062896003,-0.37683636477379306,0.5844098434369407,6420.5446623093685
67185,-0.054118129148136074,1.0148019918944948,918,2.6110921724609804,0.016848626502322116,0.5564965509507208,7505.470588235294
94827,0.6522875035035671,0.790325422124782,917,2.471880906433362,0.42415182005124147,0.6581093874011741,9891.825517993457
1411,-0.026011296932637595,1.031610679019652,917,2.466660946506687,-0.10194448098078791,0.6144977866005202,8679.659760087241
27267,-0.07235807992064203,0.6905336544231057,917,2.5179254096540107,-0.055875477611050876,0.5623431298753099,6150.045801526718
13589,0.6593758350193797,1.2117987008548587,917,2.4036128645907886,0.8175015165031461,1.2772223710702084,7332.639040348964
3971,0.5339668928165442,0.9517848928182377,917,2.5182067661888508,0.46219194163749455,0.8629468038444655,8415.123227917122
79292,-0.6290647320471416,1.012438534812778,917,2.5601989129948843,-0.4463615600873059,0.7770101981289899,8611.833151581242
61495,-0.55297410045466,0.884086691273149,916,2.596985542672288,-0.47995788181726995,0.739591585581319,8429.626637554586
115176,0.3989909650475236,0.668795964828178,916,2.6007037193865528,0.23871090972675543,0.4851239310483329,11525.18886462882
114009,-0.044240476000511286,0.8536010978647439,916,2.442854853306758,-0.04042701734463578,0.46168832298469076,8094.411572052401
16924,0.11951498251477233,1.027748728703732,916,2.4942940645511302,-0.2031974558412123,0.6986486618410899,7850.977074235808
21057,-0.2953321790572798,0.6698156236390266,916,2.4956888534137103,-0.43837044286641924,0.5340236908125363,10941.48362445415
42935,-0.1490439694502932,1.1426350308625515,916,2.5787568664370566,-0.0928137214649645,0.7250711033492168,9655.478165938865
48033,-0.12338894761623198,0.995272878752783,916,2.527156707167248,-0.05063796343478117,0.6583811207166274,9346.492358078604
20180,0.4830521004187025,1.2437060865582537,916,2.6021086475645197,0.21137189437506176,0.9350571398600591,8221.83406113537
79713,0.1970533412615212,0.8314929876660075,915,2.4696335245404573,0.03470636062645343,0.5932742310494871,9804.212021857924
114573,0.2894030680374775,0.9379666416056739,915,2.4470331834073487,0.28585229598484435,0.734511135975132,9557.073224043716
24718,0.49686202464447726,0.7055493127419173,914,2.595862519780844,0.3799364833108222,0.6603584802672406,9448.844638949671
10012,0.20856880801428046,0.9798194590617315,914,2.5349462714225,0.26190573983065935,0.6659453781091328,10069.746170678338
74136,-0.5720657652898771,0.9973084828622237,914,2.6001336388249623,-0.7421850732913428,0.9068314870616883,8524.721006564552
29673,-0.37895854428331255,0.864528120775358,914,2.5364167406162714,-0.35194281118357784,0.5868058555734885,9009.95295404814
30626,-0.47961499942554475,1.0353885331868617,914,2.553571259751113,-0.4532756066862882,0.7535725700324575,6896.251641137856
125025,0.1226286679034092,0.8524873547191157,913,2.5457292405315775,-0.13363300885996882,0.6090380586257574,9293.442497261774
132185,-0.3790701128656,0.9547265928031985,912,2.5299399384646026,-0.19152798544105168,0.5387460534495103,8173.027412280701
100371,-0.12742537602349469,0.8907252347147144,912,2.553702731871189,-0.36933518795058834,0.6015563153206076,9048.755482456141
69645,-0.033675376023494685,0.7767911423824404,912,2.5494933357015563,-0.09971455599391764,0.566284521036025,9618.305921052632
6964,-0.007907832163845274,1.1716130023883056,912,2.4579598277915196,-0.13926192418422192,0.8795017405782863,8174.554824561404
35004,-0.031156816314672486,0.7140131082556761,911,2.475785619224529,-0.051720928193851295,0.39449692283751553,8896.87047200878
98213,-0.6595871126922797,1.5099981223103651,911,2.518628287984944,-0.6826897868965535,1.472700048266952,9654.98682766191
115982,-0.016337935963410377,1.2926097313156635,911,2.571495419088466,-0.03830189349967459,1.0267335086727647,9471.299670691547
102001,0.1340046413275755,0.6169070381290084,910,2.4079088624672034,-0.08513045282714878,0.3876526365928785,10725.592307692308
71121,0.2851035424264765,0.7738448278871538,910,2.5143392924728487,0.0121793209779305,0.48242805833692604,8449.447252747254
72517,-0.20280854548561145,1.3581513196073716,910,2.542298797557406,-0.4078713790953345,0.9523346367924538,12662.27912087912
130716,0.15103760836054247,0.6938384304363534,910,2.5172032886678286,-0.009231824060546677,0.4263345075321801,8394.623076923077
33319,-0.09816027846110664,1.0298122741813054,909,2.4527943337012177,-0.45719946772431835,0.7795887673669833,9216.611661166116
28771,-0.11906236867012776,0.8361241269871481,909,2.535372441080435,-0.2109887813219127,0.5613203914957564,9531.796479647965
10460,0.570706608227562,0.7688086991786027,909,2.4999910744938325,0.14567318802653162,0.6081869150741888,7012.289328932893
92636,-0.4144419066239231,0.8019599113624684,909,2.5198671253792964,-0.42666313114562865,0.578388507724685,9448.820682068206
5314,-0.2961449447691473,1.0947775136304583,908,2.50594555358244,-0.18335459337597937,0.8082491898459707,8789.987885462555
28456,-0.25484538529778167,0.9171162323832931,908,2.3071979860328287,-0.5947227304011613,0.8941291401747483,6054.300660792952
77156,-1.3401978082052706,1.0367379190404404,908,2.5514821675828827,-1.3097849825715036,1.3586788564291394,8776.871145374449
101171,0.25396518738944307,0.9377759879645634,908,2.4838006706653264,0.10877165773126872,0.5916360757517252,10426.996696035243
19228,0.840418931882835,0.9856853977882621,908,2.517217245102362,0.6144811992238094,0.8014923071622049,9028.862334801763
42871,-0.16398635446077714,0.9488283028343428,908,2.540277956229047,-0.17105565443517312,0.622384636579414,9640.810572687225
89848,-1.0844228517967203,0.9276540276055054,907,2.4321849924444945,-1.1086000738982684,1.2305269034924273,5901.636163175303
63132,-0.25862351331822,0.9368139345635481,907,2.397613845335245,-0.4768014789644823,0.7114909954721187,9213.342888643881
109702,-0.17317698630609213,1.0503261697928088,907,2.5084594057178133,-0.2282354022809678,0.6384443809270623,8340.307607497243
64882,0.0035944334339239603,0.9975554927942628,906,2.5830216834038597,-0.16413589959827649,0.6211372732064422,7679.483443708609
9815,0.06926772261714653,0.9005545513026625,906,2.490718881223997,0.02047639063319938,0.5226710281045204,8331.050772626932
135015,0.7033736828820474,0.7872277933974697,906,2.5762305935661813,0.5988889718198073,0.8049559709126547,10589.134657836645
21840,0.523461983102798,0.9321055809144823,906,2.3571636532050317,0.21671394676784103,0.6444621740873996,8653.263796909492
66825,-0.44355288402000514,1.1493473645493002,905,2.57856100658745,-0.4754515938756495,0.806243149550907,11227.05635359116
80987,-0.5092987403735965,1.1840013262105706,905,2.49486083188688,-0.4676666989453859,0.7572768346293498,7128.596685082873
33690,-0.357365038716138,0.950066388661407,905,2.506601110506126,-0.34450016794271265,0.7086582602663987,8098.22320441989
13892,0.0890438010628678,0.8114804906533465,905,2.441845264907599,-0.08848148560577998,0.4587360743724906,9576.216574585635
98999,0.5568724814520527,0.8829850950019873,904,2.410561273210983,0.27546294989233444,0.6310638293051563,9105.382743362832
6314,0.4241291186201943,0.9829642916681243,904,2.609452411721599,0.22627275264274332,0.6181425699557277,9653.080752212389
74356,-0.28604787253024844,0.7101562341692208,904,2.5015639788239405,-0.33550477844254506,0.48252643555277014,10954.237831858407
125456,-0.2960036247426374,0.6771624156515783,904,2.5196381070859744,-0.37767928380002447,0.5161334198873249,10138.924778761062
65919,0.35131872259514507,0.682321000686835,903,2.395972050965054,0.04757440306618555,0.4839662847890018,9021.595791805094
12653,-0.10493819877805555,0.6744351894947298,903,2.4421688534015233,-0.07981506874571251,0.3496634315077889,8102.982281284607
70303,-0.24336566278691496,1.167876150959545,903,2.46471699662859,-0.35640817768637506,0.83050449005876,9911.913621262458
106680,-0.1706553328445941,1.2148019906961345,902,2.506068369130697,-0.0776225379792389,0.9144811177092502,6922.834811529933
16551,0.3703646228095079,0.8411436028080745,902,2.434663981295346,-0.06521299701928437,0.5894440017642324,6281.467849223946
98909,0.44131805961660353,1.1797568725236656,902,2.444293354944654,0.25025558209778376,0.9074160647640198,10063.50554323725
26277,0.08368143512201609,0.8555279683184893,901,2.5784798037973076,-0.10563594641804526,0.49482207039372716,10847.485016648168
298,-0.13496451382359975,0.8846828284714415,901,2.4573171273969794,0.09017774708406542,0.6576299285587239,9052.539400665926
42366,0.2618168402274548,0.8619861374304166,901,2.554221174385315,0.12138099965821414,0.5976868634937189,9237.670366259712
5157,0.4943362630909398,0.5553648704692605,901,2.477427247337555,0.6287820220515781,0.6903891639448381,8662.88013318535
45112,0.32951939294665555,0.8851367890229094,901,2.4379588151578844,-0.11169525180815565,0.6206397124997073,6276.892341842397
3171,0.23525006257299674,0.7788857161632624,900,2.5264629648766213,0.06236751160373852,0.440300383890414,10413.806666666667
67825,0.25802784035077453,0.6407347604483603,900,2.549535324282171,0.21950964221875424,0.38540622113809814,10424.98
90381,-0.2986388263158921,0.9556166859809823,900,2.5161281793412495,-0.3271998074850521,0.6722241712355517,10020.76888888889
82764,-0.46141660409367,1.043545765255374,900,2.561759386300451,-0.5511077524212296,0.8125273802922585,8939.577777777778
34620,0.5213611736841077,0.8676933751911657,900,2.402296124915486,0.2592952862835422,0.6699865362919712,6983.597777777778
70391,-0.019194381871447952,0.9143698261449147,900,2.4458033210674817,0.13136928821488467,0.6029528057529885,8690.896666666667
93359,-0.08974993742700343,0.9445867668869681,900,2.494981951397061,-0.09399551337391311,0.550001914075443,10851.527777777777
135819,0.5362103888614653,0.9622286598549064,899,2.509887122250785,0.37349303840744036,0.7938459236749447,8992.085650723026
73948,-0.13954044539882382,1.1231478151113221,899,2.545721472644348,-0.1744314285835357,0.706200893160244,9116.050055617352
85558,0.22975877595823935,0.9473866372826987,899,2.575484424361344,0.23232321991399876,0.5768787075431829,10135.790878754171
94520,0.05220626153364982,1.0857242930377449,898,2.3996208718753427,-0.21787334676735765,0.6868000920465314,9626.68262806236
30739,0.14296349984099965,1.0869383715055316,898,2.5484661720131663,-0.13533344392439123,0.794709984234771,8274.20267260579
101242,-0.39434162265343264,1.2686985528118002,898,2.491605535764894,-0.6243385736249839,0.973355462890776,10609.426503340757
42726,0.14348863559417824,1.2819684760843977,897,2.551570725879204,0.02853412870321737,0.8230126427851945,8870.715719063544
14457,0.20145965008693212,1.0030462044028212,897,2.361428082644418,0.13072483741015747,0.7308799244719727,8076.4648829431435
78437,-0.07473505647462231,1.0429277415727607,896,2.614449072709336,-0.1639667424228057,0.6906628512775929,9617.707589285714
95221,-0.23991362790319393,0.8102241901031171,896,2.3208833965798914,-0.15393326584723746,0.5848364233985489,7782.901785714285
101282,-0.3520788064746223,0.9173888716784661,896,2.3019369958534717,-0.4216970678176937,0.736117859221018,3347.0792410714284
100273,-0.3554270207603367,0.862036097006325,896,2.447368382935338,-0.42887926046973457,0.6747364897297844,9524.089285714286
21186,0.19814440781109166,0.8506544634932409,896,2.401735561627603,0.010437238263172383,0.5558225888952465,10446.44642857143
60911,0.05795024879273569,1.0305053054485018,895,2.5540160566978845,-0.08906398204258281,0.6746674193636226,10032.070391061452
65387,0.43001728789888105,0.48567715009788553,895,2.4802237252551733,0.196091719748392,0.35057656642899837,9503.656983240224
43217,-0.1839491925480461,0.9358069075042552,895,2.46285134646837,-0.14809552657547548,0.6827106515554457,8917.117318435754
75153,0.10543628231228919,0.8309548249079682,895,2.462026396706941,0.12937965201793664,0.6326350962532429,8697.85251396648
81343,-0.7430720850780101,1.444004925143576,894,2.4412165110510555,-0.6089106782447303,1.0596562420735274,7435.319910514541
123334,-0.28837409850082896,0.7417635264761193,894,2.520568436995701,-0.21716016088882634,0.5287935315633838,10531.119686800896
101768,-0.08535396427264086,0.9302841505556809,894,2.5062999173341707,-0.23319571405051334,0.6011087053358856,10645.209172259509
67022,0.13724111402713524,1.0731504080752545,894,2.369962685381654,0.03820802691463465,0.8734575268988138,6362.140939597315
69426,0.7116703686573564,0.9993488607670741,893,2.437501083963197,0.5118567245331394,0.8131302486225281,9996.413213885779
44576,-0.121476327871199,1.0098344995142232,893,2.5136355943097346,-0.007040277033541825,0.6944996364723313,9143.459126539754
132639,-1.232791790939709,1.0519076915240093,892,2.4837700228712287,-1.147537537312697,1.2440197622899134,6054.072869955157
92362,0.16967457677329545,0.6750279669103987,892,2.4857698403265474,0.20477817757652028,0.3936838557203647,10238.171524663678
35011,0.20218578753562744,0.8173090550013593,892,2.5165635312898513,-0.1126419366949053,0.5507028390255777,10661.396860986548
48821,0.33951762610064984,1.1207629605881682,892,2.5034688503267226,0.16278379290986372,0.7634732480658956,9249.554932735426
81462,0.006557984845044551,1.1458506537787556,892,2.4668335543034594,-0.1431496703064091,0.7235339762372939,6663.418161434977
58650,-0.3706841676213233,0.9189250819880339,892,2.354920122230636,-0.5374059565601633,0.7515007063231265,10020.568385650224
60444,-0.3757290106706508,1.0619027963434047,892,2.5137162919208977,-0.4890689784520144,0.9505047027201793,8342.014573991031
94890,0.1321185229616364,0.862185490520526,892,2.523315248583816,0.07453843490714374,0.5994198631753922,8631.57399103139
15682,-0.053111329121728446,1.015404869878829,891,2.481309945035954,0.029449425718278546,0.6442686575638052,9995.962962962964
137501,-0.23482484379404456,1.1825786159317968,890,2.4716984961953536,-0.16192283429544896,0.911552573716033,8780.778651685394
27463,-0.08370124828842673,0.9975204975255051,890,2.3619975003689624,-0.2866394702959209,0.733747011008681,8830.375280898876
54817,0.3427032460935959,0.6032723376956702,890,2.5104441210188146,0.2178854474408801,0.3772382262296667,9994.91573033708
72834,-0.5061731584007862,0.8736376202829556,890,2.4127349815833052,-0.3429441205954451,0.7736561983504979,7305.983146067416
65182,0.239970722490507,1.1028897001854447,889,2.376625143726961,0.1726974984265618,0.6818007671285383,9455.303712035995
45461,0.3884521623105295,0.7519246544445477,889,2.5525924977788095,0.3043626640334351,0.5066696232650874,10036.848143982003
75506,0.12354777535889827,0.9368699895040149,889,2.572289467447854,-0.008731982392157826,0.7178627369262415,11475.001124859393
14430,0.2905893951564238,0.7195234547712611,889,2.47782684092478,0.09979209374920224,0.6043947201111549,8268.799775028121
74967,-0.26059170720578084,1.0310224666741534,889,2.5263409248623065,-0.47389432904601325,0.7316683607587282,9988.421822272216
18496,-0.3415815834712479,1.065605831706532,889,2.6032719502657704,-0.3422194093640772,0.8087350469797262,8383.797525309335
105756,0.3406456381260523,0.8504044239711662,889,2.5270257194460792,0.36182322118218946,0.7286243291996473,9823.876265466817
128354,0.009754567077500997,1.1379725680158275,888,2.4337990018322793,-0.09842580312478581,0.7688575530312035,8006.221846846847
113050,-0.2931733608504268,0.8618939010820456,888,2.5081938084225004,-0.3099759311364574,0.6123083928493525,10203.316441441442
119445,0.2991689814919156,0.8076721288687652,888,2.4657037644349526,0.20164408221143662,0.571155818516707,9069.664414414414
79175,0.4562635760865099,0.563801340646652,888,2.521217255348679,0.23472418552065255,0.44915267673607395,7713.768018018018
129033,0.09421402653696065,0.9248166359063058,888,2.3218656780214295,-0.18768347083110098,0.6569949505083945,7920.966216216216
80361,-0.03529047796754403,0.8628456850997371,888,2.5124475865854667,0.06543952999109359,0.517355377247602,9257.51463963964
60441,-0.8658084959855619,1.139377292375042,888,2.5667445635898805,-0.946665609410467,1.0931053484556312,9737.81418918919
116,-1.1158084959855619,1.1586332017635304,888,2.488241401612331,-0.9543286210084638,1.1175493313357443,9996.95945945946
33803,0.37259316666920084,0.4712736622335893,887,2.5478598614648105,0.17198702484321624,0.3668223633091994,8970.751972942502
39734,-0.9932467431391419,1.4595963878616616,887,2.576068142950603,-1.0289620256304044,1.4292665257065087,9329.918827508456
34124,-0.2880155506700435,0.9037446241562344,886,2.478537495916263,-0.38407047882259193,0.7209282856320373,9952.23250564334
34770,0.3982146976369543,0.8845039193982661,886,2.5629728357820225,0.40262233751277715,0.7199180979368844,9438.590293453724
57653,0.10137496851731553,0.9338826914045032,886,2.3915901188443516,0.06349953737801106,0.6799992779794811,9042.844243792326
121381,-0.33824128430435474,1.128174655848798,886,2.540583946533333,-0.3658942765099836,0.6963976168490507,9856.10045146727
26888,0.22609280147442634,1.0233983206141466,886,2.4803209461237596,0.3387565867495838,0.9091735477675112,7730.897291196388
43081,0.4555325484487027,0.5962860444520672,885,2.518698641407578,0.5009481471991786,0.628067468178968,8092.237288135593
99171,0.5041201190701718,1.0055458229363265,885,2.4202350747162713,0.3319081419629558,0.7237595304188663,8069.438418079096
71010,0.030673791386556015,0.760183230448826,885,2.5511168871109797,-0.0699059189282266,0.43891234307739363,9569.94802259887
14437,0.16060451204509318,0.634410470698494,884,2.3753695570831184,-0.002022988048431068,0.38598509077575205,8987.222850678732
84111,-0.5860018227965358,1.0921290365809868,884,2.485544057311862,-0.5596561973815366,0.8713623994576569,9727.002262443439
58265,-0.17084345175581195,0.9855373554571898,884,2.4207938966959284,-0.2278621307470278,0.6561543476442229,8974.528280542987
116287,-0.015866076190201195,0.5466132256525258,884,2.456259559502678,-0.26963895087946904,0.43168284831259146,8778.799773755656
3864,-0.0639429992671241,0.9875058935021092,884,2.5711605169808545,-0.2461602453499533,0.695705426107594,11134.99886877828
125969,0.3087945572939619,1.139449004952497,884,2.445351526332196,0.0802182779491038,0.8412229718470136,8468.553167420814
6978,-0.12616019383725963,1.024726425811677,884,2.543904027625488,-0.2412028844032102,0.6580396226614937,10886.220588235294
37890,0.3987266839907946,0.6878451293273042,884,2.3266440540802766,0.1815363455345739,0.45457910979723026,7275.126696832579
121733,-0.10297014858839093,1.2859562405647968,884,2.5177895977069435,-0.010534383739194934,1.0498427377755253,9870.938914027149
70282,0.8144506658912474,0.8108415465240645,884,2.614454926585472,0.6416259955644391,0.847261144222606,8398.141402714931
66179,0.03205262957941413,0.711085516584078,883,2.518449076755808,-0.22865101855759445,0.43370769490009775,9590.608154020385
10937,-0.6797253998656596,1.0981148136201702,883,2.5913104905505713,-0.8736337534228973,1.012701305530612,9999.637599093998
4150,0.6809767518897201,0.9582719707173868,883,2.5898763785629626,0.35054577602471604,0.7155122893581212,9964.431483578708
70350,-0.3224207566040511,0.8571241316930903,883,2.5176447790044603,-0.2764516935474128,0.654053795619621,10442.146092865232
44341,0.7534569330901726,0.5755103279300496,883,2.490968509842167,0.48861057654766316,0.6085608270137964,8062.736126840317
9720,0.255721938752687,0.7137286831951349,883,2.635249165588352,-0.012929212121936495,0.47164139641020064,9941.25254813137
79601,0.2575176362691418,0.8732284687249289,882,2.4032973056473876,0.08314027761739584,0.5559496634699234,8918.583900226757
36821,-0.18976127529548403,1.40581115841134,882,2.5189531798021703,-0.3475426967804115,1.0035847106346578,8857.752834467121
87042,1.074977953729459,0.6480230432467263,882,2.4865773394940818,0.8447123794626276,0.8982450678564353,7835.734693877551
71791,0.5908509696024749,0.8823877665018506,882,2.583228848900985,0.5782446749619237,0.7786220094722309,9483.044217687075
15753,0.4848418993076904,0.7305034206049814,882,2.557260424401446,0.513404827342256,0.6887827513487182,10106.6179138322
132947,0.06351718326917499,0.7521921322494509,881,2.5406159307045155,-0.1617177226266894,0.6127011371067396,9180.147559591373
23646,-0.2741672662200414,0.6946949868502921,881,2.591987708902671,-0.3626800466242944,0.5645812647890404,10024.06356413167
36308,0.029464969875304448,0.7013560762419899,881,2.5091676420575473,-0.19904067967074252,0.4267653522932387,9795.00227014756
12950,0.07657053173682549,0.8676581067669246,881,2.3940002014442627,-0.06918190651712278,0.636492404669904,9401.424517593643
136819,-0.41888917314399166,1.1799631772997428,881,2.423161063438425,-0.5728323179527319,0.9820472835981655,7597.870601589103
100358,-0.5667196343967005,1.2141966279132506,880,2.5763201173711043,-0.8561123411803001,1.1344248387845977,9602.626136363637
74208,-0.09171963439670039,0.9464239403666633,880,2.583213330309227,-0.12757631595681138,0.6142372319572249,10342.467045454545
56218,0.11055309287602677,0.7714961629889485,880,2.510810488515945,0.05669744252423561,0.48837315926212443,10346.073863636364
26067,0.5520303656032994,0.6215709012267516,880,2.518401018687319,0.42134346539849066,0.5684798435995249,9831.536363636364
10026,-0.15649236166942782,0.8918093818320325,880,2.5074007513929275,-0.1568797889924039,0.5252493655065396,9918.014772727272
95238,-0.2558420875976517,0.8592009616857375,879,2.5571306671314185,-0.49714033971088106,0.6971008269923913,10290.550625711036
117259,0.3220873777038271,0.5674117739240345,879,2.3567100970621495,0.21629620417923814,0.4290319817697806,8111.947667804323
45406,-0.3553870250265483,1.2714423812398143,879,2.4977148752095237,-0.18385618891397104,0.9038869292156417,8062.180887372014
30707,-0.0857624516477089,0.8429566589383646,879,2.204772480520141,-0.22807295466573646,0.610674642540757,7038.962457337884
3513,0.03524246955857002,0.8401953734067071,878,2.317064938820739,0.2182885872955634,0.6591022135133856,7829.93735763098
36312,-0.0871948880724096,0.9215537095160586,878,2.6182165897256704,-0.19402927896847133,0.5752380937769408,9581.823462414579
22727,0.03808984996859266,0.8599311457717088,878,2.417458009988367,-0.05101187311337022,0.5571388878947308,6888.388382687927
77385,-0.14755935276489263,0.7844243137411538,878,2.5363647181164977,-0.2136816957086476,0.5858742835092347,10464.179954441914
125659,0.4372925834537864,0.824142155133358,878,2.428222856310911,0.055577977035323065,0.5571408979303811,8472.867881548975
12239,-0.4751756310796069,0.962495973732203,877,2.5433199891833467,-0.6467852501399312,0.7696851764476554,10556.218928164197
116298,0.047487505495371174,1.1045036194013633,876,2.4095165591371335,0.12041237355627675,0.7760126448845746,8715.925799086757
62340,-1.0780832707603367,1.158200574783388,876,2.5564933765422415,-1.0138893435800118,1.2024614962377989,8967.140410958904
109245,-0.6368732250982361,0.7579840310052509,876,2.4685932509346395,-0.659885955391231,0.7403692184256943,9499.111872146119
40316,-0.515297882632483,1.3237594963492505,876,2.4628503095352308,-0.44522954485739075,1.0584502667397335,8763.380136986301
33052,0.04862905800678652,0.754176888312663,876,2.506085054258679,0.042472150003959985,0.4354977026475075,9492.21689497717
63799,0.14509024522139846,0.8298843827395098,876,2.4745587490910794,-0.02142633117222111,0.5594593125771412,10050.211187214612
46880,0.18789846439948077,0.912313389581054,876,2.4877727789683677,-0.031128765888966733,0.5931922232332687,9436.764840182648
77142,0.5313453006682347,0.9399655005388944,875,2.483340518280897,0.4223121482309049,0.7511090735382852,10260.952
103492,-0.12979755647462232,0.9284145515884472,875,2.4625082752650673,-0.12008380583629526,0.5464085932240241,9413.453714285713
132643,-0.06351184218890804,0.8205747513320781,875,2.335890213910161,-0.34359987958733035,0.6146220604004512,8037.796571428571
96265,0.1404881578110917,1.040312020988608,875,2.534161929442368,0.13973761828763806,0.6396316411222446,9557.971428571429
120133,0.28505958638252027,0.9372771174526211,875,2.4876685805053715,0.30651808663647107,0.6579067714273241,9280.857142857143
632,-0.3726546993317652,0.9351156723598616,875,2.2144349146220152,-0.5092417256303575,0.7443472049007128,8272.797714285714
101420,0.514021992397558,0.7822563528071889,874,2.5621802105496143,0.33098609258097933,0.6202092617778168,9741.727688787185
130859,-0.7525683966184604,1.2916668410626801,874,2.5021191407154477,-0.8309111422611576,1.052864972113151,9299.982837528603
65019,-0.09238533025690421,1.2697224057617276,874,2.5165979128074882,-0.41037005136162785,0.8467722863303058,8073.6578947368425
127171,-0.7016530648106798,1.183496413060903,874,2.5020400028085006,-0.7198877550168694,1.0020893124684807,10577.12585812357
114601,0.05692817088726043,1.2968344796777573,874,2.552084726611781,-0.08654195423502509,0.7380176351091531,7813.589244851259
10292,-0.21938761858642364,1.4289888257773133,874,2.553422227905667,-0.13314802907008805,1.0871638860228385,9605.866132723113
87164,0.03061238141357636,0.8347403332029021,874,2.4738288578308913,0.1455765244587477,0.5823282733534493,9004.544622425628
53799,0.6123520098811297,0.775486407431908,873,2.5162056367834533,0.5674793980663158,0.7880193910277579,10007.348224513173
72465,0.24694536612397044,1.1217898257560612,873,2.505063000103087,0.09991271930536326,0.7509607368927328,10276.16036655212
59457,-0.18031694773628182,0.9517837818279938,873,2.4905045020642955,-0.16226099211947612,0.6140860447430803,7970.539518900344
19528,-0.08409701646480405,1.088424777016622,873,2.376032955271612,-0.058401280954766654,0.8453912647429733,8501.302405498282
93918,0.509259226375975,1.0096453611380634,873,2.351293831461694,0.19252318444396538,0.7401021044768569,8120.83390607102
35945,0.33801065822019005,0.8084391322893582,873,2.5330413819127937,-0.053412528495225625,0.589222871391922,10241.671248568156
22693,-0.46512455516400664,0.9253872906996694,872,2.5642887384024253,-0.6309274948655749,0.7593088397792257,6815.993119266055
56351,-0.11306033498052015,0.7632738113345777,872,2.542305122949146,-0.5552275636318994,0.6767785072030228,10441.45871559633
103088,0.16388920630388348,0.8890479223286234,872,2.5441342529697004,0.013003014002581392,0.6269884986483738,11363.127293577982
28916,-0.06718877534749268,1.0399022421011286,872,2.625065788255715,-0.390880156618092,0.6965965682357252,5971.159403669725
27426,0.37661856410204875,0.9689263546242778,872,2.6112491538386653,0.14355207221771812,0.6878559448024886,10998.58371559633
17127,0.4488662705240669,1.282159973334597,872,2.5070088528686463,0.4185474866279389,1.1010884713632232,9901.116972477064
63705,0.05437085768003014,0.6837473131569126,872,2.513850937914557,0.04635020504885053,0.35157008020979547,10570.688073394496
27898,-0.11363372947593309,0.9176155491045564,872,2.6373355480278398,-0.13750392029122735,0.6153005454276615,7161.959862385321
70964,-0.025330977182354886,0.8705366032549541,872,2.4310762477768257,0.06681025332928293,0.6475126588917011,9251.922018348623
84916,-0.2511601938372596,1.029365474592448,871,2.4812860330295616,-0.466025217486677,0.7490851287363075,9163.149253731342
16238,0.8900567981260008,0.7983844225091582,871,2.4873419399098866,0.7871017356687536,0.8663246726100587,8738.376578645235
76024,0.01329603958449077,1.0906076392619646,870,2.58090745573456,-0.07475424316198728,0.7610701341480678,11084.32643678161
4696,0.7391581085500083,0.9204969259540439,870,2.5679600733512244,0.5516270964497731,0.7434711270390386,12900.63908045977
92485,0.27019259130862894,0.8964495970684153,870,2.591868375687135,0.05471885803308751,0.5125719222148952,10697.28275862069
91631,-0.3355631326705786,0.795799297418268,869,2.465936889823182,-0.28595835535394615,0.5340274734928956,9982.528193325661
9446,0.5102366371798244,0.9085702719193818,869,2.5230285519988973,0.5809940634194535,0.8265389832272467,10572.688147295743
31716,-0.34824456108291724,0.883592056354239,868,2.3088479649819007,-0.1380809082490644,0.5117500552610693,6720.434331797235
22213,0.20935912555302716,0.5375551495215916,868,2.486886310996135,0.326736268772849,0.6582524076079601,7287.349078341013
55651,0.34127156794934077,0.7969121771685896,868,2.5815260457126974,0.16058775783886609,0.5227953975540036,11645.29608294931
116375,0.41270013937791195,0.6454313465904787,868,2.5545958080471647,0.2319811095310202,0.409495278449189,8663.69930875576
14071,0.16270013937791195,1.0281091294704405,868,2.50826633678003,0.24073851842387703,0.7725932089777281,8314.739631336406
50041,0.31650198269588437,0.7402613013917643,868,2.4042589025231527,0.2480958047856246,0.5573478807858666,9669.259216589862
7784,-0.07462704956218014,0.7831410090558774,868,2.5540685285741644,-0.1239575668211114,0.4087747540461623,9580.3767281106
44070,0.5083222591935805,0.8205615887538498,868,2.5408354170470693,0.5903919422290398,0.7765137250616585,8806.217741935483
20506,0.4989063486168259,0.9927848500821448,867,2.396801331381349,0.16835235649482128,0.7096059656518015,9523.634371395618
124078,0.5500922488701483,0.7053859824139878,866,2.5745433714454737,0.3622878038439956,0.5623714378618893,9643.491916859122
70073,0.2354271218493631,0.5587009379284749,866,2.5055727665642755,0.14148667727623224,0.4047613646084382,10281.08660508083
99156,0.2545756887772357,0.8912770984355404,865,2.3728370024748333,0.12056482079368028,0.6009893189311392,9081.899421965318
85525,-0.1263491667140939,1.0098172041013136,865,2.4780332876023543,-0.30239101153422,0.7518599683027682,9567.306358381504
34180,0.12509591999110858,0.998177597077402,865,2.384398916812267,0.15162378707795088,0.6504500502760127,9901.012716763005
119506,0.1661363824188542,0.7960195377466667,865,2.575060806115234,0.18797283056309913,0.5703343083394602,10127.709826589595
9790,-0.16276535168519235,1.0989049355496112,865,2.5408299481028136,-0.19714335493881416,0.7305672074917683,9206.457803468207
48405,0.250620432943367,0.9172911832606767,864,2.584326758119622,0.058804931367387556,0.6352608329557635,10611.59837962963
51989,0.43696302553595956,1.1572755386016875,864,2.5573220813071957,0.7532694592091473,1.2422944735421293,6935.9525462962965
83947,0.3351111736841079,0.7758593959218687,864,2.5170412730815293,-0.01987891479893564,0.4784141833186451,8712.989583333334
58922,0.24888432183225584,0.6993886215173842,864,2.6112276253039375,0.08626890834628585,0.4032286064083422,8233.636574074075
90525,0.04344450701744096,1.1123136678272816,864,2.4654317366531737,0.13000545155590867,0.8010481741350325,9064.105324074075
82901,-0.5751897522418181,1.0043317340330093,864,2.3709278097483257,-0.42867139516770947,0.7139586032416269,9351.731481481482
103254,0.0885833959063298,0.8438311353204908,864,2.4894699243752036,0.11579724680707226,0.592492389739741,10299.58912037037
13431,0.16034265516558932,1.1520470265580427,864,2.6714886413562153,-0.14862338181270823,0.7544635898503023,8759.159722222223
98597,-0.5722962337232995,1.1663349737243494,864,2.392524894115717,-0.48010824757622866,0.8846799085362552,9611.329861111111
86676,0.8686759884989228,0.6614276895915615,864,2.51030536259322,0.7722893485478884,0.8474738076147424,11443.525462962964
70854,-0.04683327076033672,1.0431902723760755,864,2.6136532002596433,-0.08287271939115382,0.6675718658552294,9938.872685185184
10781,-0.06708790038996648,0.8083397459126395,864,2.4608555611456655,-0.1946947375033009,0.5229568828795866,9675.199074074075
94985,0.38430098849892236,0.8259812721286203,864,2.486210922576473,0.11634846535462072,0.570839888237493,9156.417824074075
30376,0.42104766782599024,0.6511072562714254,863,2.5408568842381016,0.1676991428071849,0.4641179116149289,10688.383545770568
121328,0.18813920896156366,0.698667014948564,863,2.4360465624251812,0.35441603261369986,0.6274822736689258,9112.786790266513
82352,-0.4335293889526888,0.7025016643757448,863,2.2195772228914756,-0.6746804078318875,0.7960117644533309,7957.619930475087
82211,0.4552307500971371,0.8449932535187978,863,2.480748521807725,0.22121356937324085,0.6402018312511898,10358.587485515643
10121,0.5021600664354917,0.9746679182814708,863,2.451961770169177,0.12666754030966196,0.6853507146202227,6787.012746234067
7434,0.2954666132303827,0.922736384864262,862,2.495483522228328,0.14353427249084652,0.5552959146652505,8309.337587006961
39198,0.7055594206549762,0.8292170312759727,862,2.4572540044571007,0.6836409305460137,0.8625632837816037,8720.163573085847
25092,-0.3402642452382949,1.129594553683728,862,2.5323840480136566,-0.29647488608704686,0.7320136866414316,10411.35614849188
35352,0.5872299542976678,0.9424914873623855,862,2.478967010195566,0.6645584118426172,0.9016092338824225,9054.196055684455
14196,-0.6053454517348147,1.2716119333798095,862,2.493910829964987,-0.5936634852865418,1.0579809011463328,10428.90487238979
77589,-0.5954846628717054,1.0376836860012695,862,2.5285002021382126,-0.5945991012092653,0.8994317759293986,9205.238979118329
26062,-0.2926593450925088,0.8536308024094754,861,2.509964093222641,-0.3805952428171583,0.5375322328397031,10663.893147502904
63218,0.35716643887961697,0.8481873088112104,861,2.4731365271854138,0.40749061518761326,0.7078980403934275,10019.307781649246
70940,0.15101080589471572,0.8241441602979699,861,2.5886251811408787,0.14125673399722977,0.6819535548333107,9197.95818815331
33092,-0.19916341013315897,0.9204965138132277,861,2.5374513758524038,-0.45226189864427707,0.6327497312076402,11067.752613240418
6881,-0.37744447865813013,0.8346787076226037,861,2.5230772756945217,-0.42855094903352414,0.5690357025073104,9058.016260162602
125777,-0.09087396843475526,0.9720238612683071,860,2.582692800750369,-0.12698055680900208,0.5554255632339256,8738.363953488371
68293,0.04517254319315178,0.8050227104157586,860,2.5009337378997167,-0.1741863172273417,0.47506556498139035,10838.76976744186
77630,0.4102888222629191,0.7702513997247386,860,2.49984954275921,0.20053893523612612,0.5129383439278014,11387.977906976745
111407,-0.2501762940161507,0.9239285916990291,860,2.540365962337233,-0.29319505236759313,0.6724340127736267,11226.048837209302
137130,0.555056264123384,0.9171154374230851,860,2.52487772467464,0.31615343932999107,0.6352338739219549,10391.4
109186,-0.28854838703940633,1.4872981080953438,860,2.546453715762797,-0.2391070186110074,1.3041657179864756,8421.31046511628
61030,0.2852888222629191,0.5455889587495953,860,2.48898476198845,0.056109829990544056,0.3949883993687405,9485.253488372093
971,0.181800450169896,0.8175647335622535,860,2.5218481494485117,0.04926535062185583,0.5392575938329982,10062.820930232558
40285,-0.876339084713825,1.1773707333205543,860,2.6013053178584826,-0.9948718324259629,1.1831497712704004,11798.13488372093
86393,-0.08738559634173226,1.0621959710990403,860,2.5330659593357736,0.0020500082671878767,0.852693543794402,9498.503488372093
4295,0.2830925150371022,1.0208392226401701,859,2.5059825256659134,0.12438746612704024,0.7542849602870505,10193.711292200232
122160,0.6096350063060196,0.9333362020163098,859,2.4984997819799113,0.4663355367912294,0.7262386773553373,11378.563445867287
65542,0.5642333765039242,0.7570871749849826,859,2.4016428522870368,0.14277729305188763,0.5795073926842008,7552.707799767171
25237,0.05666643820357464,0.7672569592236929,859,2.4846682081430242,0.14211472371154177,0.6660758783406424,8007.1280558789285
106444,0.12529668261961646,0.9656499423322368,858,2.36606400273276,-0.16987516836652974,0.7028635149472343,7897.462703962704
36482,0.42483048215341634,1.0437443342408517,858,2.5521937223391578,0.6554763328988327,1.110006466833153,6683.900932400932
78483,0.04429435161728579,0.6425003572322597,858,2.5396977124342457,-0.06700656767565157,0.38731134053317906,10716.038461538461
108186,-0.8904375831146489,1.4518382683332132,858,2.4900106898696834,-0.9700764979176809,1.2773888115904242,10537.498834498834
18115,0.2447605520834859,1.4615640593216879,858,2.5886934593323274,0.05254320536032896,1.1323300577559499,5652.818181818182
10339,-0.42843332910339393,1.0492375374653164,857,2.627969881092573,-0.42406018968790643,0.8015096181577561,10112.655775962661
134159,-0.10054534777317237,1.1277252065000531,857,2.5319787228333497,-0.13703405717901654,0.8202047053862733,10197.022170361726
42506,0.5062224468592667,0.5468382057336348,857,2.5230635591011206,0.13790987978589428,0.3511629320921834,9264.813302217037
137377,-0.7043959895468013,0.9738935419565532,857,2.3837662286212806,-0.8092070609726059,0.9283767142926711,8131.432905484247
91904,-0.7638309343117387,1.54331841207418,856,2.5762646517978,-0.5648694538406875,1.1633263609463538,8518.580607476635
72276,0.3354681311088221,0.7299786135922928,856,2.523361560428011,0.0741655666311239,0.43207199258031026,9789.364485981308
37695,-1.1359103735640752,1.0140172890386312,856,2.4761383786256315,-0.9801880059645441,1.0328157285311035,8464.68691588785
123055,0.5574307479312521,1.0010406128500366,856,2.3719458541137337,0.26963691840557735,0.75366946413462,8519.557242990653
97873,0.6357017759686352,0.9245687070693704,856,2.6103677085035284,0.5470431654476811,0.788297442141556,10461.869158878504
23421,0.8436457012022802,0.8410212680078403,856,2.6382221832414996,0.5601614888571204,0.7704896090835096,9187.752336448599
28222,0.15147280400601826,0.8741861587366835,856,2.567067795694946,0.09574719202866128,0.5495110574829997,10244.57359813084
50294,-0.3701393455266917,0.9590967859424604,856,2.535190763256878,-0.3535460639573052,0.6319375028155342,9737.928738317756
21601,0.6783419628845233,0.8389039502102177,856,2.279875158508578,0.29902060883507525,0.6911306947330265,8391.654205607476
812,-0.357323036842208,1.1678604939424144,855,2.5207666960757433,-0.360069779806537,0.9257978784120121,10403.645614035087
43666,0.19238456549697336,0.925435407914509,855,2.188280724615769,-0.05966218376923629,0.6404304542994484,7931.782456140351
29934,-0.07662128245624311,0.723829647718589,855,2.4142499906435577,-0.1537668601914132,0.4290709231770644,8015.113450292398
22963,0.058919071160037806,1.428173119600359,854,2.5411425209988807,-0.14198194223662775,1.0506290825744502,11826.234192037471
96553,-0.001588546258578294,0.5266614880884276,853,2.492343036252796,-0.13375520075833053,0.3947532250733067,7730.113716295428
112174,0.09688742091609948,0.8819380362838649,853,2.5589130547844205,-0.10283966372939816,0.5129500353924875,8331.695193434936
102159,0.11271391564060096,1.0262175054260079,853,2.5315708216105715,-0.027610042959660377,0.7336892608688933,9012.83001172333
62805,0.2000527198609996,0.862171034240287,853,2.565281455282035,0.20383432651163438,0.631687209119322,9699.062133645955
106068,0.40052165303802223,0.6855500857141481,853,2.6024012912045107,0.2623399887206969,0.49731370449091095,11156.320046893317
22025,-0.6733353223429863,0.7304359676435433,853,2.5650393212368363,-0.7016459116932253,0.7616491409813291,4476.04103165299
107087,0.6044284663288653,0.7442449978221876,852,2.2722242912877393,0.40699516119094115,0.7564932406696142,7727.090375586855
53335,0.08388856022557878,1.1916266259432138,852,2.4743650284279632,-0.154499290208673,0.9043948172568713,9043.93779342723
19522,0.2446866822913063,0.754919831317582,852,2.4381283810551255,0.002871824945636464,0.5059205740808966,9889.983568075117
121052,0.08212799684529726,0.8545043175075534,852,2.448622576793484,-0.3319256509304353,0.650553645620418,7439.284037558686
82968,-0.2528776303373048,1.0963505445275235,851,2.4691282653499864,-0.278648086132652,0.7535543474170602,9870.358401880141
12140,0.31586502536187266,0.8282627699873345,851,2.544524545607096,0.1987172848320945,0.5180318384372772,10150.433607520565
122380,-0.04102444723092491,0.9899123987481505,850,2.3830221757196473,-0.15976774959410647,0.6525038173815361,9015.138823529413
125125,-0.13161268252504277,1.110072426124661,850,2.55599794387448,-0.09724952394985034,0.652804084953343,9629.56705882353
19290,0.23191672923966333,1.0154518800083463,850,2.5451361737011284,0.01961696846947633,0.5610171514986129,10733.082352941177
48110,-1.265730329583866,1.2379907417663631,850,2.5609749577468124,-1.4304528865618118,1.5590815566448517,9403.042352941176
126134,0.1460343762984868,0.8863116810901567,850,2.516054335431652,-0.17372905295731836,0.6371079974149796,9555.901176470588
44501,0.32603437629848697,0.6840868219882721,850,2.6279969080814793,0.26763768475968436,0.5482864779414884,8636.222352941177
113770,0.7154974123963185,0.7923480709104278,849,2.4880441537806237,0.501662939242937,0.7239064477407322,10010.491166077738
76307,-0.6337369810076865,0.86359334733695,849,2.5275694449191617,-0.48594119496909266,0.6928376712234225,8786.10129564193
73853,-0.030085626472939886,1.0726040632076408,849,2.4622372737598983,-0.2741143434147267,0.7727699565348589,9973.040047114253
14977,-0.12019163354007745,1.0495153452626478,849,2.5162944429217045,-0.19717259437606846,0.5937409466201746,9135.98468786808
87942,-0.5798521386848652,1.2021219661928815,848,2.468648015707085,-0.760044409042125,1.032012322441881,7639.991745283019
11348,0.2267516349000407,0.7009861302236929,848,2.525897113299576,0.05452629506109584,0.3997055850096129,11625.409198113208
112742,-0.3699464783075066,0.7993975418451063,848,2.510517500862834,-0.5467814128989975,0.6906883571708738,10961.329009433963
127689,0.1565865405604181,0.9263305039428579,848,2.5012034621387627,0.022362716724218874,0.6560517072252283,10190.792452830188
74036,-0.2868096858546765,0.9507068299011342,848,2.543984294730847,-0.23052003852055628,0.6577099676539234,9751.091981132075
138162,0.5805252198057009,0.9554214644630048,848,2.3394381015300585,0.3104446067884088,0.7253842689772129,8879.805424528302
39647,0.3287563518811729,0.9755816417779293,848,2.5338511858948913,0.2325459135934021,0.7390203910584603,10788.892688679245
124622,-0.16888515755278943,0.9920035982702308,848,2.2971317916015295,-0.27886375207216224,0.7075264457020862,9001.299528301886
86824,-0.4342153462320346,0.9623662992788447,848,2.5206847272542676,-0.4867226483909233,0.7642375925552278,10516.439858490567
86275,0.23795446508871976,0.8334094401399279,848,2.501620908581745,0.2695356072824902,0.5775477316139064,10361.33608490566
13942,0.3051714462207955,1.0703926923873917,848,2.5019079541979856,-0.050127631159791436,0.7614642377458162,7320.655660377359
78681,0.34192853561510583,0.9001696056907164,847,2.5108539114328554,0.07773213612906568,0.6378480468676375,10073.410861865408
35804,-0.3286735895324737,0.8877613522156295,847,2.3382633086277442,-0.24338663627768564,0.7208594527388534,7541.527744982291
111650,0.3799545542987648,1.1385578663974965,846,2.5415296443299855,0.11897718682848624,0.9290536971975251,9270.56146572104
116587,0.5300727576084574,0.9940525645407916,846,2.346109693272685,0.4942263328214231,0.8422542274101018,8997.61938534279
56961,0.4284179112727604,0.831224407711258,846,2.47842341933978,0.26714829967251774,0.7047424582041995,9490.170212765957
77200,0.3799545542987648,1.0313920866660715,846,2.3365268511569526,0.21928707535368797,0.7448717533930983,8665.087470449173
69291,-0.16969083577215693,0.8595274700950685,846,2.481641887267286,-0.33929491393826533,0.6446464857316548,8667.913711583924
17635,-0.11827239605584516,0.8267055669141271,846,2.5028407902623178,-0.023849052500885273,0.5725613067446301,10419.400709219859
20204,-1.7913968802277924,1.4898402860954103,845,2.407525678630916,-1.399923804404419,1.7396104804360295,3914.4272189349113
38710,0.3310883268727993,0.749677197608511,845,2.3709669493347003,0.09720897424491608,0.5205119114582364,8519.10650887574
15208,-0.2641779453165496,1.319085706097542,845,2.504871888893894,-0.42781583479354857,0.9225834385254912,10730.358579881657
52479,0.3009108120798998,0.5971294335330373,845,2.4329796455311565,0.029838846049074275,0.4047216510211396,7277.68875739645
11248,-0.14287617016862075,0.8801154388666931,845,2.4374114113460377,-0.21220203350059705,0.6640365735619208,6456.76449704142
71264,-0.10592687265607115,0.9953007469775679,844,2.4895745660019393,-0.15606055014086492,0.4788219425181492,10591.880331753555
50811,-0.6835335077271614,1.0572940062024103,844,2.4257694347467424,-0.6252125162786202,0.9307292974504543,7486.34952606635
18548,-0.34348611436223253,1.146090245387841,844,2.53116784471713,-0.3236331864025188,0.7716703682509086,6710.251184834123
28356,-0.17701692004943625,0.7902797981053474,844,2.3963811453510426,-0.0388268855946457,0.5222149686311556,7954.859004739336
119017,0.775589715021654,0.8082306537938287,844,2.560654082038281,0.4327966050279084,0.6574284655234282,10089.309241706162
125010,-0.3375619437461186,1.1152050440046106,844,2.5937102175401106,-0.38146885078263937,0.7668933501945067,8843.10663507109
122523,-0.5638652612816637,1.2497114181170266,844,2.5711130423055484,-0.8813664984654105,1.2154296108540192,5164.919431279621
138134,-0.2599553086750288,0.8930552156750884,844,2.5915359167449386,-0.3163483244368097,0.6340718506746319,9679.742890995261
80337,0.2591053413393074,0.7124125457939408,843,2.597970193846769,0.06286453675483754,0.4295128622436212,10844.908659549228
70509,0.3812880222408497,1.0125670950968104,843,2.324452580252728,0.1425265282693025,0.7591876863844198,6625.8695136417555
88463,0.13391197864583892,1.1336302467046981,842,2.5738120778821805,-0.13650589855144468,0.6691479281297263,10040.39429928741
124126,-0.38746569356318705,0.8453769352984912,842,2.4021222666709234,-0.6749266929876905,0.7670153018191099,7269.509501187648
103943,-0.3298689850460512,1.0378689782460244,840,2.481278359595787,-0.38672193191315873,0.715447822167665,9238.591666666667
85573,-0.26201184218890816,0.7982273535049617,840,2.541957801250883,-0.26465098036236256,0.6623123358651166,9594.586904761905
84711,0.5998929197158538,0.9100763956483765,840,2.462212343178185,0.5754401531996765,0.8829976919783713,8631.245238095238
24475,0.1612024435253776,1.1087492397082945,840,2.52498819775538,0.11819559252504899,0.6259014320807422,9039.771428571428
96649,-0.1626070802841464,0.7929207106048436,840,2.5549097849033675,-0.15035268227369797,0.5463934442528124,9590.186904761904
89442,-0.3298689850460512,0.876964725194511,840,2.576893648028883,-0.4091490655262598,0.6778175070643775,9186.15
67961,-0.2876070802841464,1.3656015057895885,840,2.463515286500565,-0.17777366222249302,1.0695233783476104,9674.584523809524
30428,-0.5887975564746224,0.9672242403613114,840,2.5636142469219085,-0.6274163150549521,0.9285114987497393,9899.55
117143,0.15346434828728217,0.747633523654192,840,2.4632354569503394,-0.03629476438968033,0.4911820892373045,10511.404761904761
57849,-0.6114166040936699,1.1882252401355526,840,2.537593277878292,-0.6954486072450999,1.0164733505829848,9072.069047619048
72840,0.015369110192044122,1.240296779094706,840,2.4666162511737846,0.03775222301901798,0.9047856406664342,10389.666666666666
79967,0.25525006257299676,1.0983608258556636,840,2.5075026343588362,0.15224722006578467,0.7553117549239358,9530.528571428571
5352,0.10941672923966328,1.010946493575435,840,2.561794138163273,0.1313108761326717,0.7548922285936701,9038.442857142858
66226,-0.24594041361747943,0.969026976465039,840,2.5929854626827034,-0.24789813253912182,0.6191433359370432,10037.130952380952
24425,-0.20591402165425787,1.033870114109119,839,2.541538637333854,-0.1602940128293752,0.6224771075813288,10027.525625744935
95339,-0.3614563339307777,1.2455484238563013,839,2.4154561133501735,-0.4110514351049429,0.8390672434364249,8950.524433849821
101904,0.31511481993178725,0.7781485770886069,838,2.519386474880256,0.07739113744394331,0.5053292221898119,10188.754176610979
107800,-0.7970570177770431,0.9234068377911072,838,2.3585512517112406,-0.8901255585369059,1.0559710118426997,7238.844868735084
39085,0.06750145477665592,1.0626231960256487,838,2.5544525013752017,-0.009292937511947244,0.7556311457915397,10073.321002386634
126954,0.055568280552312554,0.7158439273883056,838,2.552386439180701,0.16745644739853505,0.5075014018867954,7871.502386634845
37333,0.11642746909646506,0.668608059806641,838,2.5529550999229613,-0.17965889996820344,0.5357701750511941,7158.378281622911
70576,-0.41877539486534854,1.0086883012554608,838,2.60167300368616,-0.4926838267189055,0.6723833352537408,9711.782816229117
110392,0.34494775549264656,0.8490704040346404,838,2.5161706955337753,0.21187440615096184,0.5401540646500205,11131.245823389021
28830,0.34494775549264656,1.056023571698311,838,2.48773040795129,0.00801271202261284,0.7047836372730464,9511.997613365154
18756,-0.2803505738629619,0.9076804184754436,838,2.5663618920616402,-0.5989675020332152,0.8264312625403349,7900.58830548926
64802,0.1969763951107848,0.8424049226965618,838,2.5303766864759627,0.05225118806090038,0.654828312203585,8814.103818615751
128323,0.15459295385137173,0.6020288716240962,837,2.5029609422593535,0.0020339911001382043,0.3570092362889351,6480.192353643966
127116,0.22030382601385678,1.1487929605654752,837,2.5028311552110756,0.12663917892444482,0.8336649560259648,9335.307048984469
135753,0.3298114660817686,0.9222193322040204,836,2.500904767742724,0.39314928001918337,0.7687113778883844,9979.595693779904
45974,0.35792151392865845,0.6854573681636907,836,2.5397779139921166,0.07938661345840073,0.4350097927656386,7546.5
55430,0.18567271010090725,1.2732116993655502,836,2.5520961966919082,0.2589994037619122,0.8295062926611323,10666.255980861244
34395,-0.14626508894215506,0.8815226595147102,836,2.501778004624352,-0.06334660052230891,0.6090263293294388,10210.513157894737
102197,0.5092373034023425,0.9564627936058182,836,2.614562480384579,0.27808243310064173,0.6945685408004127,9196.91028708134
14081,0.11988323641669663,1.0257093605354597,836,2.592387112649538,0.07013158263207857,0.6918451425795459,9201.90909090909
109191,-0.06971006501871013,1.4096295804089256,836,2.458028490357186,0.035572360119067586,0.9686085916652883,9081.913875598086
119791,-0.3549971463584227,1.457643261433896,836,2.472911705363762,-0.49916107599206083,0.9968372348218055,9663.342105263158
32675,0.4368688823497111,0.9315257576840754,836,2.4598649198581706,0.06817108749807317,0.6522807792618333,9457.998803827752
35091,-0.20128901238713093,1.0321536165506608,836,2.505810563447154,-0.1815537586904226,0.7073245991885286,9210.312200956938
72420,0.7773059507965496,0.9588198109445303,835,2.5395658748073457,0.444534435859212,0.8186002365206487,5920.386826347305
102743,-0.547843749802253,1.2007311681822765,835,2.3657982571161744,-0.5275794702336378,0.8059788833729478,8198.233532934131
42124,-0.03646650429327103,1.0866209020861144,835,2.560309870938459,0.08784879229557108,0.9159905288847976,9100.65748502994
84426,-1.2035323725567437,1.1021271707311362,835,2.4151553511209807,-1.0631937769321207,1.2121300979782867,8037.368862275449
83726,0.011437687323495815,1.129501815217406,835,2.5744790502673816,-0.01831010123047458,0.7550030603265268,9441.425149700599
114299,-0.10952039650883982,0.985726840770418,835,2.5155478887770415,-0.10245183157175675,0.5584662254404291,10412.419161676647
29334,-0.06760422884416917,1.1461518393427712,835,2.524072375938722,-0.12154953147762947,0.8567795408024409,9036.074251497006
41215,0.1976961057384643,0.9178081721267571,834,2.4835881849301122,-0.055570813726002144,0.5949996004742125,8316.988009592325
68759,0.3223963455466179,0.9175917172730004,834,2.4863450021209177,0.5364469824666444,0.9027669773055603,9056.535971223022
2718,0.7516529402708385,0.9629683138863563,834,2.523423324058693,0.5010074019042267,0.8078192419844447,8925.139088729016
43800,0.03522608175764885,0.5521074609927433,834,2.5851158446464355,-0.13349074316242918,0.3413750335726355,9405.94964028777
42290,-0.3232871076907924,1.274686984785259,834,2.563087116328157,-0.3393191242090065,1.0184584218545647,10224.491606714628
138072,-0.9467883067315599,1.2282920345974406,834,2.525985923537791,-0.8435364261085757,1.0371387716051232,8389.899280575539
85654,-0.2891144458202888,0.7912209729769363,834,2.5411311095986364,-0.2531378476485007,0.4839069569444971,11074.741007194245
65959,0.1485073654941651,0.5652109006981235,833,2.3838979338790804,-0.3037988602275752,0.4520208900601102,9514.920768307324
13606,-0.6149980366666994,0.7150741043399426,833,2.4768047020763495,-0.7715333661065366,0.8005146344941441,8718.397358943577
122371,0.8723969213164939,0.5785839476886995,833,2.4652895726709407,0.7616448921824283,0.8335436509637953,11110.285714285714
614,-0.06637858888758741,0.8280308396045568,833,2.582419800601973,-0.1933283879110397,0.5564274016377413,9655.747899159664
6175,0.0020487820607915097,1.0200594377679943,833,2.538152197571294,0.10745568552415774,0.8503281363257094,8996.69387755102
910,0.50264902215683,0.8149985645496154,833,2.5351369546134443,0.4066953297651896,0.7071185210416497,9059.26650660264
111317,0.0012436523165861857,0.7466446589799601,832,2.4519738630648424,-0.17877618569456985,0.4963749404369905,9973.143028846154
55008,-0.5047659630680292,0.9350300317775011,832,2.5590963921250363,-0.5780367647186425,0.7245264647839013,8347.076923076924
47904,0.21999365231658619,1.3381727412001485,832,2.501649465335689,0.23748380832877475,0.9817016257497344,10176.381009615385
68183,0.4808109600088941,0.72443528169699,832,2.4901152347091413,0.15001161126246726,0.4294461295788557,8974.149038461539
60138,0.16470519077812495,0.46405932798594884,832,2.413139465150799,-0.047548406782764126,0.2929691713608315,6367.842548076923
2484,-0.020390963068029233,1.180839189055847,832,2.5288999854348155,-0.07825837644120985,0.8509617856234252,8834.185096153846
129903,-0.31666500152956756,0.7537643409178756,832,2.4915618459832545,-0.3914679431066435,0.6172545631718135,6868.912259615385
125924,-0.18565538614495214,0.7001566746386175,832,2.506477918225149,-0.11435352034967937,0.4715027559898478,9551.193509615385
114198,-0.030607309221875045,0.8919513752100768,832,2.5513692938473134,-0.034053030514051036,0.5684834306725653,6359.274038461538
96647,-0.021224064984163515,0.7254005146531998,831,2.4044073289132744,-0.10529103572211353,0.36185926947524233,8980.73044524669
114544,-1.078985797836149,1.193070768715033,831,2.566004902165782,-1.0645495687357098,1.2385690302318633,8763.611311672683
135828,0.4721574031265465,0.9152917448283199,831,2.4692733538770786,0.4164926994979883,0.8518979342407407,7206.23706377858
49129,-0.5182156413981227,0.9202927018920115,831,2.5022750563066194,-0.5050965097641156,0.8360514651148072,8995.68953068592
132466,0.26830227140833784,0.945938659575631,830,2.5083859716645804,0.10111514851866667,0.6534065584244966,9667.72048192771
75573,0.015892632854121125,1.1445812333163246,830,2.5503015483795584,-0.07065099251632141,0.782038946613819,9530.396385542168
105693,0.08938660875773552,1.0250756462403467,830,2.569671381125193,-0.047965131874571014,0.7077997181748227,10109.943373493976
137746,0.06107335574568751,0.9177925013635562,830,2.498849202207179,-0.041107115377559594,0.5444997545480219,9333.824096385542
22189,-0.42989049967599957,1.0845706399528812,830,2.546248904336176,-0.37340465515682564,0.6495906606342374,8332.75421686747
17683,0.14360347622761527,0.8263488359878653,830,2.4116314556437373,-0.2063282411058752,0.5623381439586205,7525.168674698795
93140,-0.24977001774828844,1.0071575203877514,830,2.5045667484561527,-0.044323328537270786,0.6802694097183887,8955.43734939759
10055,-0.043745921362746465,1.0366599804220518,830,2.3660538895647685,-0.18437549684522014,0.6485331766954073,7899.903614457831
114043,-0.49273948306431725,1.0944383042070434,829,2.5709799100999438,-0.5591020618507968,0.8246107697299485,8662.623642943305
44386,-0.3522087231125681,1.1085512431271891,829,2.4862778180888916,-0.3491258292462828,0.903814357280683,8704.121833534378
71189,0.4883418500126102,1.1473098857022428,828,2.493758724362018,0.3907810192064153,0.9170436892302157,11847.753623188406
64667,0.26974281619618523,0.8088656925180309,828,2.625713550617298,-0.1808529955347183,0.5604053725868501,7856.745169082125
61115,0.06503267126864865,1.0554692938754133,828,2.4193823544361357,-0.20671817414262283,0.8071411283836664,8183.211352657005
71116,-0.3873335730577976,1.0450487060648084,827,2.455860712420742,-0.17095236114203557,0.7332071748965528,8484.562273276904
63574,-0.04150527801547588,0.9225983255797459,827,2.5760973802019707,-0.2627398786037541,0.6825460391960612,9751.033857315599
26198,0.494770417268684,1.022624256317075,827,2.566022170545152,0.3174110896684196,0.6662873251952993,11909.38331318017
49183,-0.49031087366590587,1.2821674363361415,826,2.50446677083597,-0.6292868454052419,1.0718339979299896,7656.705811138015
68233,-0.7245723748765593,1.2603029065446025,826,2.561374717166461,-0.7655725146379094,1.0307125778316581,10092.745762711864
105325,0.4213114023631501,0.8521805878728675,826,2.5011487774434236,0.2596319526683782,0.5859417244509445,12364.439467312348
129498,-0.3347418664019832,0.9113515622241783,826,2.5342363484865866,-0.518347458941441,0.6976849595597453,10079.347457627118
70889,-0.170092955990361,0.5076771390183336,826,2.5408155990974737,-0.011133834691059821,0.46273287297960375,7753.399515738499
126177,0.13737127469420862,0.7915401100434455,825,2.426353326778747,-0.06218003950822767,0.5006425307262826,7700.5103030303035
122289,-0.38202266469973045,1.3435162968910244,825,2.566324691238112,-0.36243968243696983,0.8706232698014905,8627.50787878788
16398,0.12646218378511787,1.0192595914386235,825,2.477693980939116,0.01116333511639231,0.6996538472474036,9762.469090909091
57626,-0.05656811924518523,1.1324219073680732,825,2.4984522339083006,-0.17024840385725473,0.6932295069076904,11393.741818181818
38956,0.34828036560329956,1.0931100920919912,825,2.3735478482448733,0.3087940151295872,0.8518321284809027,8741.403636363637
107806,0.20888642620936038,1.1729259862524324,825,2.4424263525135563,-0.027889224816156424,0.8103328698552718,9556.42909090909
92928,0.11191672923966323,0.9545369436009427,825,2.5387106666454238,0.07218568991145727,0.6782785349194502,10347.718787878788
9291,0.6864621837851179,0.9002598428467987,825,2.5963038759080783,0.3546103584408015,0.686728267075133,9296.739393939393
99871,0.37762061273480896,0.9251338557036506,824,2.539612450256479,0.188784374100809,0.7253639997655511,7925.881067961165
136684,0.2720380884629643,0.7431256342091868,824,2.6129899763276483,0.23414034849306706,0.4883872221403763,6356.089805825242
8152,-0.13633569794480271,0.819495060946143,824,2.531238340425581,-0.4158443146374815,0.630459187059177,11070.736650485436
122009,-0.029539581439948392,1.0576104180594244,824,2.4501690708622683,-0.06279187066159117,0.7493804571998294,9704.885922330097
73418,-0.3523551154205311,0.6370635886044921,824,2.502548596606781,-0.0006098347168985076,0.608683202671791,6531.8567961165045
120942,-0.0337871542554824,0.9759459328512069,824,2.4753228051381284,-0.11199506282570437,0.6382418270140675,6700.980582524272
18338,-0.30805899891567634,0.8084604269007827,824,2.54362982536359,-0.37888324207251384,0.608935128055051,11245.736650485436
87383,0.19618857389985767,0.8524245765438645,824,2.5644212919798903,0.1653104373038165,0.6387000797540413,10633.587378640777
129030,0.5905072517183996,0.8639477975227292,823,2.484963929806285,0.19336784072236138,0.7236053551724162,8121.40340218712
47986,0.24664333920321146,0.6167317452547072,823,2.499184430595692,-0.004757025965415845,0.40527973319667726,10994.208991494532
79011,0.06256071465886137,1.180054206499448,823,2.5913184440758203,0.0633332147081805,0.8062486323598356,9964.842041312273
49734,0.4663206221837024,0.8055488576917944,822,2.4938231973578424,0.2272764236385422,0.5407747451035468,11165.2700729927
45096,0.24734251999392098,1.0194954694100746,822,2.635308185599519,0.12307506802591668,0.6834945813781649,10126.919708029198
89799,-0.17948400157641453,0.8513768541342684,821,2.555266165849414,-0.4215066262449077,0.6185088461852164,9019.80024360536
90938,0.38446240524453534,0.7003141973752239,821,2.5894872747744606,0.13510577994205192,0.456103223751981,10306.931790499391
54251,-0.5254036118078398,0.946130827305833,821,2.3744396861120363,-0.49959490278431645,0.7910181006246184,8419.236297198539
90709,0.7420386804591756,0.7637370269955501,820,2.4220755527790154,0.5542541870647428,0.7529121427337123,8171.435365853658
38820,-0.02320522197984909,0.8769052084304781,820,2.5841822876131797,-0.26521404610965604,0.5233943610398477,8605.881707317074
137387,-0.5585710756383855,0.7291571102486686,820,2.4041369464506737,-0.5216931003345474,0.650968200940421,8142.134146341464
122224,0.49142892436161434,1.039681437120808,820,2.442587755927761,0.33675178571701275,0.7494223096420529,9602.074390243903
124998,-0.845156441492044,0.9675825997999341,820,2.662527807580925,-0.97714288759376,1.096818933424076,4512.624390243903
29420,-1.0390588805164342,1.303700574771516,820,2.554358085122044,-1.0277743658561536,1.1942660038031332,10435.018292682927
121055,0.843258192654297,0.773237113811877,820,2.431081016522426,0.47421518385487293,0.7492601137741889,9132.34268292683
19401,-0.5049125390530196,0.7658458387397368,820,2.563820188293961,-0.4765687657081045,0.6013978763438094,8025.991463414634
135186,0.37191672923966346,0.6387946524968787,820,2.4278792528901745,0.039848196554980266,0.5290962740197058,4646.69756097561
136521,0.26459965606893165,0.6966307346193759,820,2.4160613507625395,0.3065983670976754,0.6123667018677162,9680.324390243903
8584,0.3499655097274683,0.9901868190233076,820,2.5472043755839926,0.447181590814797,0.8421371126298747,8187.737804878048
58802,0.7616603189832527,0.8836008279596398,819,2.561590432251763,0.5795105666436036,0.7865165906593469,11431.136752136752
71680,0.24822930555223977,0.7922920727752324,819,2.4934615831934,-0.06044618062575642,0.5088300404388197,7875.466422466422
81057,-0.3329732463104591,0.8159820660197439,818,2.4736155185680455,-0.6656623649595094,0.7762584284081694,9953.568459657701
124460,-0.2058338820072807,0.7378348864170549,818,2.553570057651473,-0.36853133916915276,0.6071775789917584,8351.687041564792
47120,-0.3531443954547133,0.9218125451262974,818,2.5216703275464223,-0.5191617530212151,0.7211317233799125,12063.799511002446
129789,0.41855075616744797,0.8738109873621792,817,2.482989168945627,0.34483418592031884,0.6342085643277899,10938.645042839657
1200,0.1835446362164075,0.8881294611758361,817,2.506218025458411,0.13478097196726474,0.5197058510925396,11032.150550795594
39579,0.7943157500474967,0.8200610465075389,817,2.4681381283616046,0.6997368685276766,0.8515410591314164,11389.14687882497
62800,0.29201476845534957,0.9868648953452861,816,2.59042640608444,0.13412794008723017,0.632655225159706,11281.133578431372
7487,-0.24903915311327784,0.933790779638102,816,2.575972697493367,-0.719186939400644,0.838287614654082,8656.469362745098
105640,-0.17305876095641537,0.7911623812523964,816,2.4117551267975004,-0.3034636915865282,0.5686399910141674,8085.241421568628
125268,-0.4175440550740621,1.2929584484354062,816,2.532919006681677,-0.6482967267973313,1.1157314255719022,8816.848039215687
128566,0.19765202335731047,0.832587480488932,816,2.5218519798420935,0.031118293772205992,0.5610609690912186,9876.09068627451
19937,0.19703927825927092,0.5811296253031919,816,2.415479047212844,-0.07048951640184774,0.3630598717301224,9399.319852941177
50441,-0.3660734668387682,0.9299530326035571,816,2.5572973923195197,-0.4032222763583338,0.6180175143898464,10172.149509803921
99347,0.19581378806319272,0.9828492494064508,816,2.554320582345044,0.030571460341409108,0.7922294514095173,11139.057598039215
50401,-0.32624503546621897,1.1536802901310577,816,2.5407533468991326,-0.2587422092840949,0.8439941524236686,9735.997549019608
23285,-0.15161268252504279,0.8803152219128286,816,2.216451067541337,-0.25628191669244615,0.5138612444109508,5854.745098039216
19602,-0.2766126825250428,0.9492252154064037,816,2.412395604241289,-0.5313381845532779,0.7631518083348554,7613.714460784314
5768,-0.43483173701800526,1.1575586884658304,815,2.558221505019068,-0.5491768302398763,0.8378921216039759,11899.588957055215
95993,-0.49004646094438575,1.1714880910780612,815,2.5508911314853453,-0.6978113220908586,0.9239532627940854,12255.938650306749
18605,0.9933891218777,0.7819950491627354,815,2.5188886892329734,1.1758309693799922,1.2652171266398469,8042.866257668712
132393,1.052898324331688,0.7372630296204458,815,2.457228265267765,0.6888175859828587,0.845658701873544,9618.116564417178
103203,-0.46796057137383373,1.1061887486229136,815,2.43671067485517,-0.47505608100997615,0.8191975580766144,7756.765644171779
54459,-0.6066108781223001,1.3178859519025743,815,2.5433418219915946,-0.5723822668383021,1.0496953440252046,9690.530061349693
122509,0.1418553795464117,1.1078309023812718,815,2.5346291441165936,-0.004443462940599711,0.7470678484841523,11124.63435582822
130826,0.26098306830600215,1.0355267897891791,814,2.608056580639693,0.2512709564490073,0.8055907034444701,9725.101965601965
136957,0.3353073926303267,0.5281370188341546,814,2.509829651827337,0.3726388585258172,0.49190703260811963,10880.871007371008
29015,0.41638847371140786,1.0145619470811502,814,2.531584776782442,0.23849919994298988,0.7079942515301273,10190.665847665849
98696,0.24694747954716645,0.6648485180918428,813,2.567063999322118,0.3198266336324072,0.4990371332409732,9079.547355473554
58353,0.3121381314536853,0.6863507054139082,813,2.496411623956668,0.30876697217220167,0.4715620701308347,10512.739237392374
67569,0.3428884389567606,0.6080686257587801,813,2.5718049378752377,0.18282878697535496,0.4283260820493934,9461.723247232472
38202,-0.4104940948685778,0.9600893295266181,813,2.459679669674605,-0.5328202663966192,0.850426747535205,9142.239852398525
54236,0.8268982790551616,1.0787766314650737,813,2.56191095036217,0.7993343514811245,1.1430919915123436,10213.80565805658
34419,0.6731467415397865,1.0333114125733405,813,2.3537556563489943,0.5326183805178334,0.9060392129555971,8524.724477244772
8932,0.3693337034094051,1.0975030861889556,813,2.5413795117596627,0.1520298698434535,0.8122076933674439,10961.442804428045
24952,0.8788132809638012,0.702067915493865,812,2.400359849517026,0.5043835811083263,0.681116869169542,8582.397783251232
135976,0.1011039213578897,0.9553395039854753,812,2.5224865719493725,0.14814960921777653,0.6642781058310632,9569.524630541871
86456,0.6171137735746388,0.8808913127615559,812,2.5612358398126176,0.30452300164691504,0.6743709422762661,9051.486453201971
59316,0.29383791150567307,0.9405443520219695,812,2.562156295100821,-0.018259067441870433,0.751938492843015,11360.091133004926
13174,-0.3490192313514697,1.0083768064617766,812,2.5598731017853,-0.48718803635568353,0.655638727144211,9286.14039408867
128356,0.18546352726921977,0.7309866862092192,812,2.5584836236242734,0.24853941696637064,0.4864860590854893,8853.649014778324
78305,-0.4709404136174795,0.9503251253816531,812,2.5106869890315235,-0.5038723764757722,0.7245107926740625,11016.316502463054
68507,0.209478305594343,0.7757931162444721,812,2.5919301094464227,0.14514651414320826,0.5287569708049911,10408.299261083745
64989,0.2612024435253777,0.6318477256056263,812,2.521217617952145,0.22287442995634218,0.47653613797376293,10029.910098522167
128050,0.09864086717069798,1.0696405046243527,812,2.329948973748204,-0.13811283716107103,0.7252223733354403,10089.827586206897
128459,0.2576134000164818,0.9393943947381451,811,2.454794666603794,0.19386719498310712,0.6989598536106953,9265.627620221949
78770,0.1003117909680582,0.8841041736354451,810,2.558113487165904,0.30441016724900766,0.7297107091900756,9293.54938271605
71970,-0.6212931473035468,0.8493527342310996,810,2.4505135328645737,-0.7062067345781715,0.7930415296939112,8471.43950617284
107982,-0.3231449991553985,1.2168878860481989,810,2.500834811286976,-0.17656400934164382,0.7706274009998456,3018.3
106155,-0.2996882090319417,0.48378773550880316,810,2.5136749700319463,-0.20973719224424608,0.6580865018229577,8324.406172839506
11538,0.008336482326082972,1.0518543383837422,810,2.5742102850707167,0.054516928873967335,0.6878336189762405,5845.882716049383
71328,0.46327475393102135,1.0780650994633347,810,2.580737404449289,0.3260297903588915,0.8854144073759199,8606.654320987655
42177,-0.10249612613734538,0.8498546367449616,809,2.6442075646678167,-0.4040565819726463,0.6549315592004653,7401.1841779975275
20262,0.9729056043941751,0.6062373902943766,809,2.4819537467486743,0.44804418694506243,0.5895277856925352,7163.644004944375
80141,-0.09446151550693749,0.8814967358803473,809,2.502019079564667,-0.15804113983150153,0.5162666490271853,10897.650185414092
27141,0.37426821438817814,0.7923624990095764,808,2.538336805529571,0.22989621635329532,0.5775517393328362,9939.82797029703
7370,-0.38191990442370294,0.7894189559570646,808,2.539129932489151,-0.37332822248953684,0.600241503959785,10807.615099009901
26185,0.37488702626936643,0.9683420540744528,808,2.5335982246687476,0.34941121232979433,0.7118809411678204,10213.668316831683
43451,-0.872018914324693,1.1510408439120376,808,2.5215464171673245,-0.9411711984740916,1.093031059162628,11062.790841584158
76465,0.46894643220996013,0.9291592389412858,808,2.4457063886872614,0.3370836805893812,0.7170035728671398,9359.737623762376
109379,0.3328078183485741,0.8004677678429288,808,2.528486186238343,0.20071189931148764,0.5858761965714606,9711.470297029702
57746,-0.39182089452271285,0.9246503826214955,808,2.521851595850928,-0.40880524500519366,0.6983946725662863,10159.971534653465
103090,0.10570385795253445,0.8794836348240623,808,2.556475861556202,-0.08869855876464863,0.5066292980457063,10607.131188118812
115852,0.17748603617035652,0.5813339125383767,808,2.5197739473426615,0.17508299878851605,0.458347463693807,9259.264851485148
115617,-0.16409812224548537,1.0159947407767302,808,2.307482321222347,-0.4183678388367266,0.7997717588478743,8450.898514851486
26227,-0.1127367361068714,1.074965607340269,808,2.5635069435208204,-0.38132205903563016,0.8053441689951262,8508.356435643564
131434,0.36808009557629706,0.962531067063685,808,2.407319984392833,0.20375983204254272,0.6684736915077837,9327.801980198019
19162,-0.5230090133345939,1.0080525814016719,808,2.5642877128152106,-0.5679320291536168,0.7679110909283394,10725.535891089108
24112,0.06287088041686273,0.9918426377175639,807,2.5299971356025415,-0.20694720494288238,0.6141198610678227,9463.955390334573
125610,0.2803429993759705,1.4204561447856803,807,2.5826323333108396,0.4014010870551251,1.196040309462667,8726.417596034697
95335,0.21528723729418608,0.7570856622750468,807,2.356879218652448,-0.040861417796404294,0.5282254295982737,4089.104089219331
51266,0.3714210662904689,0.7416865979620716,807,2.635255041158049,0.188856962299841,0.4743598087858334,8887.078066914499
59373,0.5703058246547812,0.9714714133610505,807,2.526454552260727,0.5535275343886814,0.8917116752987526,8293.266418835192
34670,0.43090062019381437,0.8085096165094856,807,2.475602623623009,0.356746809210119,0.6527284192594205,11218.556381660472
80260,0.3931063203177301,1.005115734723762,807,2.5291656292902567,0.39260290668931064,0.8260693008063091,10786.6926889715
84958,0.5294136313462308,0.7402066505620554,807,2.5594769961945096,0.36589542554280585,0.6430856505387674,10622.56009913259
101155,0.1359811654230585,0.7484126035304483,807,2.4536883901515965,-0.06608355348725835,0.4198199979440232,9754.634448574969
5726,-0.10131747150383097,1.0410327585562194,807,2.509453233011122,-0.3005136243509625,0.7611704911374128,9950.013630731102
15838,0.31149489301137523,0.6320109447276255,806,2.5217637994561835,0.22172138996455984,0.428023000365186,10269.679900744417
95149,-0.04830659582237162,0.8558605852405572,806,2.557539987795675,-0.06088089149123544,0.5561091717844969,11591.179900744417
83081,0.03464964849432173,0.9434126073640229,805,2.5780620944924912,-0.019732059762251827,0.6180845311582369,9671.952795031057
59340,-0.043611221070895656,0.9644527104131553,805,2.336463114031767,-0.32283217107127843,0.6433884565208076,6405.662111801243
89088,-0.13367333287213778,0.9714998692336587,805,2.3921011490097888,-0.2701678121764665,0.6802515671655354,10305.822360248447
134290,0.1091838099850051,0.7827286654095276,805,2.4505258468814186,-0.15253388485013156,0.5161622397325466,9025.819875776397
131588,-0.0864683639280388,0.8906338934241265,805,2.5356223685616377,-0.11512874484240272,0.5258117124298521,9762.099378881987
103889,-0.4100708484000881,1.3395016615659832,805,2.548712802462855,-0.298528248648709,1.0128358739716068,8537.83105590062
102599,0.33092294041978754,0.7369488031868882,805,2.598800525267197,0.10715832054655916,0.5401821202823894,10624.118012422361
32780,0.3466679730207578,0.8605780517328045,804,2.5081540139135057,0.18729442188475345,0.5341079860165759,11860.057213930348
63154,-0.3604215792180483,1.0920630697988805,804,2.491979163211294,-0.5499189010637041,0.8199942344599549,10132.191542288558
55297,-0.4841777981235209,1.053169406730289,804,2.566812779402341,-0.39395893857480496,0.9518777497576039,6591.598258706467
3927,-0.1663917284717793,0.6243104285618395,804,2.504085797322817,-0.03433235637520603,0.5315838433812478,8997.429104477613
61061,-0.3517151115563566,1.3504996515633836,804,2.404966320657191,-0.1524116957064391,1.070044541045332,8358.339552238805
30144,0.13646896804563324,0.7264267438663007,804,2.518457587352179,-0.06112082463393537,0.4575293408147199,9886.583333333334
67830,-0.03579471354640651,1.2698300986825788,804,2.5401287729944793,-0.36907248206839854,0.9063228914137978,10673.532338308458
71467,0.32179235113021054,0.7684549584172455,804,2.508669190410662,0.26157853553536287,0.4779855756985019,8685.614427860697
15964,0.20616330458212895,1.018414137560768,803,2.4951566064162876,0.2143054348321423,0.7301380096990768,9485.810709838108
122968,0.3543575760640718,0.5413366848914425,803,2.4076154617077976,0.05393327270545088,0.375681607151131,9400.410958904109
22550,-0.060959983089103886,0.44519050083987166,803,2.57324597804795,-0.24567725984774233,0.5213779636228244,12648.572851805728
25737,0.24788185999931445,1.232794873763528,803,2.4385819262605706,0.1758411881796997,0.9369939230320027,6706.273972602739
108564,-0.15809572406046124,0.6838415581497678,803,2.4915242237175965,-0.22883567102193253,0.46725052302226877,11627.313823163138
135808,-0.8436693056730551,1.1609303463679856,802,2.5099726898749526,-0.8507677610832807,1.056460705842638,7484.1034912718205
68215,-0.11611319594736935,1.314456774997022,802,2.3533882924829492,-0.2136397906550084,0.9263243885919662,8358.345386533665
135418,0.4711685995638528,0.6761309027515855,802,2.6171056164945172,0.2924218850164942,0.5743492893815607,10280.423940149625
65759,0.13700401103517468,0.9826982929384595,802,2.486191474562671,-0.11964218890337087,0.6363062473397432,9336.357855361595
106802,-0.39416805879026207,0.8928188371377945,802,2.5510468306886107,-0.6106365267166435,0.7811729955420388,12779.079800498754
46689,-0.6838885142060298,1.1956146461224335,801,2.5338601510827314,-0.8647017773309879,1.018622651226073,11237.368289637952
119055,0.98527503136201,1.0573239015122635,801,2.5296377440003734,0.7338682580900217,1.0757828249421675,10650.081148564295
131620,0.13321510626837751,0.9402793798174366,801,2.570861858773629,-0.1726082985138465,0.5711788932401222,10481.041198501873
131279,0.025225093783983077,1.3374480049865287,801,2.361132567925799,0.11792097262361691,1.0176535092970092,8674.550561797752
9952,-0.2007424467902994,0.9931082745319465,801,2.5010761241686192,-0.09011308275782992,0.5785673743203438,10008.805243445693
1323,0.1294167292396633,0.5666525557152491,800,2.4381547141745057,0.328202326912801,0.4056859148920278,6527.42625
75108,-0.44058327076033654,1.0452077899418821,800,2.4603841306533223,-0.6339260428135092,0.8440700579991628,11613.96
121650,0.1762917292396633,0.7708184356259756,800,2.542167244650949,0.05046634562577614,0.49652851434522044,10909.85375
96788,-0.4793332707603368,1.026677174200845,800,2.403430255160555,-0.4476950551726052,0.7802462931484934,9485.185
7648,0.758166729239663,0.7993651658256191,800,2.5835635624627775,0.3642387512117405,0.6431830570722614,8932.40875
128992,0.12691672923966335,0.9359192973563237,800,2.380598149379987,0.04120671811312329,0.7392238321825602,5696.83125
17809,0.47691672923966344,1.0069097944541552,800,2.4628358384265754,0.4301424955902135,0.759705193924581,10548.335
29738,-0.34808327076033674,0.9175523843206255,800,2.6205323339329896,-0.5175050554766308,0.6815209596454763,12058.20125
75210,0.4794167292396634,0.9166482722772329,800,2.513310439295761,0.2979756960256346,0.6531692745464716,11589.515
101963,0.2281667292396632,0.9864341097184445,800,2.4771511315250705,-0.04792645931141557,0.5875439433806391,9935.75125
136301,0.4219167292396633,0.5347732959840291,800,2.4995433792111785,0.35162947599381866,0.5795509936935211,10466.6175
64154,-0.10092432207447954,1.0302569519223628,799,2.5087929721466904,-0.1443778851471111,0.8152524699596392,7329.637046307885
79437,0.18380659156757329,0.6805911538372799,799,2.5208595285170983,-0.006641728040210713,0.5045469424349478,10721.211514392991
96523,0.4115913224812151,0.5695404595641165,799,2.57783498523279,0.31527618200437557,0.5298067370074742,10560.842302878598
138301,-0.032714059245943616,1.0004966599242369,799,2.5176271967836206,-0.3208025483166738,0.742887531746555,8811.708385481852
82082,0.05990171046619652,1.4688599980970758,799,2.5695688428392134,-0.01213923588644332,1.0576770123660963,9478.976220275345
90583,0.5786751772997385,0.5521699099908857,799,2.51880675895013,0.47854643631601246,0.5993235547634219,11458.69211514393
49551,-0.19541743846997361,0.8256063479807387,799,2.593103260787489,-0.2992007289342812,0.6295850353719217,9255.886107634544
78728,0.10495803086669708,1.0239412954303224,799,2.388005463726223,-0.1623484637029792,0.6913100968426389,8507.365456821026
102262,-0.6991721318366824,1.0379528197387338,799,2.506468882948748,-0.5362829809321573,0.8506767773249018,8274.162703379225
51384,0.29018957029097736,0.9439646146095199,799,2.4113545082593704,0.09701645584745842,0.6544454218224598,10620.922403003755
67352,0.022793922222119622,0.7866948681123572,798,2.479262321226875,-0.04008503595933493,0.42837412756522036,10964.20426065163
108355,-0.0016421680034444108,0.6258866661469263,798,2.550042388114682,0.00546076342781075,0.4202360924959412,10515.21052631579
104,-0.39825870935682817,1.013132201400155,798,2.472666227541042,-0.7378285271799271,0.9199045975079562,6449.877192982456
28239,-0.05769431216560639,1.1236276830557312,797,2.5705837061958374,-0.350081347265376,0.7344719434809176,8027.760351317441
25478,-0.026326683558329123,1.0404371549205136,797,2.5798531042609034,-0.22226289846935723,0.6488772005916581,10965.212045169385
74115,-0.27594759236837696,1.1566522769373335,796,2.6005170690062527,-0.4438532554018711,0.7928777304953967,10589.557788944723
126184,0.3503086890386582,0.4734037617573036,796,2.539037486004928,0.1591728432688159,0.304230196964691,9811.863065326634
68818,0.4206604478326281,0.6376536625447394,796,2.578759543539842,0.5074044614594859,0.6977308453897721,6454.25879396985
93555,0.3528212518527285,0.6710076424910578,796,2.5435545545308833,0.33449815271120775,0.49969440808111504,10134.129396984925
47635,-0.04003295629492776,0.7495056960405676,795,2.5093736828348012,-0.11263212889174551,0.5188893937952398,9934.33710691824
120067,0.1039922009377765,0.6815599933414153,795,2.557851071573947,-0.05672558247807784,0.477961935263208,10091.812578616353
77718,0.2593381128874621,0.8175300808186963,795,2.4713106824919797,-0.019280898803484096,0.5621744114572181,9730.598742138365
89312,0.0819796223214242,0.8048338665305654,795,2.493093308215085,0.3106246863529823,0.6092940654157225,8937.869182389937
70342,0.16310060833286233,0.902524333719277,794,2.5497199488453157,-0.08039732973733185,0.5796379748839395,13176.82241813602
64901,0.229851238055784,0.8591433991603965,794,2.531679788847472,0.11246030867502084,0.5836928384951725,12911.670025188916
47476,-0.02959460577293127,0.7279834352268407,794,2.4702952049425497,-0.005288247674175264,0.38429721614460827,8762.027707808564
43045,-0.6693930944379187,0.7255949750533475,794,2.4500701501814888,-0.5095587333796603,0.652679368287119,7333.743073047859
73787,-0.6010971421348636,0.7352441503785856,793,2.51981915134102,-0.6246428606822214,0.6850906147424661,9390.491803278688
105227,0.09814623743638462,1.2622802970297775,793,2.601925553144906,-0.050586160306650335,0.9123803392949134,7688.358133669609
18795,0.4588019751413026,1.2096954739076469,793,2.4865766178629247,0.6272744005157308,1.087485840070077,9049.598991172761
81212,-0.39365704125214007,1.224275792903266,793,2.5735540653268445,-0.393707801207783,0.8415195815658835,8513.747793190416
2843,-0.3287137877842965,1.362720506084758,793,2.4883213094866656,-0.530418926153237,1.0255212718898294,8979.341740226986
77948,0.37305165988279043,0.7688448788148525,793,2.5308215482821836,-0.10282164651871523,0.4865906731492936,10661.810844892812
106226,-0.1033357960128618,0.8636462770733115,792,2.449833020748006,-0.11059999456470783,0.6058445175658508,9001.896464646465
52860,-0.7150782202552861,1.3892471507950481,792,2.5012718862034684,-0.7243874084822958,1.2202091827690322,7153.444444444444
68250,0.23378541610835013,0.9520544253102131,792,2.5166850425642937,0.325194427323837,0.7839780954962011,9890.852272727272
134181,-0.12075078024200536,0.7758192660754929,791,2.5113643375524584,-0.13756180540135707,0.48088441325681297,11109.395701643489
121333,-0.5202450912407413,1.0993619572376936,791,2.421910438122834,-0.3642398946724748,0.8644133335319667,8397.001264222503
97521,0.10175238031425238,0.5417457466080359,791,2.4839244874052437,-0.14541164610814092,0.4012654639295736,11674.398230088496
49075,-0.014792131519830498,0.8189845354154439,790,2.5191959506727475,-0.18052644483379682,0.5899434484705887,5719.012658227848
102118,0.05546103303713146,0.9447916569104063,790,2.5331370890577767,0.007169757809849658,0.5109078128450117,9830.830379746836
15781,0.24913191911308097,0.9151519044038509,790,2.3914098534106576,0.292888897749652,0.6946513382476931,8526.798734177215
104977,0.8364736912649797,0.6309583863808854,790,2.610391929796445,0.9128660047657251,0.9703838449826734,9976.349367088607
73213,-0.08884276443122285,1.0890534629906656,790,2.5638131072184533,-0.1081500514614218,0.6816411598431772,9222.33164556962
120395,-0.15254461423308685,0.9810630151442767,789,2.5579959312006064,-0.16866308434048863,0.5711266414792397,10193.724968314322
47422,0.017924333802401105,0.8575877542778205,789,2.562888066513947,-0.05170142945542541,0.6802805561821482,11655.898605830165
134774,-0.2792873265271303,0.6757880867976601,789,2.595628714897942,-0.2803840883238174,0.664330334244984,11827.733840304183
88015,-0.30273472830152803,0.9495477344175982,789,2.5096142793296417,-0.17023102469961596,0.5817667620340525,8999.651457541191
53258,0.08256311707236286,1.0157082062938878,789,2.397424486066522,-0.20938478882065667,0.7658380318143605,8395.031685678074
3948,-0.010592776463758558,1.0544916204683434,789,2.4166308915618857,-0.14791345470948256,0.7038909692587833,10040.751584283904
35705,0.2289509497719826,0.8079816459536863,789,2.518981668833355,-0.0014195420421445224,0.5173709130451221,7488.481622306717
92518,-0.05777870223241788,0.9013790979101794,788,2.475875506516341,-0.17277890680105076,0.5459456916813974,9179.997461928933
116215,-0.05968225553191031,0.9916956236727453,788,2.5194396160082984,-0.08798854831290918,0.5869050562364642,10924.738578680202
26640,0.14843957187925705,0.7513779570185077,788,2.593227301337765,-0.012753631205609897,0.4045288755641249,10203.876903553299
33713,-0.4537177885268342,0.9223762078427133,788,2.403175780511722,-0.48114972846767934,0.8476019123894015,7810.472081218274
7724,0.10085073939194755,0.7248715476344209,788,2.559037580667535,-0.02461685821220803,0.48362638611922487,6802.713197969543
61567,0.38511469878281046,0.7679927641521285,788,2.5404804043489144,0.1442262715889604,0.5423822461928556,11345.881979695432
11152,-0.0514335245674431,0.814567459786956,788,2.45649486048788,-0.023570980697961354,0.49839192040826935,10710.718274111676
47075,0.34514007949347025,0.9285839342027247,788,2.3866087492142785,0.06789131703876622,0.6415704575742162,11176.75
28467,0.23092688152392737,0.9564905861115025,788,2.4104657233124507,0.04978315245305928,0.7897447899518667,8667.282994923858
138103,-0.16607564687215381,0.9164138175131802,787,2.517223105926825,-0.15910490496295374,0.7169602994241432,7639.523506988564
42706,-0.6057198654236151,0.8557442515159758,787,2.5749641319312304,-0.6209414586187155,0.8631237885177728,8857.824650571793
53058,0.2527055333109103,1.0289565000068461,786,2.5139397662134098,0.20151130206120865,0.8040342157006133,11505.3155216285
128233,0.33921952822185153,0.8511885148507422,786,2.6509363256895493,0.23167682583327326,0.5433639735115584,8525.930025445292
78229,-0.43445269751192894,0.7831680763404354,785,2.5404828693628967,-0.42871506097322865,0.6331936446593562,9289.185987261146
29333,-0.46311511789409465,1.0568572395313247,785,2.423406703539155,-0.35755325785942926,0.7697635669808779,8881.230573248407
35179,-0.2796756274482348,0.9846788749009492,785,2.50618525549893,-0.3796257100961357,0.6712664126114505,8536.392356687898
4308,0.19166195216959947,0.8045184491395144,785,2.5163689454943885,0.28071212207167123,0.6128075879777743,10101.012738853504
57434,0.16618424516323005,0.8227661499646313,785,2.604175182378244,-0.03737816233393562,0.5585105010497883,7895.289171974522
55391,-0.10805776055625493,0.9497567070934331,784,2.5522621221649,-0.4129215075163006,0.7358721310852555,10918.450255102041
52512,-0.16162918912768376,0.8732053241470156,784,2.548488731744828,-0.3128178836857908,0.5680592076380582,10302.11607142857
103973,-0.012394495250132476,0.7017739136476963,784,2.568271317075338,-0.1527739470740922,0.5544938987031867,11697.669642857143
32093,0.35303917821925523,1.0743619760049143,784,2.5559102397975284,0.29492400874186836,0.7600464050697573,8887.460459183674
38184,0.1132432598519082,0.7127743543469894,784,2.471211129967375,-0.056185360390323895,0.42371574722681327,11142.84693877551
56063,0.6553350965866023,1.194540816984728,784,2.5697826931728667,0.586088745240074,0.9377323652013483,9239.612244897959
108980,0.5972993823008879,0.7146388358116064,784,2.417424513347715,0.5579315267521276,0.8441259898754614,9052.86862244898
37897,0.2777840761784387,0.8953641140968095,784,2.46454014191449,0.08716848292132819,0.5836094684164687,10126.649234693878
41384,-0.2043587809644185,0.8558257456302183,784,2.450458148622298,-0.39705733573198093,0.6518758241818652,8979.335459183674
121024,0.6540595863825205,0.7477082909651553,784,2.3972085998208956,0.34991678556968897,0.6418092899906503,9890.088010204081
37914,0.10805976883097879,1.038767191793352,783,2.586465431214989,-0.04642896608147382,0.7811390805965501,11014.187739463601
36394,-0.144175224783325,0.9029061075792862,783,2.4729473977368235,-0.07284792370774555,0.7150867275751148,3269.703703703704
98464,0.3349602075005329,0.8768336970567229,782,2.38129608428505,0.3433506037004193,0.6842312057392868,9601.632992327366
130715,-0.4426799416950358,1.3392466299509802,781,2.599762825732566,-0.3957305903358911,1.2221755102680338,11141.788732394367
30799,0.18087959735746084,0.9961060467198071,781,2.444269601476677,0.04328876222252844,0.6695426002726835,9436.302176696543
23227,0.15591160760073874,0.775878274866382,781,2.5008639859307826,0.10861964164823633,0.506359828158523,12171.048655569783
106737,-0.05791681749529198,0.8814286759116291,781,2.5051504532877917,-0.07212107127152696,0.5340896394136783,10383.389244558259
127114,0.18408062168524575,1.0697677935324035,781,2.418440730344047,-0.13965455469752647,0.7321923544352418,9075.997439180537
10916,0.1424295497524839,0.9689146654102087,780,2.5438055838754705,0.08963037647054826,0.6324275559774506,12237.948717948719
83305,0.3302500625729965,0.767350302631777,780,2.470320010803211,0.2548316656603066,0.5148186325234408,11651.766666666666
81510,-0.7280832707603366,1.191109557048995,780,2.455188538864625,-0.560881670961932,0.8321160506403775,8640.289743589743
26708,-0.8287242964013624,1.031437597080698,780,2.473941487866591,-0.7154366004011105,0.8838373367556499,9393.615384615385
10534,-0.11462173229879813,0.8292693273362925,780,2.5708755851429705,-0.33633273855110307,0.5555578685144534,9172.566666666668
100169,0.15972160728844376,0.9256652900647583,779,2.5642175089661516,-0.1146381263119746,0.5681395786731568,12082.132220795893
119535,0.14367539419473374,0.765901430217034,779,2.5751285990583557,0.07864960552482275,0.4879780378627631,7995.655969191271
120458,0.20721839804582487,1.0609807778350726,779,2.587901623574306,0.13195520172387082,0.7899211920846141,9976.0
107628,-0.12012434906585678,0.8298811005101432,779,2.5923687638671895,-0.19008026747300474,0.49631777784378267,10118.458279845956
72766,-0.43013718603633144,1.0948798303228358,779,2.5054310140699076,-0.2993298944796921,0.9029640293171288,7872.90243902439
8391,-0.01702928618450139,1.065261060524154,778,2.4671742777024215,0.07802381885337956,0.8835834388661645,7853.700514138817
90861,-0.33001129132588947,1.04515004678511,778,2.479761819759182,-0.458222789559734,0.7361638966261188,9869.10411311054
71781,0.09415323309570445,1.001315292328201,778,2.551321486214239,0.004931803758174938,0.6125769202334808,10973.065552699229
73303,-0.3878519082924705,0.7303590893710913,778,2.400208634658387,-0.40022629465949944,0.5649318307864208,10486.233933161953
102373,0.5048216135584291,0.9315557868381031,778,2.508140496957143,0.42130364807476733,0.754201154952901,11007.123393316195
86656,0.27745083477376875,0.4854137932773136,777,2.5532077242356617,0.0004367962609132629,0.33761724439887564,11699.541827541827
67283,0.2446323019552361,0.8155555709807235,777,2.6100513310626132,0.11426789368113743,0.5923382487868627,10895.463320463321
102865,-0.7225491652262312,0.7647570560822445,777,2.483713885882505,-0.6660227134941004,0.7606560842979129,9818.342342342343
34601,0.7774508347737688,0.90199249898746,777,2.5823418684043897,0.563808663415421,0.8388975147796458,9578.624195624196
115604,-0.08774821921394516,1.0444492377211327,776,2.5033364311095356,-0.15167280508159325,0.7005066531591518,10849.375
134352,0.45220023439430257,0.5227573761888273,776,2.5328963655227317,0.07152923551553857,0.38333090756910926,10443.101804123711
37823,0.10941672923966328,0.897465068059529,776,2.5551397058312313,0.10092312795227078,0.4786937341732588,9464.329896907217
134676,-0.2623616212758004,0.9340499371027556,776,2.519021186617304,-0.6760498062143044,0.8289120310635554,9162.720360824742
101675,0.311091986971622,0.7321810741709505,776,2.556854494913927,0.23619990634160304,0.5850241942731178,7361.55412371134
3029,-0.581304920244873,0.818331856239965,776,2.5223688766271684,-0.7210884956738782,0.8114668282865249,3805.860824742268
2772,0.02436518284791056,0.6631842520583935,776,2.532553625636614,0.1105115602122186,0.5146823103100138,10648.773195876289
137164,-0.152825538801574,1.0714265127381368,776,2.4940462709698847,-0.062372752069057236,0.7354816733696568,9932.934278350516
51995,0.6480765230540961,0.7694228722675677,776,2.5643497480293145,0.8171124145862648,0.9895539322827823,3598.943298969072
107324,0.25503528594069413,0.9022472682269232,776,2.5736826908142265,0.1733339190289598,0.6035043458306297,10259.269329896908
35115,0.04933608407837298,0.8417058772888732,775,2.3844319297363077,-0.18449591530171242,0.5385676620112134,9991.246451612904
129078,0.07643285827192114,0.9117622099987999,775,2.5022549993042684,-0.08790842955417076,0.6582722954508,12001.215483870968
119757,-0.0977606901151753,0.8338273104561773,775,2.3914166581144425,-0.328248135415886,0.6030513169593237,8788.842580645161
72150,-0.14163165785711085,0.9034871732725743,775,2.5643281679924357,-0.1474045051965724,0.545013161609535,10493.949677419354
125622,-0.27381970486886376,1.1380863458902781,774,2.591089343406507,-0.44621657261516334,0.9140096136668631,10315.228682170542
59409,-1.093587146729329,1.038825185716603,774,2.517155160242016,-0.908216709668253,1.0831216983638023,7425.748062015504
21055,-0.3267912810962539,1.233951942811111,774,2.496215419175713,-0.3570526718329265,0.864004250562453,11050.945736434109
65534,0.03819579900710535,0.8415241237587652,774,2.5589493935127128,-0.10498535710397344,0.560578445237331,9391.673126614987
79367,-0.3584450278662801,0.8335125713557261,774,2.5573695180528953,-0.3807066829102553,0.6763825517123593,8570.580103359172
11886,-0.26089980822803716,1.4144451871719872,774,2.444896984070734,-0.4778471594531518,1.1945229816850336,10119.078811369509
11333,-0.5276956738611118,0.7709219659066506,774,2.4915943276831496,-0.5585290574876988,0.6237727893734469,9912.609819121448
107056,0.06726556644896542,0.8389169817194517,774,2.5373427219795928,-0.14155650260314354,0.6950260773395815,9600.708010335917
66041,-0.13274045057922423,1.149173635374213,773,2.553247217626296,-0.03810984003021324,0.6969232394437413,9999.8382923674
44038,-0.30738469378750377,1.1924138571380596,773,2.5900911365828088,-0.2823741620373988,0.7553008689945198,9838.265200517464
115164,0.3750215157855883,0.8768854951748508,773,2.495549445093671,0.27679462652165643,0.7041452293463579,7235.6442432082795
79570,0.3375053450223282,0.544407099155737,773,2.618784904007693,0.33328396562094686,0.5114686297443106,6226.181112548512
104141,0.12728542264199172,1.1492902855768063,773,2.413212419529243,-0.08447433449353278,0.7333574285354735,10100.922380336351
42449,-0.0447714984446832,1.0922209167153205,773,2.453157084007281,0.0328227838248828,0.7807894898862647,9316.751617076327
3197,0.32650922600551047,0.8718215376845029,773,2.439737779237752,0.2389043363125896,0.5831060793115986,9691.24191461837
48465,-0.12277238993132134,0.8166619487319192,772,2.4661908392996237,-0.17801967222995313,0.4259533080832378,11121.677461139896
88587,-0.4083941515893521,0.3912478380800794,772,2.5131136177274875,-0.25511138248277276,0.5228929035716826,8079.126943005182
97770,0.06569911265935247,0.689263743210694,772,2.483299796232126,-0.054154507787897065,0.4078858172389661,11904.970207253886
125972,0.002227610068678665,1.038038360869346,772,2.4343058206473973,0.08310094606424273,0.6795038681647968,9645.887305699482
119811,0.10844522664898992,0.8973876891045998,772,2.4689206999164517,0.2182750638589285,0.7294096623956522,9031.786269430051
1419,0.2684193199132383,0.592386364126604,772,2.5121655204689666,0.3070706290922681,0.42092596801681215,10110.46761658031
132747,0.5151809779443264,1.1328916745060242,772,2.4600661623553512,0.3173884049821224,0.8836382143532012,8745.389896373057
34187,-0.11629570599349748,1.0345037928807188,772,2.543045660255265,-0.028153111791142497,0.7210399656303818,9135.221502590673
44762,-0.17976720858417083,0.6130528007855521,772,2.5371317096488,-0.45676538891858154,0.5749154840560018,8750.908031088084
9579,-0.3053854756890009,0.7051321959380232,771,2.5968744726864066,-0.36912878507138064,0.5046334985720825,10364.173800259403
40618,0.1524614763213754,0.6782408215052655,771,2.437429541575305,-0.16765072203475864,0.5169614032805036,6522.311284046693
16189,0.23093099642513648,0.8273450346075022,771,2.4978063439315776,-0.03326428953193417,0.5255280545417984,9669.114137483788
57185,-0.47594319293932497,1.4846154641713174,771,2.5890657167941113,-0.6281580002385555,1.375121833171267,8439.966277561609
1741,-0.32613774546850793,1.120497965431061,771,2.5150106448500495,-0.4524355428270264,0.8587765057552151,8512.210116731518
9577,0.18942645686612236,0.7932455268164719,771,2.4727980360829735,-0.12126200882906109,0.5561271674916979,9181.71335927367
92108,-0.01096264819224313,1.0679595837129265,771,2.50953332778236,-0.10869165267472146,0.6983818437398615,7969.459143968872
126488,0.04675460213201088,0.9021416471944649,771,2.4950415424742607,-0.30457522425273925,0.712305410310295,9323.11802853437
112301,-0.779445138464617,0.9937637167485328,771,2.409164964618862,-0.7821282683498391,0.9922113054067049,6104.700389105058
102646,0.25946536737195913,1.217214441258352,771,2.472306008182839,0.014550475303872488,0.8463141785195963,8485.316472114138
108582,-0.19236898504605104,1.1615691917324038,770,2.5416982823405245,-0.13237711991288478,0.7122703280681538,9239.294805194806
118983,-0.13392742660449253,0.8354341366902216,770,2.52875997578791,-0.47350531569805315,0.7260087891362784,8410.923376623377
117318,-0.959252101929168,1.0368703209593182,770,2.4412501569589096,-0.8577552290002639,0.984072664775612,7622.183116883117
73848,0.05828036560329952,0.6676695278473391,770,2.5284217577792107,0.1454233477981732,0.5721911146554307,10152.853246753246
67657,-0.27873262140968746,1.1173793621298698,770,2.609436843849864,-0.24832830223080146,0.6176514521132229,8662.707792207791
10649,-0.27613521881228476,0.837531574951305,770,2.5304577725010953,-0.1900234847419479,0.5678124189759904,9791.041558441559
27902,0.022566079889013935,0.8366792022922181,770,2.4142214835451794,-0.37829601142074065,0.7116045994574538,5599.08051948052
48344,-0.08782353050059655,0.8910419289703981,770,2.4496377084335403,-0.18016912145389063,0.5702058265126977,11779.335064935065
9929,-0.2656645451426516,0.6884500076129184,769,2.45264762091204,-0.37550784011641325,0.5745486798467373,10766.91677503251
82668,-0.37879848532470595,0.709425114448596,769,2.444978718132356,-0.4779829479718975,0.591838003611004,11054.933680104032
74076,0.10429644315383735,1.039571066095502,769,2.219205612042563,-0.1323247498943588,0.7484943262488017,6370.629388816645
38899,0.8221117877572186,0.6888268169704429,769,2.461554910665394,0.5870419194945444,0.7495898019605141,8584.910273081925
102255,-0.6434278741413508,1.4223746529059438,769,2.4996122996502788,-0.7359268047872619,1.0728759003095965,8437.577373211963
2232,-0.08491031887477085,0.9547214485217385,769,2.5376912696997858,-0.23686587446130458,0.6752722067060978,10272.751625487646
69473,0.4872613326206774,0.655285932421338,769,2.5389247127454735,0.5864064480134232,0.7417673406962418,7432.830949284786
96608,0.09379172923966328,1.1063479864013592,768,2.3801237032221247,-0.1484556607886658,0.7304988772193927,10669.830729166666
6739,-0.7200103540936702,1.428445398127775,768,2.625871398865888,-0.6774760784511905,1.1244030536050076,8971.80859375
57240,0.2096771459063298,1.1250988355348426,768,2.5830050182191138,0.3116480244648244,0.8492832590802429,9737.377604166666
76595,-0.3105051457603367,0.76554953829484,768,2.394781221602721,-0.5558843183301714,0.6734446701253073,10577.578125
127486,0.7604583959063302,0.9498364414659616,768,2.5178834983410754,0.9242440434244403,1.199890884931776,9338.325520833334
85560,0.13871360423966328,0.7014636591263778,768,2.5420280325732247,0.1698610801621984,0.6124540173929839,9972.434895833334
73589,0.3307708959063298,1.1205789803468265,768,2.5885576377651542,0.1835484101896557,0.7366870868640776,10351.315104166666
134905,-0.16206764576033672,0.6932182264870844,768,2.5176952684510643,-0.14212394570548928,0.5079262574083806,11226.8828125
35522,-0.3964426457603367,1.1301608455938015,768,2.4801507947793713,-0.46406174160530794,0.8635092040629794,10349.048177083334
13244,0.12048443757299676,1.13938524131854,768,2.4411098238268982,0.397145947082509,0.9972955829932619,7075.876302083333
61627,-0.7094392029637264,1.4775091018307902,767,2.303769493792215,-0.8749007470531942,1.4313775028925744,6423.612777053455
130516,0.5474056471014626,0.663638982647613,767,2.535254217531154,0.44116537938271677,0.5915378465083774,12196.0
40938,0.21238670313000263,0.4999940271661544,766,2.425675490073554,0.022369529274573818,0.17298113818159963,7758.8772845953
91172,0.28223004516655603,0.777484232489744,766,2.4853523076138444,0.15273007658295612,0.4549627764761624,11420.425587467364
38082,-0.04544619504232106,0.976895893000297,766,2.5742689068065823,-0.16139269369080259,0.6753660880119868,9656.204960835508
39623,-0.21189528120420098,0.6668227943940833,766,2.4947527001842764,-0.3279737257237604,0.5512060956086007,8772.159268929503
99431,0.1510016965599248,0.725079305535338,765,2.462937482839575,0.21388190168384688,0.47916092796578413,9191.79477124183
8636,0.4085180364292058,0.797718575635869,765,2.3380591845519643,0.022803929569484703,0.5171807304538552,9484.932026143792
128190,-0.08986337547237877,1.3883261554249238,764,2.5785509217707583,-0.3530412739514466,0.935344648106049,8286.98167539267
48498,1.5946915983496113,0.44917824674538936,764,2.5875687785352035,1.635049791312344,1.6843818024983592,7279.531413612565
53018,0.8073879334281453,0.5396818760602937,764,2.512029073861348,0.35973670774797306,0.44656401447152344,10695.958115183246
127301,0.13003191248573653,0.7828935189058526,764,2.4729650718146914,0.23383370790056218,0.6355570675706933,10309.893979057591
107715,-0.5636853650011746,1.3424667847660385,764,2.543445235592229,-0.6515567995492513,0.9216572501042777,12954.75
710,0.8152413365695064,1.0420742216765588,764,2.6032841191523395,0.45346457490136866,0.8691492519552505,8109.104712041885
82635,0.24194290725013445,0.6481181544833905,764,2.460396619433225,0.04833810222954147,0.49669548551807735,9755.430628272252
32321,-0.5597586634304936,0.8985159276337339,764,2.455438343984992,-0.6929370365069872,0.7757789600988696,9630.108638743455
95943,-0.4884235848964624,1.1985729345001421,764,2.4303508302562227,-0.5214349874808598,0.7860870317159782,11132.367801047121
71618,-0.3752036896085045,1.3169445478948492,764,2.4740746021198987,-0.41370112735594444,0.9347026525618203,7864.929319371728
58213,0.1201473976538181,0.8860282602467328,763,2.570386406479733,0.02492132731562929,0.5704136279152655,10961.347313237222
71436,-0.022308992545113426,1.2280956450957277,762,2.536202122060668,-0.2593948448549325,0.8968654545641765,9977.851706036745
96372,0.2198169917068551,0.7892191124047563,762,2.486450374377804,-0.0347156049710238,0.46034060696650586,8787.561679790026
82739,-0.194881171022804,1.0388194469996723,762,2.4234977192356375,-0.305379195424739,0.586619763851494,11059.370078740158
53272,-0.1666659479256909,0.9320865697863061,762,2.4500847269662263,-0.3470932616685646,0.687099799703229,9471.187664041994
2099,0.3937015061425506,0.729082706944546,762,2.5305554123295324,0.3898828475487784,0.581606227695443,11208.041994750656
101968,-0.07184148363812914,1.002649681377962,761,2.5982672181456743,-0.18835969895718055,0.6047495850046272,10657.13009198423
19293,0.348000829108257,0.8310620429508828,761,2.462849868455381,0.1747878935639458,0.6313945233231739,8339.555847568989
95547,-0.4562041643214405,1.28234889993129,761,2.558721258151065,-0.5458645980856343,1.0504823732466244,9252.516425755584
13718,-0.4010136255566574,0.7961274406287667,761,2.564001476692716,-0.4794795027878374,0.6032994593723987,9905.11432325887
63192,-0.16097800760244185,1.0468458375586622,760,2.3465196630248006,-0.10961226888678957,0.7059133479346809,9040.919736842105
117541,0.35349567660808434,0.8508246834574358,760,2.543336989133225,0.23656505578852827,0.5273289860830218,10531.411842105263
54840,-0.033346428655073534,0.9860549064239623,760,2.4707766888985407,-0.11069793507503853,0.7176378393956178,9308.809210526315
86214,0.06270620292387363,0.6687407062295267,760,2.5472743190616867,-0.2360756063831507,0.49937617935921874,10965.219736842106
15709,-0.13203063918138946,1.3156542819390793,760,2.472957699871576,-0.029467067209018528,0.8823716574705973,7300.769736842105
122514,-0.33400432339191566,1.0335118350201367,760,2.6233602425964824,-0.5002290180076142,0.7114095591060542,10859.006578947368
69820,0.19165357134492655,1.1782526238225366,760,2.526488375790241,0.22137023723092752,0.8421863426737349,10886.82105263158
15194,-0.22150432339191584,1.0345590324631384,760,2.577288693110086,-0.19298970424749073,0.7279389914613346,9979.609210526316
134952,0.44165357134492655,0.7188447284138677,760,2.342214342895049,0.07969316910591226,0.5278822075876021,6996.469736842106
16092,0.4982325187133476,0.9841120501683717,760,2.6372842165317163,0.2313338617494443,0.7041288069137946,7029.792105263158
46072,-0.2004516918129684,1.26892510861783,760,2.542474293235221,-0.35448718381190136,0.9124177281962352,7911.009210526316
28035,-0.0006787911819441383,0.8482404470251067,759,2.506600313524238,0.1366180582129761,0.6331947951040574,8917.722002635046
101345,0.1547889295031677,0.8805860804732574,759,2.498831694246573,0.08206096831928601,0.5764531806288902,10198.180500658762
135232,0.3471472957745778,0.7817124280193221,759,2.534878937510987,0.1539036081968327,0.5062876849351667,10542.67720685112
75173,0.5393309772607715,0.7666471564663848,758,2.5286682250851054,0.5656167163401644,0.7836547212678818,8353.46833773087
87690,0.43313044955628577,0.8960353622371923,758,2.515447455662849,0.35439880535523605,0.737956319774848,10109.873350923483
63462,0.23656052871195898,0.7742831975752593,758,2.506814719208449,0.2864796112603798,0.5724378848357156,10131.668865435357
74019,0.22673839370465654,1.0603326951969243,757,2.423779224812043,0.07657034095717634,0.6817957371677874,9633.243064729195
16533,1.4691426209173382,0.31312593265187194,757,2.4397296346806208,1.6834868943433645,1.6834868943433647,5366.100396301189
107720,0.21286785209303183,0.6898072301763963,757,2.5010179200078735,0.2370157768071868,0.6261346551362078,8030.697490092471
40847,-0.09096305939970284,0.8048192492043801,757,2.5908553451496137,-0.34283574857753624,0.589502439887167,11464.294583883751
114057,-0.3439353183164795,0.7726387269738321,757,2.522677135929139,-0.2862138814010893,0.565525238854078,11101.891677675034
131484,0.29543059978127495,0.9878236547528939,757,2.4442101374384424,0.05682005486705084,0.6348833200097997,10856.105680317041
45007,0.15738568564653255,0.8738864104449822,757,2.4118074585713836,-0.11390981188579523,0.65151141425228,8747.169088507266
59971,0.6031336604565944,0.644305962060004,756,2.628575081376893,0.2999939835266691,0.5337877060391253,9757.033068783068
26821,-1.1587711014481674,1.3083167702416036,756,2.52862785739813,-1.2318978887439491,1.4780369237437287,10946.4708994709
32341,-0.2831097257867916,0.9628674748549986,756,2.5510106362590745,-0.39676621651858063,0.6605024325347355,9545.785714285714
19722,0.012525194848128862,0.7712064343472308,756,2.465523808012759,-0.0665617869950508,0.41498085599400086,11039.108465608466
112418,-0.13430020197726789,0.9461394408966571,756,2.465770456146004,-0.2473926460291527,0.6935935987889492,7522.187830687831
61951,0.5475781049010391,1.047110289966566,756,2.3564852394177374,0.5069865939985414,1.047132043369472,10899.208994708995
24116,-0.39165942970073386,0.9717142447428436,755,2.5541128112892464,-0.7947019922028189,1.0599181546479388,7029.188079470198
98144,-0.014175985992124662,1.0819252742610246,755,2.4240118259720673,-0.25782344229967363,0.809967053759743,8215.837086092715
38386,0.462367657621626,0.6643964466785102,754,2.5179885319825352,0.5133081000552279,0.7122581143794836,10158.305039787798
136673,-0.7027517057735992,1.327713672106282,754,2.483565731798549,-0.788729133061017,1.0578919302970586,9572.570291777189
54560,0.33902548255531295,0.6441526724681397,754,2.57970608255391,0.2318356585718616,0.5531643635895175,8836.40848806366
70871,-0.13179679861179538,0.94675625858858,754,2.408924192290388,-0.3472944656586928,0.6769043599574346,9640.51326259947
43402,0.21966208732984915,1.155149661235401,754,2.4169955082902956,-0.016856254066998488,0.8105874168544988,8188.958885941644
61100,0.19578940828475622,0.7679419139730802,754,2.5044788039953105,0.3492721781662106,0.5446794893762511,6400.415119363395
100023,0.049074763768215846,1.128032035978591,753,2.521995605453478,-0.19844776383815493,0.8264745718064588,9921.654714475431
30607,0.185196941723063,0.908637041821523,753,2.4707122889456925,-0.020692874885209742,0.607624792013095,10559.843293492695
96952,-0.43764502374838443,0.8380981155575875,753,2.5090921897743566,-0.6541258032558709,0.7646991838952977,8357.590969455512
10670,-0.6538811431007621,1.3233433837897985,752,2.5859237642361994,-0.7608795681115798,1.1052954092226945,9918.195478723404
96244,0.25436353775030174,1.4648060809165842,752,2.5572299414859017,0.15068064713762822,1.0419840014427362,11600.622340425532
40082,-0.15188646224969826,0.7018179957540522,752,2.5858756902343747,-0.16328934203912485,0.4831536154109967,10822.920212765957
3487,0.274975239877961,0.7373098305229592,752,2.563769137426973,0.06050944276486935,0.46811704738335935,12959.179521276596
56367,0.07417736753753568,1.0318278204325075,752,2.455669417649876,-0.1745141514797469,0.7212521955390865,10187.78989361702
134911,-0.5621258239518259,0.9549147595050058,752,2.471181503470232,-0.46503860161379823,0.7276712124441741,9475.946808510638
132095,-0.1764875260794856,0.9904457597824731,752,2.5854355521215493,-0.13410483207681217,0.7771867781106937,10702.309840425532
103294,0.11340609094179088,0.6777081413018503,752,2.510156923573409,-0.113056954940151,0.3929128806594016,12752.454787234043
135519,0.06420396328221667,1.1831457684484188,752,2.5555235015693363,0.08643737533973538,0.7938839314594508,10177.936170212766
112703,0.0655337505162592,0.7757899300597174,752,2.5212070656416823,0.1613657857484254,0.4703243838110689,8578.71409574468
107861,0.6699220483885995,0.5359847365251303,752,2.543983476416636,0.7740766000370064,0.831569492680271,8750.81914893617
11230,0.630028431367323,0.9259755848712523,752,2.4550525878463905,0.40063456194830055,0.6578433509155119,10782.529255319148
94325,0.22244864413328047,0.8803822762729591,752,2.5393528801300276,0.30976889104888244,0.6289944993048707,10425.83510638298
2866,0.3421294951971099,1.028367784829643,752,2.330628486400025,0.14548022746676734,0.7246816723198053,9115.538563829787
89791,0.057555027112003554,1.0218419529719636,752,2.4740654406179234,0.18565405544441388,0.7068558706491526,6899.76329787234
99518,0.036278431367323005,1.1114133069074708,752,2.5594259835516717,0.21194623388977413,0.7711966680951192,9106.69414893617
96925,0.7078209845588126,0.8573568097411748,752,2.45516193034251,0.44507892382412534,0.7203821036331333,7516.5
47848,0.10742204838859948,0.9442671708711391,752,2.365329521267522,-0.15230365523649272,0.6138566107309978,8799.349734042553
18515,-0.5417983173648642,0.9986315536906649,751,2.5382621717611746,-0.7279649340243984,0.9194364517777249,9526.645805592543
104394,0.24848130979891758,0.6696740865205427,751,2.5907257947775792,0.18498275303411404,0.4569414392523415,10420.806924101198
106474,0.29641739501862485,0.8391338294135343,751,2.572912567813794,0.29776568699937495,0.6617302865806183,9742.932090545939
14572,0.03276892631023598,1.2623834887988008,751,2.4825690975689976,-0.11372095367909835,0.8121508007068111,10832.207723035952
92714,-0.26941660409366985,1.0269523180948614,750,2.3634199867672154,-0.2669983509657651,0.7741176140506967,9277.010666666667
81593,0.01725006257299677,0.7695460721089762,750,2.5808431177844247,0.091783114282556,0.597914590044541,9406.250666666667
119989,0.6999167292396629,0.6989521052217087,750,2.5758690747421635,0.4872339852439856,0.6279458447136715,9766.577333333333
46628,-0.1627499374270034,0.7904627319887423,750,2.5618743831427655,-0.1777995930815385,0.457498011982123,9556.112
66338,-0.13074993742700336,0.7817978208371889,750,2.4633667931579524,-0.3286172299917955,0.5454476598580223,9590.072
5102,0.0457485049405979,0.8849809681053827,749,2.4611139762967555,-0.03404562437471671,0.49815334832843206,8901.325767690254
116095,0.06711032069493683,0.7867746187489393,749,2.5343304198112397,-0.016850175936471565,0.528528267477349,10126.807743658212
122719,0.06043475327170622,0.9191524628748617,749,2.551312583140731,-0.025487399408454525,0.6423066571642486,10408.724966622163
73940,-0.8113943522022593,1.0486440114379287,749,2.407595340151225,-0.7372776553924149,0.926465582653075,10453.220293724966
74482,-0.2513142453931807,1.045320474515045,749,2.471067115230944,-0.24404110401444165,0.5786130546490722,10873.205607476635
14421,-0.9195385444586011,1.2010386067742054,749,2.4936229780406656,-0.8462288954682889,1.0983745609369489,8826.707610146863
137976,-0.10778954579371458,1.30949409312164,749,2.4649346959341556,-0.38271669325878926,0.9815046441029315,9683.802403204272
111176,-1.4196608108672886,1.031613375233542,748,2.5732242835190924,-1.2260429597962315,1.2975753756805126,8145.493315508022
119664,-0.5192597413485722,1.026856085317864,748,2.5229915696246157,-0.5969657732108858,0.8409787127518177,10206.931818181818
67477,-1.057361345626647,1.0112677175043396,748,2.497181779502483,-1.1412129396756814,1.250759557732049,8153.951871657754
116241,-0.6242062654127429,1.1290011440408902,748,2.5135341246856795,-0.670139913131022,0.8992882473423143,12251.561497326204
84390,0.022852558116668753,0.7688978750972273,748,2.4807916893294797,0.13059164815846083,0.5367344608129053,10514.756684491978
23921,0.45266539234126757,0.8307532595449311,748,2.5379957552182555,0.383042832501294,0.5991268016012729,9921.775401069519
9514,0.32231779875837985,0.6754738330748775,748,2.457711287730301,0.1576641339161676,0.4805176750962382,10550.82486631016
100596,-0.7411848750384116,0.902437280119212,748,2.534081276927245,-0.7901834072450525,0.9335904220667819,9571.098930481283
119724,-0.7064255167496416,1.2216965097605934,748,2.5069506388817033,-0.8558320339401705,1.0761372980273272,7028.355614973262
19242,-0.046958772768368906,0.7547560153164844,747,2.497837547231108,-0.13507996868846528,0.4982090288786006,9785.171352074967
107520,-0.17145676473624016,1.1890218899100347,747,2.5009363455812816,-0.21224867794450078,0.7632755066937938,9695.75234270415
68180,0.5915954440991009,0.6797341410695888,747,2.5243290775241767,0.5030922795262128,0.6652291193178805,9224.79250334672
69916,0.6779408256252055,0.6018546977191218,747,2.555043405328061,0.7570098712221803,0.8467986835064518,9991.500669344043
98168,0.8247317426444893,0.9776557967961907,746,2.5068782970788286,0.7717259641722866,1.097628755101231,11296.603217158177
131052,-0.3220510991785672,0.9593921840008856,746,2.515334795698086,-0.320855592504629,0.5988047446251777,10873.274798927614
17163,0.1947049329930146,0.6938005443573788,746,2.517137921003488,0.15149141557880436,0.4651779720568283,11512.741286863271
61848,0.7208443431806821,0.7728307090303413,746,2.6009135846998706,0.5261896809295263,0.6667929651277933,9922.549597855228
94773,-0.05962689492141049,1.1641536249176445,745,2.574304175648656,-0.08572442509493965,0.803103832535421,10389.873825503355
74175,0.5403731050785896,0.7978539131382175,745,2.5694874991608887,0.2035433544978371,0.5374349054989201,8349.069798657718
1516,-1.032781257337518,0.9418820933382889,745,2.470720314165204,-1.0663336964010164,1.1150578680753913,11485.5355704698
67181,0.2222522997094618,1.1779575088335958,745,2.5072895828694493,0.1520992068168298,0.7630869764013003,10693.442953020134
87441,0.08265498427322049,0.7353534863899642,745,2.533220899493452,-0.011656603790703325,0.4812172640182117,12798.387919463088
84379,0.14301887977729777,0.8167399795083291,744,2.48033045989822,0.1241854379085268,0.5004198905905876,10117.793010752688
1185,0.01869092278805029,0.6946558721452974,744,2.4720541989940963,0.09716984662537173,0.3405671643537602,8888.891129032258
60978,-0.11168542129797121,1.0480770998915288,744,2.5241162354884907,-0.36876943903122933,0.7838288325923359,10237.806451612903
125930,-0.4577875718356057,1.2157742577008575,744,2.524340053359351,-0.4692979974439571,0.8224922787200678,10464.701612903225
97671,0.04490060020740527,0.6168855215607191,744,2.4607098145567146,-0.0750893642011483,0.3940525093220943,10759.102150537634
120105,0.042884471175147265,1.1173493576827886,744,2.4926345614683703,0.03311365126344034,0.660861139748456,8982.584677419354
26012,-0.579092692025478,0.754534131750055,743,2.5610589408697684,-0.49415488402278124,0.790039921059663,8619.064602960969
96482,0.04944028240251663,0.7673023449693374,743,2.5497578175437017,-0.09242480779127256,0.5063276635230849,9030.874831763122
48715,0.3475560293742528,0.837810224422059,743,2.372316188560836,-0.024813847348814155,0.5529256807372227,9257.242261103635
35439,0.2607458005720993,0.7891935913654968,743,2.569718320893165,0.10869917327102652,0.5170174871403382,11201.372812920592
89619,-0.1800348185396099,0.8658033602185083,743,2.5318398164167837,-0.23994845434708145,0.566266473867529,10118.281292059219
129802,0.22171484498663485,0.7960121883060303,743,2.2878891044948766,0.13879336680424142,0.5937341092175379,5529.845222072679
78055,-0.2850146301143073,1.429672932786736,743,2.6092917616836986,-0.3055936881973973,0.9856486611400718,8849.769851951547
15918,0.2896825435061503,0.9085143015870758,743,2.58677149584302,0.06584459933321588,0.6504279359208058,10080.055181695827
57903,-0.053150656205080526,1.2489746113506686,742,2.5963948330331403,-0.07498314305848879,0.8434220323307452,8285.89218328841
54469,0.5546660553852156,0.9766499181302843,742,2.50936046616985,0.4466446242742295,0.7400648971202193,10892.118598382749
40846,-0.10705901200022883,0.8129784143780978,742,2.5339906805180124,-0.14466106779574017,0.568216032014067,10209.82075471698
76138,-0.08719258250122719,0.8650503907723156,741,2.5826109716427186,-0.2333232246450741,0.5673626772023009,9026.879892037787
102442,-0.017691907737394708,0.8423823893406416,741,2.505707026929208,-0.3892515193770792,0.7092734477621864,8348.59109311741
120415,-0.271403108817017,1.3262523063119662,741,2.5854100360058587,-0.24869044097347578,0.9648348550435318,9124.63697705803
60834,0.02954156054870527,0.7624900705628218,741,2.529388885964874,-0.12988602187802098,0.49618428340283965,10995.214574898786
116943,-0.11890648263618031,0.954064985775132,741,2.5044881697570442,-0.2885258469500322,0.6063441338827756,10186.17543859649
79454,-0.6307859734630394,1.17839975124785,740,2.5226012077101028,-0.6883789369920285,0.9326187351457823,11404.605405405406
133684,0.4482680805910144,0.8450573870134139,740,2.457996120208375,0.2763954104199739,0.6065207534917204,10181.864864864865
118174,0.08948429680723091,0.8042273472161421,740,2.632710935510295,-0.015455427424994091,0.612424713449146,9423.997297297297
87931,0.14691672923966337,0.663454995042278,740,2.5279795418713484,0.06304270457864773,0.4627506461845169,10858.474324324325
70721,0.36921402653696056,0.9569167012858124,740,2.495580365851028,0.40543119777904857,0.7392679706693865,11670.871621621622
138382,-0.0848400275170933,1.0444882180476467,740,2.56818903426303,0.046046547170999944,0.8466497320549411,9613.940540540541
64077,0.5367815941045282,0.6127716999617403,740,2.5248216339233926,0.20087769300562427,0.4422071042056719,11852.460810810811
15655,0.5307005130234472,1.0740467059979095,740,2.3767687141892284,0.3468178719899661,0.7240822068141546,9655.897297297297
19066,0.00885854250082696,0.693662258298688,739,2.5317431882001804,-0.4339882201341488,0.5965881082300901,11012.182679296346
19881,0.049453941688919034,0.8375237065177386,739,2.6203100155309356,-0.29846476720085313,0.5579743568155134,9323.918809201623
63618,-0.1731441638591189,1.3802760182408842,739,2.6076777287167223,-0.3636542892798275,1.0398887093338547,9581.729364005412
42331,-0.032012810055729535,0.9531484671634115,738,2.384639893622724,-0.27759494118524347,0.6367085221930726,9853.237127371274
61744,0.3643286533589043,0.8421378000788623,738,2.5002485574238977,-0.02117227727049214,0.6058936701334094,9325.556910569107
32061,-0.017107661004239105,0.8248030047778707,738,2.4270598674111072,-0.1815536062788041,0.44388044546864125,8071.585365853659
57770,0.4022690327626983,0.8349880428795431,738,2.4778271923462394,0.2619863660277721,0.6353608956268108,10614.936314363144
33985,0.28370534712584217,0.9094166193500398,738,2.5187056781682937,0.2933942385272884,0.7751182941573134,10885.558265582657
9799,0.0025400354727254104,0.9544069839520569,738,2.4651339928622695,-0.05504081777114297,0.6014706273759337,9434.635501355013
120479,0.5614831249036198,0.6754561866147272,738,2.567005373845115,0.3408104174925471,0.5175589107581651,10579.4945799458
101975,0.08519586203099117,0.6670678101686175,738,2.5302418266051085,-0.10917542886626012,0.5130669853200482,10665.588075880758
63247,-0.5668892409095903,1.0859591465648173,737,2.433945633602282,-0.2675938561454805,0.75307323586874,8802.599728629579
40850,-0.663904166282725,1.1642514438040181,737,2.4128914668296892,-0.8276143726288283,1.0650964600788897,4203.398914518318
114440,-0.023469973609726136,0.6149897431869242,737,2.5120312972051693,0.12669422994663884,0.4644612295506112,8141.225237449118
135105,-0.21342926804663254,0.9093130296161743,737,2.437977204610247,-0.16922527216111818,0.6441111826544448,9262.14789687924
80103,-0.4217060658756693,0.9714260214405676,737,2.3992984736413376,-0.5672465635561909,0.8812848482502759,8303.443690637721
14665,-0.05739127618774509,0.7777885902641319,737,2.4627068318224743,-0.01089214188635303,0.5072469571502793,11471.459972862958
49857,0.07897236017589115,0.8675014963017507,737,2.263251088429357,0.06540246865140197,0.6796382235274524,6402.446404341927
22253,0.1691993379353156,0.5720170365397241,736,2.5313293109349595,0.09837076703939868,0.4260807738718424,7438.724184782609
113734,0.002759120544010951,1.0325912703428635,736,2.6022746364077904,-0.15162792850317897,0.7520791600920184,10591.74320652174
133697,0.25207977271792403,0.8517851446018119,736,2.3873607666723102,0.24746730916112844,0.5881636554982413,10751.096467391304
105070,0.23917216402227215,0.9525624988714062,736,2.52147143463146,0.04437965946176726,0.5686722445488969,11958.763586956522
28340,-0.048871314238597474,1.139203650088014,736,2.487395593154093,-0.15800326918105426,0.6842542631120289,10354.153532608696
11748,-0.08963218380381477,0.9015495611499692,736,2.4483892387284145,-0.026310674059160873,0.60246453326317,9653.68070652174
38773,-0.3681647924994671,0.9925351277107134,736,2.4808520059469252,-0.4181110360045791,0.7527961834955682,10398.71195652174
36391,0.17735151184835907,0.8507525766997786,736,2.4779626098712404,-0.03921897224419964,0.6591836796074138,10251.834239130434
26138,-0.32264848815164093,0.7413705462839535,736,2.4928477193908685,-0.2555830126893275,0.48486676391155253,9321.888586956522
65409,0.24256890315270674,0.631730252168971,736,2.5951088340544772,-0.011592424651958253,0.31247858640428217,9566.971467391304
83554,-0.22550174902120634,1.2355312802052292,736,2.5698587294206714,-0.41226995152850876,0.8798572306462663,7870.777173913043
60598,-0.32468653162990213,0.621870678150284,736,2.4695409290983363,-0.3176574257774573,0.41258581276605666,12072.834239130434
62430,-0.03188761858642364,0.8185181133024484,736,2.60196467233446,-0.24568940873626535,0.5178435713317557,11901.376358695652
20273,0.2656667292396633,0.9306067437777491,736,2.3849809333320087,-0.03296999250134967,0.6353814309103659,9617.351902173914
79833,0.6060199901092287,0.6216655357201955,736,2.5703933156340146,0.3308986505390555,0.49435210863099405,8703.05027173913
109843,-0.1675390530732619,0.7200474764025909,735,2.554799684644661,-0.39599921762326323,0.5274170278296045,11965.997278911565
74245,0.6426650285593913,0.4153411788771756,735,2.5451410070162352,0.5290970204121604,0.5882540821031546,9852.542857142857
35098,-0.3845458557943502,0.966331585922988,735,2.510035666149253,-0.510539851405951,0.7513102952366086,11671.322448979592
35761,-0.07162068572632307,1.2129561715111277,735,2.5432037995320433,-0.13812649973730515,0.8009527920415169,11214.180952380952
424,-0.37985438792654946,0.978648382696538,734,2.412536189048296,-0.27277866287116886,0.7795971621483474,8282.910081743868
19163,-0.15710234432981895,1.0291070141467917,734,2.6022276205034176,-0.15473323120082794,0.6804147987949365,9100.602179836513
104833,0.3340420698391182,1.274263602159334,734,2.548239716023538,0.1993084639175584,0.9304797620519829,10642.693460490464
90009,-0.5378925350655139,0.8892946553500192,734,2.4763824159197014,-0.6633100697805172,0.790366459989961,9857.727520435967
62987,-0.3130968947385382,0.8137085616357645,734,2.5761944667664527,-0.3560172071476628,0.6066173901161369,10723.795640326976
76789,0.10575028994907676,0.9624372293025406,733,2.4286684870150728,0.3187383295638286,0.7668740452538624,7292.034106412006
55304,0.4822850784893222,0.743037997161901,733,2.4333160262055507,0.21813279459275875,0.5341312376701108,10081.237380627557
23026,0.2987925818999635,0.8922101752734408,733,2.6137372278712285,-0.05587165225076342,0.6340394236530359,9729.169167803548
15822,0.2953819406994178,1.25236192064322,733,2.477522894066213,0.1948375760965494,0.9729637728616851,10208.637107776261
102497,0.3301704809449837,0.8153601946364056,733,2.5820130157004044,0.02425547561309813,0.5208896792295884,10001.305593451569
134653,0.22724459809212227,0.8393610537416359,732,2.549615884852154,0.003693592032924169,0.5911347054228081,11063.289617486338
93669,0.060577931425455755,1.078439293842548,732,2.6153038071021713,-0.13653066481177842,0.5751292003388022,10427.920765027322
22877,0.28393858716316034,1.0460100778524601,732,2.557964564718898,0.3785185205811956,0.7640748390406319,7649.058743169399
27074,-0.3116898281373861,1.0208518737493293,732,2.5927048646085438,-0.4578131841142393,0.7797978322276992,9336.938524590163
112861,0.12683476202654864,0.7008030327224665,732,2.6820381674867573,-0.12938276707248364,0.44469528478821607,8714.405737704918
89227,-0.6013073144761836,0.9395950398595305,732,2.446956223601908,-0.5958400330579691,0.8278503246880977,10691.691256830602
2344,0.5551134505511386,0.9311182983172389,732,2.490978943282865,0.5286961147079604,0.7523614117652255,10184.974043715847
48346,0.5127637237751825,0.7173906537015345,732,2.5624070158880894,0.4444996439717612,0.6745938099530082,9206.176229508197
51693,-0.14024174070569195,1.2881241143953668,732,2.525776002703263,-0.2060938766299331,0.7565072677362592,10767.243169398907
59341,0.27096044508665784,0.8040333777306232,732,2.587047015648667,-0.03762830348345754,0.609918374641905,10762.765027322404
4884,0.19722452677728297,0.9438204247482634,731,2.4501517506092836,-0.043569868951613314,0.5550656767241767,8607.619699042407
23068,0.2300562641233843,0.8803634599409699,731,2.4766368633475992,0.2363515950243546,0.6656994354724405,6781.225718194254
100471,0.6438729535898684,0.9120014889731743,731,2.4275732379161035,0.33855209304966105,0.6573442311965783,7045.0738714090285
23866,0.4639823927143554,0.7975939682245324,731,2.4015809839430036,0.1041069749160536,0.5415026898807331,9740.247606019151
98541,-0.16118860591765527,0.7649324895354093,731,2.500711167516695,-0.181928646753862,0.5317589013871683,11723.225718194255
69282,-0.21385618457702638,1.2717758258045913,731,2.4578159985956605,-0.5594562232778851,1.0683716112245998,9713.63611491108
112680,-0.280887648325316,0.9451547318608181,731,2.526697284022351,-0.3107115331042482,0.6168068325248035,9667.407660738714
68744,-0.12014893423502881,0.6158789029343853,731,2.4649979073696104,-0.0590982407137021,0.5064021734144504,10559.428180574556
8053,-0.3787682022671861,1.2868036865645702,730,2.5363595983841773,-0.31531679152314945,0.999399394053661,8824.193150684932
54703,-0.07123395569184376,0.8094018464304473,730,2.5224726364220316,-0.155182588428842,0.5536242018607909,8947.88493150685
22166,0.37602631828075905,0.8559384033842818,730,2.206653146279577,0.07857941580826215,0.6269121532951242,7783.178082191781
16447,0.33424549636295087,0.8558794008669575,730,2.551695299512441,0.1532559588938455,0.5402045895130505,10742.117808219178
95360,-0.17856338049970555,0.9838687456863587,729,2.5935467200191624,-0.1649883514390606,0.618893050386191,9041.754458161866
25174,-0.39667037638447944,1.2527829705567617,729,2.4850320193740907,-0.5975598204378676,0.9608978944476311,10011.395061728395
113898,-0.21834390176170837,0.9994647265764213,729,2.4768979547967658,-0.0921487964906835,0.6884718795888877,10191.340192043896
39381,-0.1442698276876344,1.2717173852730992,729,2.5277371086782368,0.006360596572477079,0.8530172988325765,9809.471879286693
27551,-0.4131312817342736,1.1042668390441959,729,2.4975772289619744,-0.5978629037827586,0.8730346272719951,9222.393689986282
63391,0.0882404603782092,0.8487189341119502,729,2.5589528643496786,-0.03732486679765445,0.5310812176388877,11345.080932784636
22861,0.33263101495394887,0.8563995106440694,728,2.529582195940763,0.17757472262694626,0.6404269373770576,8332.449175824177
34127,-0.17767118284824868,0.8636634460073112,728,2.5671373550299714,-0.22872714779914566,0.5634352495178122,11484.828296703297
27673,-0.02451184218890834,0.6293057617692931,728,2.520334154381988,-0.16020929693799313,0.42871556891514434,9456.653846153846
110432,-0.0032206333976994017,1.116907689631431,728,2.492522808342926,-0.16223297978888354,0.7014126189494201,11082.309065934065
56358,-0.31297338065044666,0.9370369401722144,728,2.4519816600590794,-0.2925357641530037,0.6485403417155953,9140.701923076924
89896,0.2433453006682349,0.885684492935121,728,2.4579909374617985,0.14476595950492072,0.5259972564309648,10660.773351648351
33624,0.325762883085817,0.8110899410005892,728,2.5844064635030493,0.25484942931282073,0.5993467968473304,9390.298076923076
97435,0.3903233226462568,0.7759923775916,728,2.308762207335768,0.10552046699310924,0.5815851263982412,7077.104395604396
22231,0.18290574022867423,1.0196906561634125,728,2.5706276150231213,0.10388916541705225,0.5967477199728494,10722.699175824177
45669,-0.21201184218890834,0.8981426381523607,728,2.452518795532239,-0.41758567500518,0.6970755701271732,9833.115384615385
62599,-0.5519843696614357,0.9531704288366762,728,2.5044655801513827,-0.653634169566418,0.7822102870251574,12577.483516483517
137839,-0.918179556867627,1.3105046518447963,727,2.529534336361368,-1.163671282228813,1.318189797275923,13224.636863823935
98871,0.07136576505233538,1.1411789304014386,726,2.4878735117007116,0.20290956012770298,1.010623011964076,10594.260330578512
67325,-0.3411686702093726,1.2871383328412251,726,2.561752011513005,-0.5879310742600062,0.9945320311297905,11268.797520661157
5107,0.12646218378511787,0.861434249096959,726,2.3374533199143226,-0.2936785617860827,0.5725922737776437,8773.125344352617
79624,-0.03744966194490962,1.0469504540132475,726,2.616683323938814,-0.3611145401721711,0.6601435756514623,13065.214876033058
50774,0.07825281739393342,1.125645166112483,726,2.4961320903309874,0.08531888330761735,0.7333708415097874,11353.14738292011
5155,0.3399608063746493,0.6908252162695258,726,2.4988461543107072,0.3532367285241643,0.5343133102118346,11863.353994490359
8644,0.16916190830302424,1.3551915453661516,726,2.4227548368365714,0.24834852677067631,0.8342552132928096,9116.44214876033
93755,0.554148134198341,0.6183189503071377,726,2.4577356349709323,0.47517561826078264,0.5969806838361646,11068.279614325069
101611,0.10019259130862901,0.7009960798075165,725,2.3039440708414647,-0.07785288557409491,0.4681816135626745,9233.971034482758
99552,0.2788132809638011,0.7839599835822352,725,2.503230916519607,0.49245226501064565,0.7329399922417594,9683.046896551725
92472,0.2939856947569046,1.0302381962893534,725,2.559024866451289,0.15540905670341568,0.657373541543229,12062.646896551723
39387,-0.13954735915812666,0.8972178051379546,724,2.4798024602812947,-0.14560060290419033,0.6349192857992653,10491.831491712706
12080,-0.024906475180226373,1.042129624393701,724,2.336183352482814,-0.0225033143607678,0.6952900937460481,9693.419889502762
24903,-0.14645343650619314,1.0057687527208368,724,2.4658594752392977,0.07850997818868029,0.559621631910618,7667.476519337017
90045,0.3010603756485031,1.1002169213127835,724,2.4182348963265063,0.018947797416771585,0.8803767935114278,9196.53038674033
84288,-0.4655142099868561,1.1681430817331635,724,2.6020071337225033,-0.46515510230985985,0.9858407779003281,9894.723756906078
94344,0.43296645299656955,0.8412445517591051,724,2.4845499863659772,0.37565331301929844,0.7143027076836632,10870.524861878454
46555,0.014458165703751469,0.7671954311251398,724,2.4374112323751023,-0.22031643142517102,0.5579336588182793,8695.03729281768
69481,-0.16648106081558556,0.947510782252496,724,2.506098906133001,-0.15046951225920835,0.5513059694140607,9755.918508287294
85034,-0.607474695379977,1.0780245939888946,723,2.5544703436155007,-0.7315791407128687,0.9663354195736338,9736.020746887967
84581,0.5073247513696773,0.7787993766185413,723,2.542115617216988,0.35112425172405265,0.6542334968314831,9897.38174273859
648,-0.002357129681498371,0.9452032962055322,723,2.5371000635165957,-0.11388362420862753,0.5814599643542242,11231.448132780082
107398,-0.2686088585888293,1.0232360000217335,723,2.5951468721524242,-0.44744866104459485,0.8539478608730294,10036.688796680497
4748,-0.05661512671601532,0.7566553930726319,722,2.394749083980538,0.0019405157549070699,0.5635178326039499,9740.616343490305
116996,-0.3066151267160153,0.6411861015926714,722,2.574986067220139,-0.5455981671535752,0.5978489280671873,11592.583102493074
77354,0.4350746239765053,1.1357267159710203,722,2.492216382311968,0.062015054611657294,0.6739969250028496,8795.367036011081
83224,-0.16949601314260798,0.9377960995204054,722,2.542783026966788,-0.30395170659453774,0.6990154474894479,11616.390581717451
136082,0.4295344577715192,0.7523270440881417,722,2.5229227393748315,0.35755655320579327,0.6530962705568841,11904.239612188365
55522,0.19341464879583548,0.9055513837857136,721,2.5603955614771925,0.10191401631937669,0.5746741416671642,11597.514563106795
9490,0.28356721467655666,1.0870207347010004,721,2.544518237045814,0.053541016831034766,0.7737155362040605,8916.608876560333
29693,0.15596665989153546,0.8564028243201138,721,2.490331411416322,0.20257534671361768,0.5508544102093005,10288.818307905687
41818,0.5040942604463208,1.1221838092630942,721,2.5475179753880504,0.5421342786767667,0.9701839578451383,11268.809986130374
115268,0.10464904546712495,0.720712916085555,721,2.5274044707246692,-0.22371007061885573,0.5161608256211825,9580.119278779473
126524,-0.07669438187144761,0.7955007442426173,720,2.487940825755313,-0.09815131148612506,0.4832477385027537,10828.980555555556
114453,0.15663895146188533,0.8181970277015799,720,2.5342282813767487,0.08882002560568497,0.6054828697619915,12291.1
36263,0.6774722847952188,0.8996814285335074,720,2.5475712961026575,0.4195699424476076,0.7019159999993951,11186.425
30896,-0.03988882631589208,0.6865989761658643,720,2.5451227206859066,-0.22643600976104095,0.4664160944668059,10979.37638888889
23101,-0.3912777152047813,0.8032225193221887,720,2.6489754791589184,-0.7217317282725111,0.8267936634613595,8045.988888888889
90878,0.09275006257299667,0.8962039400082055,720,2.4400965693560446,0.13072621945127125,0.5969315609666921,10302.763888888889
46964,0.5719167292396632,0.4625021144183525,720,2.507336041962308,0.28819815374372754,0.41067145214569695,9128.105555555556
103195,0.4587222847952188,0.8856958264824156,720,2.1968266751766383,0.2562903445156979,0.6453879577939284,8834.070833333333
25296,0.40386117368410757,0.7811810161168007,720,2.480666456795061,0.2832443334945574,0.5425403607488647,10798.72361111111
73364,0.3858056181285523,1.009730896214075,720,2.6245545363693172,0.24216125345709483,0.7053758478686128,10235.331944444444
78825,0.34275006257299667,0.7638271072640574,720,2.5429730767545444,0.27745938073264104,0.5400548439986795,12159.602777777778
108011,0.32608339590633006,0.5145822130270716,720,2.4192109418092818,0.5827890111261003,0.7679960906200519,7966.061111111111
34823,0.34900006257299676,0.444674679104218,720,2.546350024548832,0.20808233213702693,0.34189370082213216,11811.141666666666
112158,0.04761117368410783,0.8012721567806771,720,2.461010409023941,0.015384086058769631,0.47090825366683703,11328.619444444445
75941,-0.3795436323736885,0.7502051405802765,719,2.622822363891481,-0.6081745478245415,0.8167252819096135,7932.972183588317
22966,-0.17648382708857024,0.9444720125586853,719,2.5747356299796116,-0.22511387937994248,0.6558089086900463,12145.759388038943
107256,0.138537035220192,0.8737895625622936,719,2.4428434099159992,-0.055813746207740246,0.6142665634841289,9680.248956884561
93596,0.36384996985162443,1.31231217666334,719,2.4794471665860907,0.20861881590936143,1.0067662028793547,8643.267037552156
34409,-0.09581623320818089,1.290748851293429,719,2.4664200547523776,-0.282807332996758,0.869457655826735,9616.671766342142
130710,0.34646471254981615,1.0123500804407985,719,2.470654957084419,0.06761187653716859,0.7297674586832601,11308.004172461753
19279,-0.1896966226379444,1.0416002583553243,719,2.3796514178474526,-0.1544897112669582,0.7407692443447715,9571.158553546593
124922,-0.4087508646407261,0.9339773872133186,719,2.5771349817936953,-0.6184483069338,0.7939737008921787,10961.464534075105
109096,-0.952735081345295,1.0346801383888427,718,2.484735079457413,-1.077442832800741,1.151906668747655,9896.264623955432
97953,0.19768274595275503,0.5740474235445308,718,2.5831524885311614,0.07804452760867503,0.4094671260684962,9494.628133704735
34350,-0.702735081345295,1.1353448366557388,718,2.5436127360294924,-0.682186060994412,0.8931679842260477,8911.3426183844
130450,-0.04187157159599142,1.0389442499783506,718,2.5925202908711404,-0.3239742559970946,0.7926374194891861,10063.213091922005
31321,0.5191970639676966,0.7985034856242511,717,2.5022589105314332,0.48388830219819295,0.7418442143676613,11934.534170153416
57355,0.7235206344000535,0.8644844230812327,717,2.5635527013725006,0.682344190611137,0.8551125531396404,10148.693165969316
122560,0.16285117833310814,1.0004824771268404,717,2.3728028775180126,-0.10316764460324092,0.65189491417342,9784.760111576012
93024,-1.547748542726864,1.5562779331209105,717,2.575128665894084,-1.8006532139237648,2.0989485312497465,11803.337517433753
2930,0.3381178465580992,0.6826747754280528,716,2.50889297434079,0.2882262512985012,0.5951542890023648,10534.054469273742
126527,0.023173712479886532,1.4015021255756708,716,2.3789215695763133,-0.06131513814358414,1.0225009036043635,10941.438547486034
91070,-0.34623969534134247,1.3087996777491,716,2.5697210158860724,-0.42489068208489056,1.0804511525058507,10377.748603351954
132090,-0.02221734897262717,1.0839034374510343,716,2.5080759226263285,0.031108409387849558,0.9801045833043103,10009.477653631286
134929,-0.28897712550894017,0.8336498467816726,716,2.5542002248956295,-0.4205196275764069,0.6554498961218608,10480.138268156425
30062,-0.13255254450335352,1.134719520086073,716,2.4270541679149433,-0.2381044865059765,0.7529280532673791,10436.101955307262
89096,-0.28897712550894017,1.36714956795699,716,2.5992755237965217,-0.6183955859266435,1.0917592340739304,12956.59217877095
47559,-0.35182628752011347,1.005298110964707,716,2.471291792283398,-0.1930743960211717,0.7464962973039655,9111.237430167597
59923,0.07611253343546753,0.7023244844763538,715,2.542236112532464,-0.08712536241724408,0.4677502324610241,11273.358041958041
94446,0.053734911057845114,1.0281497593639572,715,2.457806591987515,0.03525740904545663,0.7020230630881167,11234.93006993007
79703,0.5397488970718309,0.5010634906405145,715,2.5520356552906467,0.4929705294915548,0.535328268042162,11751.316083916085
99474,0.029259386582320523,0.7818395236138965,715,2.5717867700541173,-0.34003645919280917,0.6352939483410129,10921.795804195805
33495,-0.07633501901208506,1.1055534088841654,715,2.3701547092833772,-0.31939982993741867,0.8596578559018906,9159.544055944056
11246,-0.29731403999110606,0.7727167295652191,715,2.4903394175015623,-0.526102688514865,0.6894379971156389,13227.864335664335
67839,0.6831055404284743,0.5686862464781954,715,2.44888642141538,0.8161752777969443,0.8323580525422816,9160.373426573427
103199,0.33625239357532744,0.9193230363451387,715,2.596739180673713,0.28412768163463653,0.5696594132007099,11437.033566433567
137563,0.46183269562621776,1.0177164128556488,714,2.4340999881542738,0.31546208719417873,0.7985405530684184,10405.322128851541
41439,0.14880748554218437,0.801356403996246,714,2.408449730962633,-0.024167122965750014,0.7282014629752537,8524.59243697479
107769,-0.43102444723092503,0.986361286953365,714,2.5474305852259356,-0.5750939454278908,0.8174708244538649,11576.29411764706
138397,0.6495077656542292,0.8299626181468807,714,2.518016566191692,0.4895031959614224,0.7545237241555558,9147.228291316527
85544,0.6179951606122125,1.0223134803889238,714,2.5597886662927336,0.31827799175099913,0.8455358743307502,11890.415966386554
119655,-0.04477331283607322,0.9181926774027841,713,2.529882306570278,-0.057304931562637114,0.5101792796687014,3978.3856942496495
69082,0.749055579169537,0.8026967916975156,713,2.5808468846774812,0.646028949904297,0.8101810926654314,10429.920056100982
104973,0.24274421872072915,0.455418704404989,713,2.4884020658239097,-0.20341395401005033,0.40922862646016334,8441.14726507714
104331,0.19085081058608688,0.8081348948591925,713,2.6259598291218484,-0.15319505588783341,0.5938860724592655,11726.374474053297
13543,-0.2067648976888079,1.4217689373230362,713,2.445902572253355,-0.38301731031188,1.0640953439806229,8725.984572230014
135993,0.30024772503208963,0.7343954498802161,713,2.5436994954640784,0.2675398015572099,0.5303393076876132,11283.412342215988
11843,0.0393781598146985,1.1353148261515,713,2.4281547379490833,-0.20786993374657703,0.7839191677520942,9240.598877980365
22337,-0.8617438598206455,0.9295342450541046,713,2.5470138984955004,-0.9438636190634772,1.0093884574726637,12237.357643758765
99941,0.2504581037137168,1.0039260592019403,713,2.5977542361515,0.03325760755552761,0.7283067109026423,9852.259467040672
24893,-0.2992911359288759,1.008863504820442,712,2.5363575255619955,-0.31647454808620734,0.643053080246771,11857.436797752809
17014,0.2175627966553937,1.1348999490026053,712,2.4219279366475077,0.28389807331700756,0.9810714711258369,9190.755617977527
32530,0.3362425719362925,1.12432125260084,712,2.5345329775584666,0.29440848081356275,0.8604740578142703,10553.234550561798
22658,0.1059054932846073,1.0211528411797055,712,2.5392679156474665,-0.04173415169284701,0.7428179991487379,11686.522471910112
13849,-0.7515383269401119,1.0274559274869097,712,2.5610527580184277,-0.925223721558093,1.00883170893829,13673.557584269663
109469,0.44017515620595526,0.7356337532469726,712,2.3613671537749483,0.14823328277919845,0.5302446311057666,8284.238764044943
68260,0.2793605494643825,0.7538280625542181,712,2.49928970712037,0.16335027684506978,0.5141002055588555,11647.037921348314
106193,-0.06895405727719073,1.243797924597309,712,2.5946357416596646,-0.10655933341221904,0.8583784795373497,11122.36797752809
138307,-0.3273810235693255,1.0040352121715932,712,2.4942019858266224,-0.6226273237495817,0.8912225679263537,9813.001404494382
53795,-0.06929283475471104,0.8659298997218804,711,2.5126934833780084,0.03392725232093086,0.5492267937129455,10128.137834036568
54612,0.04674092051955059,0.7319271812313198,711,2.5591780833976827,-0.19699353964428942,0.4954392947427626,10337.430379746835
30857,0.1128449992818572,1.2030003496784365,711,2.590724497854929,0.15117039283459077,0.8057141970717706,11450.85794655415
94464,-0.07913812308101198,0.8553367748410184,711,2.454948467867145,-0.19880057071108034,0.5442692465395232,12540.260196905767
29287,0.3078322221974097,0.786104780723187,710,2.5394247374248025,0.10478919991351633,0.5764052855501238,10816.876056338027
80276,0.20712799684529726,1.0546556857039515,710,2.6468602951083904,-0.0046496281042363264,0.7461077268292098,9782.956338028169
127434,-0.49780158061949153,1.0335001831534627,710,2.514990945164702,-0.7213107666606013,0.967131428074283,11554.539436619718
71001,0.13811391233825487,0.9983687205174804,710,2.4646592080130745,-0.16260891649806808,0.6389432718075309,8330.019718309859
123946,-0.35558679685342565,0.7108061004856024,709,2.623655636984989,-0.5792667641005737,0.6526126936391682,10277.56981664316
88549,0.4391945853750654,1.0130510262205317,709,2.3639991995954612,0.36768687980557946,0.7638611781439746,9361.847672778562
85623,-0.5311862326785315,1.1403941566862787,709,2.558711468371201,-0.5748239498653495,0.8880484401747536,9911.684062059237
79401,0.4942016375612428,0.7915584806678011,709,2.5984596462086063,0.40816507805128094,0.6178235856124544,10253.488011283498
14285,0.21711446935265766,1.320898108766576,708,2.5340352606190897,0.074842214987694,0.9409028216091891,10739.631355932202
57924,-0.3817555871445175,1.40616970088635,708,2.5830485999695156,-0.2548280703790279,0.9665271354206442,8743.579096045198
9628,-0.13952394872643836,1.215806628308025,708,2.5636226608886483,-0.12519663108185952,0.8826813006657974,10327.320621468927
78160,-0.2970098244326529,1.2571247498748621,708,2.5012182329767576,-0.48227264887238097,0.8718661788903588,10251.795197740114
58228,0.12106927161254477,1.0711396537074833,708,2.496836101533734,-0.00430660884017176,0.611870954648625,8290.28813559322
113655,-0.2165013498563817,0.6467031265376201,708,2.3992712666935154,-0.23592518744072635,0.5353253783304924,8721.347457627118
33136,-0.0025182990089240853,0.671407643310286,708,2.2615296402457155,-0.2657639106747101,0.5029583295810518,8849.02966101695
93149,-0.20308327076033672,0.7485842365856349,708,2.576644686085306,-0.39201661690880707,0.5303961002357089,10025.912429378532
82981,0.12248170099107591,0.781024762959181,708,2.5303200464854005,0.013891703617872548,0.3665577843938522,12127.772598870057
15242,-0.44813976793547816,1.3924402875422488,708,2.5418243814590324,-0.6045910498169372,1.090666058858177,8994.093220338984
133950,0.6479054298046352,0.9232129860947175,708,2.4476593059379996,0.3694279225811011,0.7003975463226214,10081.183615819209
34954,-0.4799194289524271,1.2186246873852828,708,2.5243436050569112,-0.5197891253078788,0.8756973360730509,10450.101694915254
100614,-0.2482810108733311,1.0648964677424961,708,2.5609800969051246,-0.29777332184447913,0.6662709582756253,12325.466101694916
106712,0.13514162315762634,0.6894016036854839,707,2.51858427699699,-0.11808066471642514,0.4222095590594618,9491.100424328148
25071,0.27870597959327004,0.8633121963921984,707,2.5638975296626114,0.015927548940449787,0.5389550499140296,8844.524752475247
97285,0.4088332780374002,0.7442570283091091,707,2.479495248913935,-0.07591807781309139,0.5391832216973754,8378.157001414427
61493,-0.3691016583133777,0.745914715713203,707,2.5105786690913905,-0.40840599617896683,0.5823023629738014,11213.850070721357
121484,0.2362731648832277,0.8485296248993036,707,2.39625540867697,-0.001366971316730548,0.5518769148785024,9276.181046676096
4759,0.2553679315027466,1.0681961570045093,707,2.4453330631928427,0.07278606615361385,0.6941463933914295,10809.712871287129
5303,0.524816304911516,0.7078090881008238,707,2.437397949225097,0.6159837679174304,0.776653320314734,9669.244695898162
137015,-0.1970634407320082,1.0515983550364811,706,2.5499688224884687,-0.27570460568216987,0.6925596304647018,12290.856940509915
48232,0.381548457284989,0.9190455303620321,706,2.5685002346353816,0.34911012607555403,0.8064570270643815,9875.451841359773
61853,0.009027210826065613,1.1508662820345472,706,2.450308041269249,-0.08115494233933958,0.873602822548227,10353.720963172804
97195,-0.20556202430141335,0.8985030199464616,706,2.5704107440368,-0.33490041425491396,0.6434729194622855,12119.78045325779
128693,0.6450045479365469,1.0605690086289394,706,2.402730712569689,0.3994323701356142,0.8333940894837522,9356.596317280453
27679,-0.13969800163852364,0.7804751773253208,706,2.4165172218611795,-0.2908491816528411,0.5072524005568735,11709.539660056656
86592,-0.09791329908894841,0.9508095689026685,706,2.4234840921219343,-0.32150035445378355,0.6583050891811547,6583.133144475921
73463,-0.02213426226175308,1.050440646588901,706,2.457956206607904,-0.16514252938578167,0.781277386694673,10519.737960339944
74742,0.5019450578515614,0.8144122010621554,706,2.35007714666732,0.1461979045380734,0.6121594893222256,8359.12464589235
17571,0.1641263609677086,0.6921107124309721,706,2.525204135324295,-0.1408469623633538,0.45573805501599063,7092.8526912181305
55285,0.2527677930694505,0.8208846127128838,705,2.555855356489403,0.206834729816772,0.5872296097015236,9889.151773049645
46464,0.8286543178921453,0.542158062082553,705,2.440391794574404,0.5373020159035379,0.5614078239864577,10894.717730496453
12271,0.10099474342406056,0.7630995227945254,705,2.6180346000213204,-0.11333875776229184,0.47203965648648505,9305.008510638298
124297,-0.23375702962558487,0.6624863902595843,705,2.5102424447201686,-0.3063880316830211,0.4138449961758181,11987.014184397163
71992,0.27617204838859966,0.9205569229308416,705,2.4002150255090777,-0.1682702546160423,0.6898083931507204,8195.384397163121
94278,0.2534770129276067,0.9343205811820556,705,2.550655747897998,0.18753407236776065,0.7137731075631407,10683.98439716312
91544,0.12504172923966328,0.7229750501824698,704,2.622391877533857,-0.12652364595835272,0.4423322817299109,12154.285511363636
57959,0.5810076383305725,0.6685176253000876,704,2.4920416893018924,0.33927937446438083,0.5028625589135566,10834.566761363636
96441,-0.04754349803306379,0.6326167683963796,704,2.5641811485836663,-0.21795393812422725,0.4423675706208146,11440.795454545454
115843,0.48086559287602704,0.7595327063053294,704,2.615763518788706,0.16325970224886766,0.5617637249065978,12107.90909090909
96180,0.4453542292396633,0.7567743191990239,704,2.342598748228864,0.14902380012580393,0.578870040003596,8153.919034090909
132195,-0.1746741798512459,0.6213734823164385,704,2.486159357017387,-0.2631405141496318,0.4862858842689566,6922.230113636364
110255,-0.005640088942155064,1.0742726526290851,704,2.639213749643199,-0.13497275069771988,0.5200053004934315,9458.269886363636
78842,-0.7385946343967005,1.1206469224354292,704,2.404187677280385,-0.820309799049878,1.0617183026225137,10453.759943181818
128095,-0.039320824103153296,0.8728912100431784,703,2.587168532022138,-0.2979500032158918,0.5829388757088299,8894.486486486487
69538,0.41871616024962055,1.0049239873734412,703,2.5461963594745476,0.3192905587654961,0.7585742411799167,11390.140825035562
103906,-0.2939438681998814,0.8056784353717084,703,2.658384385091804,-0.4610168073734134,0.6343997328291929,4908.146514935988
84222,0.29922825128802755,0.946093797697058,703,2.4993597110764325,0.13624680111159607,0.6539211724279237,10545.69985775249
44650,0.048872632511355985,1.0022102963498674,703,2.4864245403317145,0.09821288395774151,0.7084667892720257,9233.765291607397
82220,0.505487141757444,0.8639897335247416,703,2.647948525863485,0.2050385590533583,0.594044264127711,9856.408250355618
80928,-0.3053236690533665,1.4039199528994264,703,2.4084381261448127,-0.4774208031825908,1.1203104795955068,10394.24466571835
14992,0.4393420492965623,0.6738121761735167,703,2.5288910154885658,0.35200589526851284,0.5417588821811684,9485.372688477952
48712,0.5444238517467856,0.8359260178790774,702,2.4898889040386325,0.3274510279884229,0.7245604482214595,10834.753561253561
128615,0.0743383816613159,0.896630149556652,702,2.4479950847634115,-0.029383801276558666,0.5923102551523275,11060.609686609687
132415,0.3870164443393782,1.0336837323457908,702,2.379600467101317,0.34084920753304376,0.7729932265124159,10211.38319088319
136293,-0.1792228718999378,1.1189548875616606,702,2.515092062285133,-0.08294690732455473,0.7910418043444833,11777.662393162393
47890,0.7032557605786942,0.655613901755301,702,2.5581485740200027,0.523276920664024,0.6569131776375351,9973.649572649572
19107,-0.11155905423612023,0.894258368752115,702,2.5313899981887986,-0.15059764964681563,0.5890789939940232,11051.91168091168
96531,0.4055349628578968,0.7658795487201645,702,2.4646787909102126,0.3913308510007972,0.6743146958467616,10532.014245014245
55999,0.150549207872142,1.1147944848625735,702,2.2996815628862,-0.09933344580976952,0.7702430988742605,9586.91452991453
138164,0.02213070926819416,1.0171897336028983,701,2.4994088515264474,-0.22545345090441288,0.6157488661486438,8025.379457917261
105607,0.26464140826962046,0.8176384949204564,701,2.5278454728285573,0.026516719363670695,0.5000932931234854,11751.365192582025
70346,0.42369989614408565,1.0452684351340906,701,2.590165644766506,0.11478520346818392,0.681602949892893,10243.557774607703
48551,0.6205615223923022,1.0784586968404062,701,2.4013644608731566,0.3256743898024045,0.8303571690620823,9822.416547788873
14866,-0.17473091698002285,0.8304599603048012,701,2.5481018953018215,-0.19698306324526338,0.49226578262905607,10739.192582025678
56574,0.007865374032816064,1.0114587020389432,701,2.496495066144342,-0.14103321450553005,0.6643422409711037,12149.0485021398
125007,-0.09451184218890818,1.0731880437048453,700,2.5194789273792666,-0.3149142644221062,0.7116942796147487,8455.148571428572
94855,-0.22094041361747951,0.917532523086634,700,2.55412019593249,-0.3994582551200132,0.6833458796898247,11701.024285714286
92893,0.3047738720968063,1.0861623361534105,700,2.5193572166424065,0.17301763254161956,0.7770267574171462,10104.592857142858
76657,0.24620244352537757,0.9562213597174501,700,2.375927007678858,0.29833780983721664,0.7892018182281221,9871.415714285715
14859,-0.10522612790319386,1.0878666801379402,700,2.620010157554585,-0.11054897650752385,0.6172356715140112,10029.307142857142
69496,-0.09308327076033684,0.898331389127875,700,2.561321339180154,-0.1770434326222346,0.6394506965804552,11667.017142857143
59148,0.3862024435253777,0.8413977257176519,700,2.3770540662031205,-0.04424229525385509,0.6313789670456081,8976.17857142857
78954,0.19620244352537775,0.8891229084275238,700,2.5624204845386593,-0.03296756512633329,0.5717134668471755,9560.974285714286
104037,0.11763101495394901,0.7746309683550501,700,2.4817239765056014,-0.009057772596243265,0.49746672672018283,9547.278571428571
9471,-0.2087975564746225,1.0329268960647404,700,2.547976351233114,-0.3863717488824225,0.7277272101876074,8453.857142857143
77543,0.2919167292396634,1.0426663300512797,700,2.528521738220992,0.10181888257934235,0.6881265470737465,11704.802857142857
31913,-0.0630832707603366,1.130974044345963,700,2.5253143307637638,-0.05242377696671425,0.7634255947123252,9839.507142857143
54456,0.26905958638252025,1.040244747883734,700,2.5818371204015227,0.4288873922111724,0.7728259964431143,9857.592857142858
81396,0.3619167292396632,0.6736720631293206,700,2.5548977968806548,0.2832698971747557,0.43393689448930534,8510.344285714285
123500,0.288511865148104,0.8629159405048987,699,2.5385653091860747,0.028706949547478003,0.6035724177372221,11338.742489270386
42753,-0.40032933656863445,1.0585317003133687,699,2.5811410282979073,-0.518871992438336,0.7839934203471229,12292.381974248927
74492,-0.22221774858580146,1.1528375055783135,699,2.4936300977673804,-0.2622064676887149,0.7283492594467312,10292.962804005723
89125,0.24354996706201293,0.9645200396567195,698,2.5785645084896895,0.2011484599480233,0.7887340953821191,11911.813753581662
15344,-0.28653599282337394,0.9802900699015211,698,2.322497938026721,-0.5133818888492904,0.8280262938077377,8888.441260744985
113857,-2.244988714886411,0.8729807738464055,698,2.537844995451212,-2.3076481036379284,2.3083015097226185,9075.832378223497
16351,-0.4262208065769557,1.0599176890679223,698,2.535403046275922,-0.4213236209134795,0.6733168033517716,12045.965616045845
130602,-0.3438425830812535,1.1593464291777322,698,2.5368368310703,-0.39945425591173644,0.7877322269135849,10607.222063037249
32555,0.30014022494166914,0.7834130502913618,698,2.523226919048921,0.23318909284058154,0.5703705628527646,13058.308022922636
131395,-0.1404041876657809,1.2536397740544396,698,2.4755778911435278,-0.12986379938831047,0.875806976555061,9942.816618911174
25639,0.3624611418471133,0.6761541948071088,698,2.471744246230503,0.1352050703287345,0.5021402421026684,12504.176217765043
78572,0.16475340545742823,0.7854160119841238,698,2.4895564555020813,0.14684605499462774,0.5210690737748096,5953.300859598854
587,0.037246242133646135,1.1187337676015372,698,2.60901573489873,-0.08889938920712664,0.7666823461062652,10577.030085959885
79167,-0.33812631236722357,0.6481956595714657,697,2.632316459557178,-0.37459486472548975,0.49426740786653145,7910.03156384505
56071,-0.06696418898128353,1.158722745538828,697,2.4230235600410053,0.1390425590014193,0.8235702098037062,9410.833572453372
100953,0.24867426152086836,0.8099981126902198,697,2.452274974661119,0.10413487787488312,0.49280700459640897,9455.071736011478
77753,-0.16452516459103972,1.2310951903356917,697,2.4626618581288584,-0.2695912787557815,0.8269828703243469,11120.727403156385
88955,0.15900424717366635,0.6758177120890548,697,2.514778607668881,-0.07590933721231004,0.4877704601388438,10020.16212338594
41714,0.3874339706189738,0.8696914310914055,696,2.582121237150265,0.31992651099531433,0.5737195592619907,10552.239942528735
3268,0.31846845337759433,0.6791358497066218,696,2.5900720579132153,0.16256332599093803,0.4022399432729902,10208.846264367816
20265,-0.010554535128152853,0.9787866144278572,696,2.494152517884522,-0.26981036748258647,0.6866310675519651,8845.91091954023
26222,-0.29647407535803794,0.7986540815747717,696,2.639240621395184,-0.2628288959264816,0.44022177411709296,9030.060344827587
125171,-0.8446062592660839,0.6732931904705987,696,2.406563875815962,-0.5432896611186457,0.7594312198025398,5183.439655172414
88373,0.2530948901592036,1.0008366528175756,696,2.5031142887242614,0.34253116600616873,0.8322394076642863,7783.045977011494
134499,-0.07736487995573915,0.8984396071948297,696,2.5981049633213735,-0.23918190540640508,0.5696761617808743,9732.6091954023
101652,-0.533543040875279,0.8427594729900578,696,2.3932838656043214,-0.4817925917523516,0.6248008897589759,10211.291666666666
95789,-0.17291085696723307,0.9944025930141686,696,2.4812829324463173,-0.06611325594068618,0.6120833730260512,10894.146551724138
95509,-0.7311005121396472,1.3204008895236432,696,2.548620200532538,-0.6504258607825679,1.1380825517436406,8544.317528735632
123652,-0.3798818319114159,0.7361940171134651,695,2.4309674950976463,-0.44499627920015095,0.591779072250725,10754.548201438849
30223,0.476952700462685,0.6951171548269783,695,2.494271527173481,0.009312083402146383,0.5283713878854526,10324.356834532375
121308,-0.1770041340696893,0.9596594396587022,695,2.589015748684648,-0.1797664250763268,0.6299368998577124,10760.479136690648
78297,0.21148507456340448,0.8544356805153601,695,2.5571359773003572,0.06051367218724534,0.5320803723609263,9947.541007194244
46104,-0.6597379470193294,1.2787351894017265,695,2.589360840500348,-0.6898038066992985,0.9552801842804175,11445.319424460431
135765,0.11364334794469944,0.6084064412688739,695,2.3457823385484744,-0.028763113182063694,0.3900463949947617,7048.271942446043
57248,0.1927800385921814,0.8419370779627173,695,2.5590227876760303,0.1995547704175922,0.5635647842236209,11535.869064748202
83970,0.4618447867936202,1.122105303356021,695,2.5201781505628253,0.20069250686630277,0.6616868712783911,10267.541007194244
100992,0.8726361537000948,0.7560987770425246,695,2.5790032173336166,0.4824655186975124,0.6156397322726533,13394.894964028777
124614,-0.07196816284666774,0.6595687950294566,695,2.6537881160425267,-0.144253583569495,0.5170510731034029,9433.089208633093
43849,-0.39292476931941467,0.7932636047104474,694,2.4235749302216885,-0.3155744897906941,0.5728016464450808,10657.165706051874
38301,-0.0038757779649478685,1.1770124543244964,694,2.406875607663255,0.11956636074258492,0.8500954406221244,3394.3818443804034
128411,-0.4635299566392992,1.1911579070346492,694,2.441239363648841,-0.3877412406410391,0.835357158260458,10648.71902017291
116057,0.10707523068058533,1.0599505369526485,694,2.613651797855676,0.030220172935563686,0.6529105799632873,7818.455331412104
22723,-0.1534800961571623,1.027000385454656,693,2.3726615545121006,-0.3838979113967901,0.8101994718439108,9107.948051948051
12128,-0.04020448288154865,0.6898502202122229,693,2.535936716698354,-0.2133286676568942,0.5452546244137855,12067.626262626263
103925,-0.24438918706625312,1.062460977281186,693,2.4587698518118395,-0.2569770244982031,0.8229092797437793,11259.2784992785
7554,0.07437337663850707,1.0198222254342948,692,2.5731505167503395,-0.08664928926732188,0.636390544613239,12645.791907514451
4914,0.012957191667409163,1.0175837921507163,692,2.4231598621773656,-0.0637322130414016,0.6885115381171121,10713.479768786126
60562,0.15891094889284263,1.0872787284094325,692,2.4380670549511687,-0.05615158139863574,0.8156770312221908,8707.101156069364
89464,0.9118011223032467,0.9979568061319741,692,2.4439238204844087,0.5191420452383184,0.8559880263733632,4539.67774566474
14473,0.09893985062694632,0.741634159590545,692,2.572669471397897,-0.17609816373506734,0.46438932427381396,9471.849710982659
99313,-0.14166708578923837,1.0600305214585235,692,2.5720285509154936,-0.0989231079131591,0.6673753623374639,9780.784682080925
86198,0.1509629720142298,0.8823286602610928,692,2.502731253623159,0.1088816188908646,0.6351673164566841,10047.112716763006
81740,0.2557317581413976,0.6194375960057965,692,2.5356482427091938,-0.13378223611244458,0.4697970359220651,8995.099710982659
2945,0.24706123791018353,0.7015513980004399,692,2.4571507280597413,0.228644484067931,0.531188885419034,11159.703757225434
90963,0.5953271338639405,0.7039692626712781,692,2.5711176997730143,0.5634905623092825,0.7692819476448846,10926.598265895953
1715,-4.858867941193168e-05,1.1629445928964444,692,2.495446074071247,-0.23589892053249556,0.8332767069416097,11428.690751445087
99523,0.10905545756336288,0.9717541501525765,692,2.393406278279018,-0.00320712514283489,0.611815804381867,11530.414739884392
9410,-0.6633433863672731,1.0683715330030976,692,2.5705774665294427,-0.7613167053407238,0.9475962867245328,10605.440751445087
67698,0.7644022783726112,0.8608555338456416,692,2.385152798152642,0.42478571240271845,0.6899722962639359,8598.973988439306
53910,-0.9104532129568685,1.0612943748389656,692,2.526090142718215,-0.7573949355814239,0.9698335374851746,9689.849710982659
17851,0.006938436909706525,0.7452190366406191,691,2.630246482084732,-0.13447120077077646,0.6065498466151182,9764.286541244574
75332,-0.3989949929021601,0.9464084095690255,691,2.51386494458411,-0.40611570457474583,0.632794478032099,11081.111432706222
131054,0.03588199696759364,0.8228729586262371,691,2.4299789666336027,-0.12584034526970272,0.47487610142427317,11400.403762662807
83529,-0.20724390751865807,1.074176403865865,691,2.5287907317983267,-0.18496129185625115,0.6272049749242565,11901.558610709117
13604,-0.3042048337125798,0.87423341640574,691,2.5570549506892757,-0.4091548934269005,0.6416970587351074,11271.884225759768
67117,0.47075898683734785,0.923947951515808,691,2.4368788196246496,0.34860722935569927,0.7839072066100926,10164.38060781476
74705,0.16323366122229732,1.2137186250765948,691,2.5640555810000434,-0.0812840572879601,0.8786148120627886,13882.643994211288
34504,0.6878587582251705,0.943101634658912,690,2.5281261551816905,0.45819176248173715,0.74264533305493,8622.243478260869
30835,0.43713412054401113,1.1100315882162488,690,2.5209157064927292,0.37847991193297253,0.9185854437974175,9581.504347826087
14052,0.03423556981937326,0.7599559702461269,690,2.5174732235575767,-0.18089592222001258,0.45175216665600887,13389.253623188406
14034,0.16467035242806904,0.919837626956564,690,2.4272075767080725,-0.12666616924117458,0.6417905482567071,9541.56811594203
125311,0.41792543751252254,0.8443997489166896,689,2.5265492289561275,0.16946215280359433,0.6484250362549658,11217.866473149492
80712,0.043469704566223566,0.3838726289113701,689,2.553001052022259,0.06697374561630935,0.3909776981193782,8081.959361393324
114671,0.2103782677012016,0.8143255602447821,689,2.6288185609424874,-0.003779596822222389,0.5156680945394152,10724.4412191582
51456,0.06524038671426435,0.7872616738154455,689,2.378673039783926,-0.22438818760320015,0.48326386589202885,6885.409288824383
109569,-0.21052158716091718,0.7789728474949371,689,2.499424242197057,-0.5135751761004463,0.638000785278397,8684.255442670537
96218,-0.2206812388300028,0.9098557974465118,689,2.597643686332976,-0.3559583050020039,0.6051635305240766,11999.841799709724
63031,0.12039278148930022,0.8562534160981439,689,2.31702046610713,0.03837781039048488,0.5703713516043942,7185.789550072569
120991,-1.0131340690186823,1.4580649924214943,689,2.574434125116251,-1.1300112602546344,1.4128810545051287,7652.251088534107
64383,-0.157546260600685,0.7506895098978659,689,2.5694824863228476,-0.08351532529750078,0.45814519285169686,7359.317851959361
31273,0.4505814607345835,1.0201433235154,689,2.391239713569746,0.3686476154798659,0.7898537599566117,6446.950653120464
134728,0.11531295565475741,0.5810631455475778,689,2.5583083986506416,-0.16354317467529053,0.37311106085054835,12111.030478955006
41819,-0.19673348846715832,0.6157605959186934,689,2.6309618169725977,-0.16819023368669878,0.42600784557893084,8917.12191582003
28609,0.2452113591380667,0.5151041625161543,689,2.4669064788453703,0.11053661147811064,0.4537415912702108,10302.968069666184
18588,-0.5926181544812668,1.4416625991290393,688,2.5822832904173265,-0.2243345372805767,1.4324428766917043,5783.482558139535
57013,0.552003938541989,0.8418261797919898,688,2.3895134651156096,0.24639564754334206,0.6474281804196031,6922.813953488372
124479,-0.2626762940161509,0.9816783641030549,688,2.2877598325522244,-0.342320621162947,0.7286718799888102,8496.247093023256
80479,0.2998237059838491,0.917042415549205,688,2.3925225871103257,0.16764832212652925,0.6165423031432878,7331.52761627907
27638,-0.07662978238824358,0.6355533142866676,688,2.4211808687786585,-0.46547122396313056,0.5800885240640782,9797.071220930233
100652,0.30781789203036114,0.8687886137767054,688,2.4916464783996046,0.3383682894434896,0.714703439411668,10726.973837209302
30137,-0.2626762940161509,1.1821431491592262,688,2.4828261525494946,-0.23597785251861783,0.7730369058351992,10527.936046511628
39249,0.4786027757512912,0.9071038131226921,688,2.599921238340362,0.2622936177601431,0.6719671834785353,10583.954941860466
77035,0.13121905482105856,0.89219522631415,688,2.4600345393459704,0.027115785637244032,0.6024259199530893,10641.973837209302
120765,1.0280213804024538,0.6859521591029829,688,2.5929468495333228,0.9080908722237669,1.004864668810021,11388.875
115928,0.07730246431972132,0.5127387060961556,687,2.4526510482355954,0.055924183294289775,0.3192913082201297,11895.64483260553
94036,0.30437670012758167,0.8953606881471281,687,2.5284647238425273,0.048945182100805534,0.6806032202831832,12445.01018922853
24740,0.03581774816251615,1.0022021999894444,687,2.4832461341060563,0.08667909748955414,0.7281677465355995,9385.245997088792
69304,0.6442602518015264,0.9541030979251521,687,2.559127364609017,0.44340110571160696,0.7832219223783766,11409.289665211063
69962,-0.34700612374432493,0.9619237913353834,687,2.547525567287437,-0.5197675970295986,0.7625112966439338,8527.026200873363
62431,-0.006394770032534858,0.7343179153377248,687,2.386648480028011,-0.18810564426458778,0.5010647109489986,10539.206695778748
134233,0.6106922394437451,0.8313462579609365,686,2.462395334536876,0.5132640507113279,0.7634173692045085,11280.758017492712
97819,0.012792641648422531,1.0913371502498357,685,2.4905803783108333,0.011234433590429214,0.7369678022265702,10137.887591240877
94379,-0.6923168474026724,0.9848068966679516,685,2.4732520235598976,-0.8524633603097431,1.0360081374201995,8148.464233576642
50575,-0.04779129995741682,1.0583723170094947,685,2.4579987336280316,-0.44971075952851025,0.8713575926909342,7633.221897810219
78083,0.21498242267032008,1.0130577029077634,685,2.5322694703140978,-0.04114928883169818,0.7014877085437773,9581.097810218978
20011,0.17118573508761648,0.8467919259712382,684,2.4635376828031723,-0.04846761781900763,0.5079046858472739,12608.092105263158
129420,0.2157763783624702,0.6846830929802881,684,2.598375398034339,0.0029200355458506846,0.581766135402758,13321.16812865497
24397,-0.7235511070176468,1.3372005625553658,684,2.583436765582987,-0.7185942606305759,1.0140553310176508,9114.526315789473
52886,0.09954830818703186,0.5283579956187399,684,2.5004117014822955,0.18458228351427264,0.37473992043234,9928.881578947368
137854,0.25598105672504357,0.7817616300522482,684,2.5399369296456697,0.07537910640305363,0.42486821791291435,11443.09649122807
112572,-0.2505978906433777,0.629779848184901,684,2.548716295625207,-0.3819239236493779,0.46661231940230424,10329.564327485381
58730,-0.3288142649123835,0.6473842338756425,684,2.5314109964697176,-0.4883465099704595,0.5699010092955588,9964.223684210527
57874,-0.11024701345039523,1.0744894920892794,684,2.2634445964188536,-0.3265984050404485,0.7124079172120736,8755.850877192983
136479,-0.021065726900687753,1.1132940292628002,684,2.5806519861924775,0.014498875025961573,0.9226308996585761,10192.016081871345
81182,0.41460678771919524,0.8823247695514272,684,2.5419324887392647,0.23063003914181393,0.5774335505702386,10234.707602339182
42933,0.3014921318750954,0.6236805155166693,683,2.493896151952251,0.1001478210123241,0.38775777899899044,12032.124450951684
84160,0.6162798331928112,1.0309618817815422,683,2.575228773414318,0.20501434483482364,0.8348224732019065,10194.183016105417
44060,0.15581131196294296,0.8466103193672835,683,2.5289727173772665,0.034647944282307636,0.553305012463962,9508.910688140557
40412,0.23487426950320645,0.980972066952847,683,2.5180673976966936,0.3484351911475994,0.7602509429017318,9130.415812591507
131261,0.6792373734563539,0.8428267240498519,683,2.4629158322409133,0.5042659235232717,0.7713885879843874,11073.565153733529
10437,0.2620926823188423,1.0019834799562237,682,2.483425545588225,-0.1221143820318639,0.6933259258928932,10168.621700879765
48392,0.16091966179098272,0.8193399460101719,682,2.448252651779233,-0.0327983069726357,0.5008166127941457,9899.612903225807
124107,-0.20638239099494093,0.9075461315438912,682,2.506167049759388,-0.16913693010492897,0.6132955817178015,8424.570381231671
1755,-0.14406567545241877,1.4223183241649167,682,2.597684466572705,-0.16372679138123847,0.9109388427749403,8101.83137829912
126744,-0.07588385727060043,0.8876884308081022,682,2.5781035159901844,-0.03816820786244112,0.4743454302028356,9771.108504398828
94999,-0.9930392824905421,0.7367951084501395,682,2.512893957378637,-1.1598110408868008,1.2284467610281584,12538.121700879765
17871,-0.1162064379157619,1.019367370003494,682,2.3914905425459416,-0.27810412068193113,0.7123007077130926,9177.953079178886
83968,0.07807508701092436,0.896636016019728,682,2.5434534711058543,-0.09684962769706368,0.6722697638417604,12047.533724340175
49201,-0.058626589409382035,1.2246276138508514,681,2.5430029882484084,-0.06391032082697824,0.8485195959403573,11911.393538913362
67224,0.30040424759502304,0.6207293411121378,681,2.4454732556218186,0.33264825442602075,0.5512465009615659,8149.42584434655
116918,0.3708888290928205,0.881834051740276,681,2.499123801317862,0.2134579468826559,0.7414175401705366,11324.925110132159
79333,-0.3750729917588682,0.9171537886052757,681,2.520423813716723,-0.36607303283043385,0.5879581243688389,11413.424375917768
25669,-0.5645003045341985,1.0805342207897255,681,2.332004864836014,-0.7247671511083832,1.045907644654354,8835.039647577092
99164,-0.5079657964578406,0.907253767114912,681,2.533481419248063,-0.716087921001219,0.8239461811821597,8750.176211453745
92680,0.5595819274775486,0.8217237868411659,681,2.458891889669122,0.2938402488302515,0.5833616371105929,7679.287812041116
112337,0.2673646000179306,1.0317004013929774,681,2.5521558233673582,0.01874497019418536,0.7601001070524256,11811.625550660792
111402,-0.5160421547544631,0.9066269604229805,681,2.539336054165888,-0.7033201063224014,0.8232698614920676,11812.947136563876
37250,0.14397555276907514,0.904064718745565,680,2.6160958963776286,-0.23499427730087388,0.5783644363737169,8953.573529411764
76118,-0.04499503546621897,0.7862548151355463,680,2.5460473166768463,0.04057063312206815,0.5837219050522028,9292.210294117647
113846,-0.3251420942897485,1.23402553641204,680,2.5809758370620886,-0.34742793548406625,0.843316589754788,9741.9
55139,-0.3633773884073954,1.0725885314716828,680,2.3636108652416166,-0.40547566727703227,0.8012699525869397,9312.098529411765
136754,-0.24278915311327776,0.8364425521917456,680,2.5933049365505463,-0.3243871550419014,0.5140711529788461,10447.198529411764
3673,-0.3751420942897483,0.6997728619990677,680,2.1705385596985245,-0.41849577122003984,0.6679698523321292,8061.0264705882355
20528,0.13074025865142813,1.5044592816776772,680,2.368398719017346,-0.00715893255871901,1.1532962704949148,8357.70294117647
127017,0.15279908218083982,0.5804262698819931,680,2.5798984228666835,0.06183558145421131,0.3495293367935031,11492.435294117648
5954,0.0638284939455458,0.765902121651163,680,2.584677591453593,-0.23621627696219033,0.584356449199173,11677.902941176471
112351,-0.3619068001721013,1.1097519650323975,680,2.4680855945424196,-0.5302451322512018,0.9001419743988932,9740.758823529412
107331,0.14691672923966337,0.84521959918087,680,2.542416466877264,0.019841698468417605,0.5484555640158765,11716.711764705882
43463,0.07926967041613375,1.0103756539730944,680,2.5013829941905077,-0.16299501468199504,0.6253764473556953,10549.723529411765
11865,0.2513284939455458,1.0525316731498513,680,2.526034248239059,-0.045481352168807984,0.6642218944367724,12177.942647058824
112008,0.15279908218083982,0.9323600398294337,680,2.331166837487581,-0.17119547142676955,0.6580108537759379,10046.525
70213,-0.07220091781916027,1.0576020272269036,680,2.4713465841053006,-0.2191939804918756,0.7365736927060018,10042.488235294117
68351,-0.3979362119368073,0.8750611047833966,680,2.5075322993225724,-0.5130048013052458,0.6678261394189052,12122.441176470587
5814,0.6204461410043693,0.8642792884146703,680,2.510052162961667,0.3709335607407411,0.6052222278536596,8575.541176470588
45125,0.6188975834370125,0.7487367047402095,679,2.499641847908257,0.23627294857927753,0.5765766789471036,10556.136966126656
108067,-0.6049610321741805,1.0054768757025498,679,2.3817018201933937,-0.844435616108261,1.0057548427243548,9265.98379970545
105672,0.41197563940166626,0.6975202576261214,679,2.4338930672058265,0.13032657527455807,0.532969580848079,7263.673048600884
112940,0.2853187910953334,0.681906966505838,679,2.4091066470074156,-0.1017679024755002,0.48248871517780834,8993.493372606774
90093,0.2006354332160991,0.9162495580431386,679,2.5789588406899204,0.052335828943619725,0.567867842317329,9860.648011782032
137717,-0.11747944159980639,1.0803853598175186,679,2.482566531594847,-0.30679653077076346,0.8537985273639853,7215.483063328425
20344,-0.31188297620952676,1.0758969618449934,679,2.24594498578833,-0.40733159855122253,0.8635524235335659,7987.60382916053
115212,0.3530654773987205,0.6032345263415835,679,2.553026014908154,0.43218628609853904,0.520958294211998,9678.77614138439
101696,-0.05595937695502684,0.685407232768264,678,2.5984433834906855,-0.1644921185467996,0.5736048228921511,11991.287610619469
84269,0.3179344283547074,1.1523812913917828,678,2.4184491483627246,0.3963101580607317,0.877304086133719,10581.002949852507
82578,-0.2985847456865902,1.1374581197338596,678,2.5580981351733256,-0.5178720868831753,0.8361613582254743,12799.389380530973
93386,-0.08509951891395584,1.0719522454846173,677,2.525122758743988,-0.35878915945684386,0.7480841311837804,12401.884785819793
79208,0.27605262288811216,0.9181828751161102,677,2.5448037457025072,0.11084968583672335,0.6670628987716891,9514.951255539143
31152,0.41637758596049057,0.6299851226437965,677,2.442202704953223,0.34244307360323145,0.5375042019822458,10926.61447562777
15882,0.45773652244498075,0.8085561955260903,677,2.4665408401648383,0.15436688685639283,0.5919196921425358,10639.719350073856
115800,0.0441471576000767,1.0421571932598643,677,2.3801839603079666,-0.3327763421267833,0.8224339282516334,9480.290989660265
120097,-0.2756460477175007,1.1232405561654024,677,2.4310958219983068,-0.5270453022772184,0.9058599868979568,11058.961595273264
50708,-0.365010892621489,0.9700216625512772,677,2.3468554079068777,-0.6567636407241029,0.8350484166467631,8824.420974889217
52814,-0.03413940074556576,0.6683959977906176,677,2.5987635103595585,-0.17218167790832148,0.45552613227638944,9935.161004431315
30567,-0.03888208732838416,0.7724047764770244,676,2.55308832913054,-0.21585224408720463,0.4502936144867107,9755.541420118343
23596,0.1867096286479475,1.0902613149257299,676,2.4433608347632236,0.08831996970774322,0.766164334205228,10341.32100591716
91261,-0.04258031218045488,1.028409724512908,676,2.2461969635448646,-0.11168834860773169,0.6655445697209413,9244.610946745563
90394,-0.5669885962041237,0.9753759312797013,676,2.5969759444051466,-0.651660949610099,0.7888109294431856,7938.486686390533
63880,0.2946977943284206,0.7810810851801006,676,2.5457495169696296,0.05927212847376517,0.5046811155056182,7944.673076923077
7472,0.0698457233225036,1.0694111225458445,676,2.4030807019663287,-0.22380587103691882,0.7182585349063123,9871.48224852071
50436,0.4544611079378882,0.9695619657531026,676,2.463334226675751,0.44773668623127555,0.8978105203757214,6971.631656804734
16785,0.3797569659260538,0.5361708499758224,676,2.5487627260757626,0.33242802964769225,0.3983337504646116,11006.454142011835
47589,0.7266504570503138,0.9392470207730867,676,2.5701177647782703,0.511393656085953,0.7462639552319154,10661.761834319526
856,-0.02113060803844302,0.960753810902289,676,2.5242862869264813,0.127755916559706,0.6585571958907799,3633.109467455621
42747,-0.42719569679583946,0.7575393572033279,676,2.3135584362106143,-0.6951472693853397,0.7581179357476697,9985.800295857987
69596,0.12014158131066921,0.8569436386000039,676,2.3517210865298424,0.05955357912508472,0.5956697820523965,10463.828402366864
35709,0.6238398061627404,0.6045353281347277,676,2.5071609217912263,0.3423055831267107,0.46808304659471145,12686.887573964497
31589,0.5556204329433672,0.8053242161310883,675,2.4414988458645586,0.41619753437574136,0.7073067787785849,9147.087407407407
94070,0.5889537662767004,1.1717204842815447,675,2.453310323091217,0.31933215671093745,0.824000404457119,9646.037037037036
54739,0.36525006257299664,0.6660704554565132,675,2.552041015602563,0.2674258502943058,0.5719303145819271,11627.896296296296
130685,-0.018453641130707243,0.8344292167794369,675,2.551680778386519,-0.023946360326672342,0.6101433457026317,10751.985185185185
124732,0.33413895146188555,1.0095880602672676,675,2.41465687755333,0.17990509901977134,0.60194801786624,10410.413333333334
105295,0.05562043294336716,1.0588196361375886,675,2.502312483247493,0.1847770231855316,0.765614837478279,9950.822222222223
96447,-0.08956475224181837,1.4415406151000265,675,2.4814866813941867,0.0743155523672684,1.1619936406348836,10601.878518518519
18080,0.7312639102485652,0.9572016178610049,674,2.4605477365675243,0.6933020978900465,0.8938404456698669,9540.013353115726
115848,0.4627179161832835,0.8094932351232637,674,2.5155457228142,0.23678222908294785,0.514517901944748,10912.103857566766
83972,-1.4490031520659747,1.0976775629502693,674,2.6057353486349575,-1.5229185354396995,1.572229968461305,9775.970326409495
110807,0.20752503784500442,0.6151207622449689,674,2.474801820024718,0.18601331869317103,0.4928823804654087,8389.20474777448
35780,-0.6594354252922834,1.0508701535735467,673,2.557127386243276,-0.7185812106903648,0.9182276523354849,11311.393759286775
112913,0.03893010219657267,0.9388662242424528,673,2.4417333324816,-0.06731639831412023,0.5090771729562877,9092.61367013373
70232,-0.19806841191932634,1.0339286638456946,673,2.571204347116847,-0.13501762959907557,0.7720398016474641,4912.5512630014855
91774,0.15037140977458163,0.9444682247073117,673,2.4622134699172538,0.14475818111998517,0.661948182333406,10536.369985141158
26460,-0.7545320077588507,1.1444152778154275,673,2.424332888777145,-0.8958143297538869,1.0195226060539007,9064.910846953937
24636,-0.12451714891784027,1.35681231008675,673,2.4751114456185244,0.05318968576328833,1.0023800571513477,9707.796433878157
109299,0.4735512017508072,0.7219642952194953,673,2.4328156889615657,0.2283070882662381,0.5461449338187283,8819.94353640416
134215,0.6288260903095,0.8466938252619094,673,2.5299325262534547,0.2831369731061265,0.5964372951224508,9600.867756315007
97398,0.16745907693654294,0.7445102927139285,673,2.5117322170044645,-0.09893500010135134,0.4932505222837018,11060.659732540862
97438,-0.5598811905225953,0.9127401221220527,673,2.4732244971007504,-0.6481780984188416,0.7539361187034282,10486.953937592867
20824,-0.0691546993317651,1.0081238041175096,672,2.539038264236533,-0.21504074717324478,0.7212504046189843,11940.254464285714
98729,0.17935720543013955,1.3395078825970241,672,2.3731912459022197,0.011062805024288046,0.9765406014453643,9415.953869047618
106755,0.013434586382520486,0.7323396675398183,672,2.406752870352209,-0.29141564629448846,0.5989373897735536,10141.683035714286
21714,-0.25888684218890834,0.9996514788130104,672,2.5901850025460456,-0.28989453754688427,0.638516454990449,8335.641369047618
48727,0.8132857768587107,0.5981465915408766,672,2.518142771865672,0.8107248768261839,0.874157184119471,12321.619047619048
90245,-0.3280832707603367,1.1438945685265838,672,2.4070148057911713,-0.6371361735575777,0.9188104617056376,10120.78869047619
42784,0.023851253049187005,0.7505760183637918,672,2.532100602022707,0.045387662711834365,0.49943827755945724,9571.361607142857
8459,-0.6182618421889083,1.342537568028156,672,2.4835772396152014,-0.5783937835756076,1.1203369145166273,7960.983630952381
77004,-0.30055350885557486,1.073832294369258,672,2.474063684212629,-0.17505683818501985,0.6442160760612732,10174.953869047618
136941,0.38471434828728235,0.8645786173093112,672,2.418730189005834,0.1456534557414145,0.5855035078985448,10236.434523809523
4594,0.9620953006682345,0.8957718021722699,672,2.582885330512535,0.7408661707543512,0.8948282815246552,14906.846726190477
80414,0.31105363400156794,1.0160710832450646,672,2.4414935132074658,0.16352266656424352,0.6088049189319718,11975.049107142857
87321,-0.3146904136174795,1.0198327383138286,672,2.547939689033105,-0.17680230133202976,0.6822724192274926,10353.809523809523
63127,-0.6584404136174795,0.8122210302104449,672,1.8485373022332128,-0.678922572581922,0.8547554635099676,4516.5610119047615
7577,-0.06022612790319393,1.0612997923810539,672,2.5329159608180474,-0.1525577414193964,0.6840225324669019,8791.16369047619
85244,0.1027203006682349,0.5660967436810619,672,2.156674087024548,-0.09825253207535654,0.41021586321485504,3930.0386904761904
90242,0.3485188156778154,0.683300432991948,671,2.4645409230336885,0.3295442153195013,0.5987495585383065,10932.518628912072
88173,-0.2856093512372371,0.9085329270547515,671,2.5006347765012156,-0.258758866564853,0.6215167356598074,9829.850968703427
82860,-1.1082621083162234,1.0332721380415593,671,2.5619255909168284,-0.999283822042883,1.048651741568005,11083.877794336811
102349,0.15403297365098956,0.7877659654477431,671,2.537875693161303,0.0348938552994754,0.5452467974678895,10933.1043219076
54214,0.3619316323693207,0.8902650115680952,671,2.5944563043387423,0.0911026476637416,0.5586301002335607,10747.262295081968
2711,0.4588019751413026,1.1683159139854018,671,2.3777021507279636,0.1692061144596688,0.8362823598052364,10241.524590163934
77159,0.5020210511472638,0.791872796864578,671,2.56837057599714,0.26085962108192967,0.557044309890064,13807.831594634874
14916,0.12795249675084053,0.8977193783699148,671,2.5616540474223997,-0.13656844772431584,0.6588598007158726,12645.818181818182
27110,-0.4221131215066052,0.8537056474224206,670,2.5023560102533775,-0.45753902844053274,0.6651943716904958,10342.208955223881
74401,0.030871953120260365,0.695835646987426,670,2.4969725560158933,-0.146923031985973,0.445535103727374,12430.664179104477
4423,0.5047525501351857,1.0061675367543834,670,2.4940410994424775,0.21699714364288286,0.8228255414121584,10397.373134328358
86058,-0.3967399871782473,1.121099310384259,670,2.559920769878539,-0.5069929465124545,0.8076563549974063,10425.776119402984
105547,-0.44375491255138133,0.8226842279729487,670,2.505760632183278,-0.5462560900321191,0.6673196107717297,9403.822388059702
84614,0.653260012821753,0.8756947197621988,670,2.501613650812761,0.25916549637211533,0.6721189474217292,9704.280597014926
133821,0.41669284864264844,1.0555262194880677,670,2.578228900057057,0.5144031589624356,0.9145574239608375,9665.573134328359
4217,-0.7586802856857098,1.1298522736314867,670,2.421853009297097,-0.7898776398125813,1.0330383476283302,6691.632835820896
5623,0.23394961414250348,0.8544315924767484,669,2.4839543536821664,-0.189134693126976,0.6113517199723342,10808.493273542601
97410,0.09194662460588132,0.8928119470289496,669,2.61453663257081,0.027496861474073677,0.6277227582449426,9589.587443946188
119734,0.04112450203487983,0.88212936451967,669,2.4811185346481768,0.07025083329622944,0.5622607105459827,11336.503736920777
45986,-0.12330001216541886,0.8175147580316486,669,2.542991332408175,-0.23736663426616295,0.5978986004594143,8716.40956651719
75957,0.5045026784175408,0.5883723950962189,669,2.591522729787438,0.30027185272282186,0.6011222544323518,11284.061285500748
27942,0.21003332116791462,1.0124805216621475,669,2.4123256944195113,-0.021535730482104717,0.6710168524663094,8785.479820627803
49824,-0.3505047954240137,0.9800889586977017,669,2.5343812561546453,-0.3453841263256406,0.6976296061036439,12503.512705530642
24796,0.11661030173592657,1.0694125522266056,669,2.194860398184485,-0.180472482073526,0.7110579637467423,8773.83707025411
67666,-0.07920434699352041,0.8021412765430846,669,2.4085837218752677,-0.2592355799802209,0.5962220156600468,10043.72346786248
77452,-0.05038865998189346,0.8017387866443121,668,2.545463957369589,-0.39468199765085454,0.5688045707298539,12742.696107784432
49872,0.14122810648517214,0.8224008470774224,668,2.370355788897177,-0.15230239849323127,0.5863861639829925,8972.239520958085
106348,0.15619816636541195,1.6797965871936862,668,2.5551810718346113,0.061016852368455776,1.5082894201826986,9668.857784431138
67709,-0.6259874623771031,0.9098965012466556,668,2.525213758142011,-0.7972460160510119,0.9367391220816049,11346.748502994013
84302,0.0102400825330764,0.6839769520956345,668,2.50768755929529,-0.026500824406490067,0.3613523867793953,11786.850299401198
58785,-0.30712518692800117,0.8007741633002505,668,2.4825667693286984,-0.1351481503260122,0.5592410358210088,9449.33383233533
115829,0.4241622382216992,0.919753757327325,668,2.5953849541974474,0.04949444069978995,0.5820248256224496,7654.029940119761
90143,0.4758089448085254,0.9510586543832308,668,2.55817971510208,0.33552851728713967,0.679403795389382,11222.58982035928
37217,0.052156250197747056,0.9316355350296085,668,2.440535243272362,-0.16535917602908698,0.5963487285088858,11798.706586826347
120734,-0.21955033662860002,1.0276400252045812,668,2.4877068769525668,-0.3799354536944949,0.7437358942934075,11572.258982035928
136595,-0.011466504293270674,1.0605969535546373,668,2.5240332071528586,-0.16670196896763248,0.6849771048285106,10687.847305389221
102131,0.6479646334312799,0.9192402560682442,668,2.5271895857027014,0.5029273186722064,0.7274263798764937,11108.573353293414
125649,-0.16865213303578575,0.8810605778705362,668,2.5225630243743136,-0.19939839166843806,0.6704734247249508,9544.315868263473
42143,0.20110834600613048,0.7965261566643347,668,2.5815719162482034,0.10620697368051289,0.540302312165599,11282.967065868263
65852,0.5669692030027815,1.0715076473751879,667,2.615067332776678,0.4296097834415975,0.7660302386418164,11672.48275862069
132146,0.2536258746669495,0.9390564969509473,667,2.605215139698786,0.1263242266328005,0.6236650698471542,9997.229385307346
115197,-0.5154895676119109,1.2152523019923998,667,2.447802362026127,-0.5918338652853566,0.9098223205920262,9581.631184407795
120707,-0.17441010734204587,1.0846308935761226,667,2.4485893904369167,-0.23204171998865267,0.7897233253510325,10567.527736131933
43819,0.3128462644720469,0.8774387923761979,667,2.5697644863658637,0.4261825828298518,0.6593663350782466,10696.893553223388
131896,0.2798627562261702,0.9544646834311755,667,2.486359459274159,0.26175667337914144,0.6615108398737599,8829.559220389805
113954,0.03678159410452819,1.1732211541085835,666,2.3389823480998886,-0.23090173949817627,0.807012398299715,9258.028528528528
92339,0.21245726978020363,1.1351561817655795,666,2.566997788549944,-0.2136720184021278,0.8163854365711896,7517.360360360361
100639,0.16966447698741094,0.6152774563586667,666,2.577991884878909,0.030938558375561857,0.3975011335657857,13748.756756756757
79347,-0.038293480970546856,0.903269392176533,666,2.5224156218247433,-0.2893204292758051,0.6843127545999877,9241.615615615616
78602,0.46020501752795173,0.9460234531488848,666,2.526177715239486,0.16772197695891575,0.578260651614213,10790.232732732733
109687,-0.01652170919877527,1.069467561980861,666,2.4550556957144347,0.09967671731800742,0.7390018093968352,8662.267267267267
136860,0.3588536661766004,1.303826843611656,666,2.539374905007129,0.2873528730367968,0.9863529623504861,8418.024024024024
131407,0.691436248759183,0.6988134371340944,666,2.4965271913005616,0.34941988726282264,0.5307563897003577,10888.993993993994
112921,-0.25751270018976635,0.7323699126788779,666,2.50541258328807,-0.6490864469503654,0.7535970218845984,12419.376876876877
135694,0.3821269394498734,0.945563897134809,666,2.4598569048801067,0.29234345920314847,0.6442818939037593,11556.033033033033
57369,-0.339344532021598,1.0638739965391062,666,2.5211413644844773,-0.3444666294124756,0.7199929372190776,10215.288288288288
125821,0.12011492743786167,0.6258381902358235,666,2.429897999224496,-0.009754947525758822,0.43332062530499993,11369.804804804804
129006,0.7244692817922158,0.5276713785115139,666,2.274524430322513,0.5110557174716234,0.5773161923138521,8872.986486486487
110149,-0.14161710534680294,1.344823965889217,665,2.535045294784286,-0.15387609343414518,1.0010517539963628,10142.26917293233
89869,-0.10627875948214127,0.5930493927225061,665,2.6120293458758974,-0.3545636190806194,0.5095027991776709,10160.846616541354
30043,0.46514981194643035,1.0273515113239229,665,2.43485103118283,0.21484457301791832,0.6782398818029157,9624.69022556391
58027,0.16740545104417448,0.7378396360743779,665,2.548640330078014,0.07560329560842867,0.5415691904141804,11397.547368421052
122318,-0.06342161662499857,0.7191648738442079,665,2.5029715906921206,-0.09382738885483652,0.4722186494519409,10478.224060150376
103018,0.24495889791436198,0.875515323209925,664,2.5041266501443404,-0.11556808303594754,0.6014410063170622,12597.852409638554
71206,0.39782034369749475,0.8589116353457531,664,2.141887559784946,-0.02647030984254825,0.6645971928518166,6483.6777108433735
52106,-0.2640772466639514,1.066796096956915,664,2.5524401425399823,-0.24280967043722315,0.7637196556606443,11965.30421686747
75472,-0.18651700570009577,0.7467301986454922,664,2.5733163304162385,-0.31838244295266643,0.5500606265612312,13487.296686746988
95466,-0.05172784907358974,1.1468619261742528,664,2.615565438704602,-0.18639595708356618,0.7554407896768197,7689.8373493975905
29218,0.4580613075529163,0.670575865306789,664,2.6113936378747544,0.3171562079273947,0.5213656642670037,8761.161144578313
53608,0.28035046417942233,0.705711210300927,664,2.4922596103842727,0.17265502331518373,0.45237279051737,7424.486445783133
122055,0.45655528345653096,1.0232613648987423,664,2.4960720452023923,0.09987273294028344,0.7426137583251751,10061.626506024097
118631,0.04691672923966328,0.98336464914217,664,2.472770591485924,-0.11843625007644197,0.7113360647561077,9492.313253012047
77228,0.35819123904358463,0.4305990663604334,663,2.4991565065454875,0.32561460000100295,0.4390648191218937,11298.84012066365
126565,0.03466182727887901,0.632108880924607,663,2.4019358722346675,0.032327762959660035,0.34308400377180437,10004.113122171946
75572,-0.7406021244556609,1.917058930989263,663,2.6429103328058865,-0.7877034962053473,1.7948199872675843,8195.092006033183
9362,-0.216469394440578,0.757381174464044,663,2.503384826673404,-0.38052110101224035,0.5707146062644557,8795.775263951735
96378,-0.03321147588854201,0.964711628329777,663,2.5243051139808275,-0.2979442537340379,0.6517007930543142,10799.730015082956
2988,0.41475232501643555,1.0944128011289125,663,2.559288415380308,0.04579965813595355,0.8016885581534625,9942.953242835596
78781,0.1628669554840072,0.7384004323029447,663,2.5005083825758248,-0.2322512244092577,0.5504277746510511,8362.574660633483
118860,-0.3808736176683305,0.7522898958507444,663,2.4240107273316895,-0.3823587837353686,0.654317093412107,8398.101055806937
5730,0.6100766085760134,0.8638113351527366,663,2.5129863045346004,0.34492983645496006,0.7017326433860013,9993.668174962293
46929,0.06693183497984467,0.9146261108319872,662,2.603908159242464,-0.003842436467881895,0.5189196996617691,11043.367069486405
132210,-0.5735515487059559,1.569789199659425,662,2.588563987524793,-0.5362814329860962,1.16427961919954,8291.28247734139
91793,-0.34167843692347866,1.281709833025175,662,2.5101545641176215,-0.45014316142202204,0.9274972733212009,12072.601208459215
49668,-0.738204116681787,1.359063367919861,662,2.530993911044915,-0.8445378088041574,1.1842709420237185,10224.04833836858
119447,-0.016905023026197785,1.0583557602383058,662,2.551776178268047,-0.3170455350229564,0.7022700393885453,8105.4622356495465
10788,0.10696204646020702,0.7168882883078688,662,2.4562656737094644,0.05630529230310591,0.5130552375917454,8906.598187311178
72715,-0.32959384477846365,1.1389796170110724,662,2.556974075169065,-0.42605067904872557,0.8655754553441373,6098.247734138973
90099,0.15832156307652134,0.572144152440412,662,2.4385004579184395,-0.1134355957708721,0.43981504963853907,4775.808157099698
81338,-0.42702586894764805,1.4709847575903474,662,2.6278946173114517,-0.5957981409271482,1.183885923205204,10658.667673716012
38663,0.679481025760087,0.6436898586409993,661,2.2770269189800167,0.4981013734729428,0.6445798167589084,7093.599092284418
118236,-0.2917746474623035,0.9871358884080258,661,2.5023241023160074,-0.15140603538030545,0.682793540146346,10248.077155824509
32899,0.38825560972377815,0.5955180328170253,661,2.401821340316283,0.19695919593291528,0.5232384526826528,7949.425113464448
131467,-0.12536012401298402,0.7440013627552022,661,2.1697942816796947,-0.44649103687516967,0.5860241733596455,8782.88502269289
87938,0.06828586690985983,1.229776578581611,661,2.4111033392702956,-0.25268153406806265,0.9019477717644915,5402.449319213313
88383,0.4101920696330068,0.6469293833975265,661,2.5631416008628483,0.3561895780791789,0.6387192764314409,12310.108925869894
13255,-0.034143876820942776,1.06892636673671,660,2.264640019580863,-0.31670486564454764,0.7867257484403877,8143.986363636363
118895,0.011310668633602639,0.7271827667725509,660,2.4767353599727318,-0.06760061584221942,0.4051035181130718,11918.634848484848
21165,-0.3091438768209427,0.965657062486697,660,2.592330893208718,-0.5869172133353991,0.7951973932863678,12456.822727272727
61616,-0.1045984222754881,1.30208539683471,660,2.477423158439958,0.11081102002420548,1.0057426499645623,6105.271212121213
97628,-0.15914387682094278,1.064970778041151,660,2.5159723249782044,-0.4234768988262928,0.7651503005564286,11955.724242424243
76688,0.08631066863360282,1.0805307367698231,660,2.3842036813875276,-0.2858285523315509,0.7516847664011787,9532.754545454545
77451,0.07343188075481466,0.8926427361482909,660,2.5084115747558577,-0.03487884999845231,0.6610775093231704,13718.290909090909
76300,-0.08717417985124598,1.019309366701893,660,2.405386043297014,-0.08007363413559147,0.64042966975933,10714.442424242425
111202,0.32721975954269356,0.8339636417022285,660,2.6262498185152316,0.20438061287140455,0.5653195932444013,10095.566666666668
53124,-0.0962650889421548,0.8810359282123168,660,2.3539631127398297,-0.22721387425545153,0.6084658599002419,11176.24090909091
120877,-0.3705075131845792,1.1766004637548924,660,2.4717937325307577,-0.5171567357243962,0.8854888760183638,8820.343939393939
90272,0.37646218378511787,0.944102663166685,660,2.4524076190651707,0.3646421842389395,0.7242695727341237,10887.781818181818
84151,0.18025006257299658,0.6450513932621326,660,2.4604630577961655,-0.002575898740624115,0.40840975945363345,7117.019696969697
20285,-0.6205075131845792,1.2840577996318256,660,2.3189716507598335,-0.39039905802123076,0.8567219068723572,9071.50909090909
102196,0.16737127469420887,0.9287895459642668,660,2.4321164338934964,0.037065713806107695,0.5740759541358332,12786.471212121212
122565,0.37449639540051294,0.7827991378535136,659,2.546624503005598,0.19108334884696923,0.5327964590670533,10818.716236722306
72179,0.21516407370096813,0.9920025574493735,659,2.5225896999420097,0.10214749035235544,0.627884403528012,9687.684370257966
12161,-0.5071424513369678,1.3282475923957484,659,2.5378516254279386,-0.5641711577622233,1.0705897253099135,9597.39908952959
111933,-0.20820466681496486,0.8625346037623125,659,2.5073548838262845,-0.3062027642283526,0.5235126898246742,10725.465857359635
81694,-0.15054154086655824,1.1592286094643502,659,2.5697211844545396,-0.10967135611008373,0.7722979477325733,10398.306525037937
777,0.2933127838678877,0.7404799187524232,659,2.4595744019968944,0.16387395914634734,0.41677285921942675,9819.637329286797
18612,0.36690914198624913,0.6692252415700592,659,2.45135232230328,0.4462955040483867,0.6107078982823224,9593.168437025797
37585,0.054314301318570735,0.6299705833776272,659,2.5450417088394786,-0.06274215062734716,0.3788578852175481,10715.013657056146
125621,0.07617204838859948,1.305338578812777,658,2.5942503607820426,-0.17635220423799164,1.0558995837760665,10368.072948328267
18604,-0.17914710054757066,0.8938350115558392,658,2.4706718294299814,-0.314508346593771,0.6577075924725493,10280.126139817628
113869,0.16963709398130478,0.7657494816955912,658,2.434634302450103,-0.31368343998435033,0.5902363413890981,7362.943768996961
87502,0.22966748911808255,0.9806386506002975,658,2.6014810067505354,0.06352471516264545,0.6376606876848591,8107.604863221884
107980,0.2889380058354081,1.3053509833777928,658,2.5322075989136636,0.21845448719778937,0.9621163584543863,9465.095744680852
71181,-0.4800589546509144,1.0268854890527015,658,2.505383295130774,-0.5374262429582441,0.7928068486381582,10995.351063829787
55903,0.328451683646958,0.9378534541793064,658,2.580955423358006,0.19944990733278098,0.6735199692364869,12253.544072948329
106043,0.2503033350235295,0.9932800812561992,657,2.5676304300588266,-0.15803612286806248,0.6745293587629917,11190.747336377473
12719,0.08820287840252483,0.9113911055425822,657,2.4660011185313704,0.07890285723498197,0.7747848695736209,8263.878234398782
81345,0.8385833959063302,0.5751457927576533,657,2.4598800629058366,0.330444545188805,0.48702652812979835,7473.476407914764
30123,-0.0815079282945832,0.6332441570033506,657,2.5357806846805704,-0.200166103528798,0.5407069665643288,11987.733637747337
11579,0.21225158464301197,0.9793454807307583,657,2.5116237527849608,0.22431068567605197,0.7989107165799845,10297.225266362253
34971,0.21155087558112662,0.9775881773900021,656,2.599562079666587,-0.116726270107031,0.6817356243946945,12339.474085365853
88654,0.1368557536299071,1.2025377730087903,656,2.419873519987973,0.13471817923783277,0.8977895623393847,10358.490853658537
2349,0.6734411194835661,0.9526968355531101,656,2.534899453568297,0.5442068211465102,0.9238831696206551,10238.344512195123
51994,0.030148436556736602,0.6175741124737104,656,2.4379012567973235,-0.31954495572854263,0.5165505566344604,9531.733231707318
58831,0.05834965606893139,0.9099024803453368,656,2.5642252553316314,-0.043888351888117544,0.4188037040591904,10668.548780487805
116454,-0.09408936832131243,0.8455829878112151,656,2.505102611551328,0.01640968630228329,0.711480261543465,11787.356707317073
67587,0.6985935585079557,1.1749829659235018,656,2.3313103225171568,0.47032283036413075,1.122236464337439,9962.21493902439
26820,0.6490508755811266,0.6729869753570168,656,2.4448765191910997,0.4209513270873376,0.6004775906792656,9495.807926829268
34313,-0.5018637585652148,0.848158332106089,656,2.454615485055278,-0.47730727531989103,0.733055384698126,10579.884146341463
88442,-0.20765644149204388,0.978771843360559,656,2.4927829762700555,-0.36650206369740107,0.6831083449291252,11016.49237804878
127531,-0.4294552219798491,0.9340944631145311,656,2.5458929817019866,-0.543052181060052,0.6826172996268673,8815.564024390244
45788,-0.5338759536871658,1.2239455582145369,656,2.57250694024552,-0.40860391480850894,0.9272437878036848,10919.310975609756
22512,0.008044778020150911,1.1086982706463477,656,2.5108295460705037,-0.29612864974825026,0.788654175187628,6761.471036585366
50192,-0.16649790490667815,0.9688837925100037,656,2.5462318195090297,-0.3438528538213027,0.7019816022971959,10921.879573170732
7188,-0.17259546588228813,0.6914309135756069,656,2.4264522239287887,0.028625073909547417,0.41806093883331197,6306.625
70752,-0.05826619758960483,0.847756246517587,656,2.5326610367250546,-0.08820370833138937,0.5513734645543643,11847.876524390244
135082,-0.29144204938629104,1.2737772878459355,655,2.5403306248365634,-0.5393821840832517,0.9331415820379692,10902.184732824428
91073,0.9894739811480604,0.8553198264446203,655,2.220956312409437,0.7245669842330549,0.9181942034484761,8847.767938931298
11924,0.18871062236943414,0.7202990238468311,655,2.381231738617559,-0.03848134233892024,0.49891982297725584,9795.3786259542
26926,-0.6975489196152984,1.1669435973054567,655,2.467646675458463,-0.6283891864773666,1.001906937432029,9998.545038167938
57064,0.06809993534653369,0.8436128599752954,655,2.5698221643418875,0.0010892954166926872,0.4859970191236674,11796.873282442748
13991,-0.013579453966443555,1.095732766800023,655,2.4777072820852277,0.08450840411297716,0.6757175021988052,10615.025954198472
122609,-0.25086614537807383,0.5894043183480105,654,2.536699082477083,-0.45080254214288557,0.4865308469774165,12078.255351681957
48944,-0.5222728732068198,1.170291988858885,654,2.5434499852910584,-0.36127065735602276,0.8430020445659463,10093.70642201835
103027,-0.6682973380386241,1.0478976035326186,654,2.532916495155937,-0.7233710293876575,0.9612962907966088,9854.70642201835
46844,0.4869014387197854,0.9614412594250364,654,2.5318127155004038,0.4900597319936875,0.9444435062246369,7938.753822629969
96903,-0.10331262855850198,0.8670934316957654,654,2.5540697378637427,-0.32538987673225994,0.586804832274164,10255.75993883792
60666,0.19179440508064172,1.1893745961149995,654,2.5853975800186473,0.10809390576631267,0.7500545972224184,10928.851681957187
38241,-0.0895511606685937,0.9687213836711557,654,2.491129153615686,-0.22391123670049706,0.6889193601174386,10102.730886850153
34999,-0.0834349527175231,0.9475981316795417,654,2.456198283419105,-0.2012441382485995,0.5554134667738025,5136.452599388379
111827,0.1153418056922626,0.7737131566299861,654,2.5483761980039543,0.13251309584064244,0.46999891009078226,8651.229357798165
90850,0.09546412985128416,0.8462848908214905,654,2.4074740273736883,-0.10845264690000565,0.6217384054245294,10409.9373088685
106079,-0.3846581943077374,1.3264344587644634,654,2.523204682519248,-0.6618865673470524,1.0685451668937547,8595.963302752294
31616,-0.28985697106614694,0.9400436131647459,654,2.5640832264370896,-0.34016578288145954,0.6244681881894169,8282.218654434251
132629,0.13210049646784094,0.8078077372809325,653,2.5334592032533165,-0.05940738998816944,0.5486910089214321,9792.877488514549
98487,0.027200037049770476,0.7978828125088397,653,2.5357831280112393,-0.1514713712864532,0.5511750172861456,12034.410413476264
102725,0.33960432495176107,1.1096952880476794,653,2.3859894239089,0.048663455568108326,0.803426765817514,9995.568147013782
115620,0.21709283950000025,0.7491480895269653,653,2.45870338589007,0.17504908109115777,0.5074897153273659,9107.606431852986
136015,-0.22165141777411934,1.2634873507912923,653,2.582520157787067,-0.3080249717696098,0.7464619641970077,7662.375191424196
110607,0.1481801289333844,1.1871513583752098,653,2.4809688065858952,-0.058440875468818564,0.8239961892733715,10458.05053598775
100697,0.1596655806944871,1.0312613567410642,653,2.513784284762188,-0.2441365491887393,0.806560970598251,6984.376722817764
138148,0.07697032801454862,0.9517608182196962,653,2.4153405900867386,-0.1464975040771959,0.632356514059592,10221.173047473201
18007,-0.2239485081263397,1.2356034988421871,653,2.5440177373449813,-0.40510049489472627,0.8100037383784294,11612.369065849924
94026,-0.18413227535451737,0.8686501466928264,653,2.3397201892860386,-0.24419524468511142,0.5080488145090921,9748.407350689127
85730,0.45445884256278735,0.8169231704380745,653,2.4405932070377867,0.05848891991400439,0.5766957298670591,8101.828483920368
113895,0.6374603739563556,0.8878653071780515,653,2.455238505162035,0.3761799526640046,0.7002671785617216,9218.039816232771
134535,-0.5524324284938742,1.0898182211738388,653,2.4852212758951424,-0.6441105624463077,0.8756650859351173,13380.185298621745
37754,0.10147262510490052,1.09324443352165,653,2.5552518464030505,-0.09392336870957038,0.7566791164069401,9957.811638591118
17061,1.0088233142320067,0.9511702118627865,653,2.4333723330682364,1.1988886334637021,1.4401032600594166,6721.018376722818
124547,0.43648728138690274,0.9528932253169787,652,2.5807338187609,0.3240552259211789,0.7225214037723092,9455.510736196318
2915,0.1588799194237125,0.7050826961952654,652,2.4763248902008357,-0.06273961060033865,0.4778382931727753,9917.693251533743
97735,-0.006764252355428546,1.1067684971871288,652,2.502018504621161,0.05657959550669433,0.8535147189236176,10655.141104294478
132882,-0.9461814302695393,0.982493803186167,652,2.5381497931496675,-0.8599458076893,0.9264657373247587,8587.961656441717
116251,0.17038298690837506,1.0567597246314693,652,2.4872790860869722,0.07786768853765565,0.6971387242614431,10423.83282208589
64745,-0.13483173701800544,1.1872662235720866,652,2.4332454266525603,-0.12230540133237458,0.94967765458467,8541.924846625767
62134,-0.2728685468339562,0.8551032940709282,652,2.5464285604143195,-0.49262301643256373,0.6971971386252683,10884.878834355828
37547,0.38050568629487813,0.9756103307264171,652,2.4498244270781195,0.2062699820259174,0.7013956737162726,12197.245398773006
112237,0.08909464335009254,0.7600101132825816,652,2.5867105976070555,-0.11854155541510067,0.5531606828702132,11522.946319018405
1165,0.01854249611082892,0.9300930504356479,652,2.6005123454728376,-0.2269493363274974,0.5179991291736941,10963.923312883435
91217,-0.7698010621713798,1.1323922695043482,652,2.540054089983807,-0.8176231538111515,0.9779249696476839,10191.414110429449
57830,0.45105783353414175,0.7051449274382302,652,2.548757256974129,0.32709198703288767,0.7519585374800489,12879.326687116565
41636,-0.10842121238860081,0.8204954653724053,651,2.5181936028049625,0.0022828211860728967,0.519006307259108,10150.480798771121
129338,0.06362179836408721,0.8705570342057052,651,2.5413017536532747,-0.09218599856943656,0.6365527719333203,10439.620583717358
81331,0.14042671387868033,1.0969218853648883,651,2.4522355688448054,0.26940156933917553,0.8812780254690619,10332.2089093702
79353,0.33397510097545435,1.0315431619903441,651,2.410040211004843,0.09099445884197302,0.6886432990759247,10659.32104454685
101274,-0.044673132511488856,0.7902879995906917,651,2.5592674985587496,-0.04503650659654164,0.5334079383555362,10440.804915514593
14449,0.39465098423198297,0.7454513687136793,651,2.672443823939403,-0.01602911683346271,0.5061087315760131,9391.374807987711
96109,-0.1514319650767728,0.4594061381432309,651,2.5764556013810993,-0.28489714089377455,0.44228029298353516,9637.205837173578
22357,0.21262333446239756,0.9826739618640232,651,2.4475309460474115,-0.04569272986663405,0.6613881548931614,9083.345622119816
70453,0.3373013446242785,0.5933259443073582,650,2.304932058956774,-0.020764338869089162,0.4294603758749495,9599.484615384616
45060,-0.020390963068029233,1.15545303147859,650,2.501378112948774,-0.08292424086039506,0.764733717346719,11451.92
78462,0.6842244215473552,0.8385929392824564,650,2.5391153164865745,0.7213409694916758,0.8930534735050983,11248.253846153846
83242,-0.7103909630680292,1.1771099722156733,650,2.4273727399182405,-0.6056746072949397,0.9618433434993114,5802.7307692307695
82062,0.4057628830858171,0.7076027637100817,650,2.5147408163957397,0.15329965743512938,0.46734335338790534,12882.064615384616
6722,-0.2750063476834135,1.1229630394231116,650,2.551026565120356,-0.22761231318441333,0.6281689387425011,7966.009230769231
134000,0.11345519077812494,0.9901506177455905,650,2.4883486327685764,-0.260304664828481,0.7062608131759747,11127.815384615385
43596,0.3390970065894323,0.745470830493447,649,2.501348547644384,-0.014418195600610044,0.49432253819591204,10720.201848998458
92493,0.04171642107325324,1.203933928527294,649,2.481212487561395,0.04854221872704422,0.7401812433941308,10998.278890600925
97284,-0.07846847877266327,0.7244222939886469,649,2.5277104011894966,-0.24003334165074375,0.510175186808249,9539.006163328197
55286,-0.21098003501303308,1.0297279951305398,649,2.479034798742698,-0.23285239716285724,0.741577783711214,10922.647149460709
46769,0.733550011211928,1.0628655280619708,649,2.5128051684079624,0.5915549324506377,1.0812362192418272,11075.60092449923
126862,-0.3612111598204293,0.8007883368724851,649,2.5440535731336844,-0.207847748194951,0.6224886498715574,10660.88906009245
107552,0.631855095957691,0.6706574965486911,649,2.4657777711743036,0.42609377699521184,0.6091186041090371,6674.294298921418
85581,-0.5730755666000902,1.0035017584745638,649,2.462882108773747,-0.7654966219604021,0.9168926335303131,11829.084745762711
30862,0.3979969761532436,0.8953160303315905,648,2.5009308751686112,0.17924354108185622,0.6182288116413558,12591.739197530864
100213,0.08086734652361383,1.133055454143111,648,2.5722274815988575,-0.0034256470006847712,0.7987498364474395,11894.118827160493
28682,-0.3172808016245341,1.422073927257057,648,2.4908220225796405,-0.46350754308585235,1.1809860791137214,11323.626543209877
60655,0.26065129714089785,1.0421175107697693,648,2.4634537691640532,-0.036688939344772055,0.7654706613812585,11043.655864197532
94891,-0.6459845053282378,1.2559055832845123,648,2.426041601813999,-0.8520320862869186,1.1359821497246039,6802.876543209876
114189,0.30308956874583615,0.9811596997834224,648,2.5506731272512106,0.10708782927767349,0.7794030708817562,12107.936728395061
132073,0.17808956874583615,0.4766175721805106,648,2.4959060143207554,0.08892626623661624,0.3142632825610183,11050.922839506173
1560,0.018367346523613826,1.160911434038458,648,2.4337248059418983,-0.15902264163769486,0.8284415544649992,9950.276234567902
80095,0.13487969220262608,1.253810951778315,648,2.4890913418442495,-0.05936747297449031,0.7888361478676716,9222.645061728395
91014,-0.4206758633529293,1.0434490161088925,648,2.50633187087928,-0.533411518739484,0.766058063811189,10658.081790123457
76650,0.3362685810915149,0.8006436048809429,648,2.5277899382882913,0.15818646556163254,0.5296310476810934,7126.044753086419
52292,0.03611426010386065,0.7674295024900947,648,2.592628041145176,-0.3200893605629594,0.6186603639291816,8186.356481481482
61728,0.6773179638075644,1.0499364046973645,648,2.5125959893500633,0.8237288912831708,1.1301457323669333,6876.646604938272
97686,-0.0024659868097196558,0.8793481085215699,648,2.3441571664703997,0.04100074056868998,0.621565577666388,9091.739197530864
35356,0.5500031489927495,1.2375305889217414,648,2.6062490337425257,0.3340044217368935,0.9057381093735289,11797.364197530864
63781,-0.4422808016245341,1.1178953112515324,648,2.607727483238487,-0.3578684052195041,0.7681620762177762,10514.20524691358
132726,0.11018833417793505,1.0111670642556754,648,2.51174518835884,0.07168135057700248,0.8139599348155216,10122.938271604939
105512,-0.030243764587497335,0.9573735446689052,648,2.53420028249547,-0.04936560007513906,0.5894116620271969,11225.692901234568
78530,0.05231796380756437,0.7168550321102884,648,2.415143829320789,0.12184869800743606,0.44288767192005546,11502.175925925925
129508,0.25074207699855044,0.9078944334374528,647,2.4298302317319522,0.12438729580730067,0.6718760646339909,11057.873261205565
39432,0.149505600955274,0.8252263397556053,647,2.544969940055059,0.07759813126614291,0.6057624839225165,9800.233384853169
117617,0.2406957091469275,0.6929424578102499,647,2.5062371336854206,0.09231832034177885,0.36568156492498244,12967.403400309118
55738,0.42848550821957065,0.7048149117964317,647,2.5007346274548232,0.060785001699297986,0.48199399933774034,10215.528593508501
8891,0.6912366674158608,0.993016248883233,647,2.423840091870475,0.3494070105899845,0.7922017753786624,9532.29829984544
4089,0.6155025097651654,0.6210832454800795,647,2.515072268093007,0.45478021131550345,0.5990120615210197,10283.398763523957
92726,0.47794454995063695,0.9326437102379885,647,2.266721322197166,0.2917010115036738,0.7541857405696218,9322.225656877898
4087,0.17733468589600987,0.8303646692605172,646,2.4532274375371528,0.0494882944193468,0.48070215829024804,8362.399380804953
17540,0.930430661128208,0.8561932816044031,646,2.52019437670013,0.5587774285179079,0.796677267259566,11425.212074303405
35510,0.021761930478053415,0.9089861329820601,646,2.5766624384082,-0.19630484126130604,0.6014775606107612,13210.212074303405
104290,-0.23056005094609544,0.8895221582415135,646,2.4504006015379733,-0.2890065227507588,0.6719564726714412,11488.493808049536
115631,-0.05408946271080106,0.7624959992018385,646,2.3943056994391854,-0.17949304974109,0.43208068975155633,11045.758513931889
85363,0.4931241595802205,0.6752541390134397,646,2.49738285773218,0.34617923121737376,0.4876078684856988,12348.552631578947
28023,-0.27381970486886376,1.0448786484814785,645,2.5380012169243447,-0.37528414623716605,0.7790477574645697,10585.497674418604
90312,0.4176531633481906,1.2223975875721333,645,2.2459691593754734,0.1701431016930791,0.9634594647993325,9610.246511627907
32768,0.5091260315652448,0.9036734699469733,645,2.5186919077910974,0.33103688648740043,0.6933295328236256,12911.168992248062
131086,-0.47071892967506557,0.8146346963381931,645,2.481184589233947,-0.4648860644436805,0.6025319011979781,11321.506976744186
133187,-0.00017629401615071316,0.7889942438313948,645,2.567942020797167,-0.38085343291323775,0.6333645124897437,11653.782945736433
83482,0.7912965742009033,0.7464280905175261,645,2.4506758132780884,0.4078388363655436,0.654484108712047,10384.556589147287
99276,0.15098649668152353,1.2023317419896027,645,2.4555135484423656,-0.19102690344024562,0.9365222940652885,10674.254263565892
28894,0.49362215559625255,0.8080496840996941,645,2.5343123695574623,0.21023176321391637,0.5967508899244268,7868.275968992248
99119,0.23315703931718268,0.6800518428263985,645,2.391417243185652,-0.11698162374163983,0.44559407351204705,9730.11472868217
6578,0.027730682728035472,0.7984755444887539,645,2.466592179549242,-0.047763984438046275,0.5972577000079543,8879.122480620155
58326,-0.4513390847138252,1.019949428467666,645,2.359048283375707,-0.3883708995165526,0.72047658934068,10677.172093023255
40077,-0.2590910226983212,1.1630837177141908,645,2.558634181529362,-0.5447396823783314,0.8823706895212956,7637.7472868217055
134138,-0.24112674902120634,1.2906714196507494,644,2.5563174572382197,-0.14165769881630308,0.8770079047240678,10141.594720496894
98875,0.10204095284214754,1.1750752532482511,644,2.513479441406647,-0.13928678941299044,0.8281999252459806,11668.872670807454
117098,-0.21395283597772785,1.0432791742991925,644,2.4936908703800955,-0.07476424203591177,0.7446610487290697,9873.085403726707
37319,-0.5485801651702746,0.8691081939939804,644,2.505769844819431,-0.63785103272256,0.7396105799894716,13343.046583850932
118596,-0.14951184218890834,0.8485320649129969,644,2.5065920410220746,-0.2056447616808797,0.5545987935525645,11614.141304347826
67563,0.26974281619618523,1.1489646137060023,644,2.4776000602170094,-0.08153450423835404,0.8538898194241351,11385.259316770187
90513,-0.2519963142385975,0.891267239711146,644,2.4472573012923986,-0.3518844404919805,0.5787984737814276,10916.667701863355
129716,0.13309685346326594,1.1237777207430986,644,2.503731701881356,0.13870615793746166,0.6806661065425272,6133.541925465838
72280,-0.2721826496423243,0.7857474353118481,644,2.5733618030877277,-0.3708459983604569,0.5259794075222588,10159.723602484471
22818,0.206078219922893,1.0194442782220328,644,2.5642310507539965,-0.10345546553591657,0.662386207073599,14434.77795031056
75993,0.687444679550222,1.0206611467629685,644,2.398512426073433,0.5034877029865188,0.8776208334906747,8909.810559006211
702,-0.43600252541872164,1.0067807523791785,644,2.5028548450306167,-0.6679482447583265,0.8311265607168057,10366.439440993789
101948,0.2674136236496012,1.0477532364394517,644,2.5104718926580403,0.09077420429256743,0.7034653519685842,13264.284161490683
33587,-0.12156153162990213,1.2405365622187992,644,2.5298904328414835,-0.0925487867608102,0.930061012605823,8821.096273291925
46641,0.21073660501606062,1.4341586546894016,644,2.6004305079122,0.2979832607909159,0.9618264270314024,7123.034161490683
47629,0.17812790936388678,0.7549475539028271,644,2.5496212988748748,-0.00417583534218846,0.427173471157285,12648.381987577639
45959,-0.36069196641251056,1.1849334209638591,644,2.5376380264267704,-0.4862996437703394,0.8756558530851638,12461.66149068323
38647,-0.5703192956050573,1.2156388793994939,644,2.4966058728049854,-0.6511656169243869,0.9797054316094325,11140.492236024846
36985,0.11981719580264949,1.2573798758018335,643,2.5337432771772557,-0.10735519808174433,0.8147609161001829,11593.609642301712
126127,0.21624021290995898,0.9068678601406441,643,2.5869971319687375,-0.12130636306407096,0.6362849052247589,9291.97200622084
55312,0.8274377245740339,0.8578462312617413,643,2.554863992696736,0.6856181479293114,0.8186834939052173,12452.017107309486
57218,-0.0014891805581593864,1.0080789239499355,643,2.5295032942123585,-0.05384330229304374,0.6358101300282877,10772.573872472783
57050,0.10338090369449215,0.7362726294179166,642,2.516792912769746,-0.18946297910835888,0.4975451512142594,9912.545171339563
82714,0.28017218095305907,0.6647184501350565,642,2.6401220734444175,0.017713654483225694,0.425320790276415,10200.570093457944
17918,0.6828201560309402,0.9023488814863112,642,2.5730221866712752,0.281198723939803,0.6224314231710342,12994.763239875389
82858,0.8993310594577317,0.9535200470722888,642,2.4658847479162995,0.6694222509099063,0.9064327945496502,9355.548286604362
30519,-0.5702951087665671,1.126953882525182,642,2.583991056940169,-0.8440732875479915,1.041649379005248,12170.6246105919
25134,0.005250062572996761,1.0186763509870655,642,2.521694184265382,-0.29622501869325407,0.6745310242796556,11669.64953271028
105461,-0.09288077854849863,0.9313272227044628,642,2.523359016386802,-0.1230319336654331,0.5857720611698988,10631.042056074766
19574,0.3907640812645856,0.565522616715175,642,2.3634568019759277,0.05454697413576703,0.31252494011864757,10142.707165109034
88394,-0.6283952832408359,0.7910040470794691,641,2.527319159179765,-0.6575252014689029,0.7211238763508213,11826.522620904836
7858,0.09469364031610628,0.7582128010763658,641,2.541532949120883,-0.11107394616733005,0.56556645654971,15215.609984399376
130398,0.04789176824122343,0.789966391295209,641,2.48555418221162,0.0335916658940721,0.45686729125792347,8667.327613104524
125696,0.26006025498069274,0.8617477614523726,641,2.4113668707150806,-0.0477253837470226,0.5643066858654326,11295.953198127925
9109,-0.06287266233599986,0.9673693359504865,641,2.4659048267595396,-0.137262882263249,0.6470180504818602,10442.260530421217
84785,-0.15491634408326949,1.0076104709432339,641,2.5881524397655244,-0.29295734358247216,0.7089181847260664,11433.221528861155
85620,-0.13619559525331626,1.1962818803958764,641,2.3298121667083476,-0.07733097701259771,0.947608598603289,8218.98751950078
37577,-0.14058327076033672,0.9798438124076795,640,2.536633145514748,-0.3089350405108264,0.6084802561151474,12802.2609375
45951,-0.6452707707603369,1.0608342138451587,640,2.543286587586466,-0.7136516977628747,0.9880428024460599,13503.2890625
92190,-0.5202707707603369,1.157651917313163,640,2.5491174082355634,-0.5798162247740872,0.8587171532569245,11013.425
43590,0.4641042292396631,1.1491719394078408,640,2.5514652139543013,0.44280540652089073,0.863792755516912,11954.8515625
97984,-0.25542702076033663,0.8710897285244762,640,2.520727435753335,-0.2795043925116368,0.5144706504488299,11345.0546875
134538,-0.21870827076033672,1.237357822881739,640,2.5854786933688323,-0.037588835364836454,0.808897822299323,10105.309375
19598,-0.1999582707603369,1.104474999026315,640,2.4843965262133056,-0.2749228316489713,0.7311794652737549,8846.4515625
25878,0.02347922923966328,0.6986443809610963,640,2.44795585802601,-0.03971410991958141,0.4842742087957019,6430.2875
34140,0.15082297923966337,0.8461134882600854,640,2.5590503378479066,-0.09761455447359912,0.5626484172168666,12083.390625
27544,0.22894797923966337,0.7285464330605125,640,2.574881970618002,0.2362682251369644,0.5004957111843574,7437.25625
90919,0.7797292292396629,0.9189033212321727,640,2.484494506390404,0.557961959047131,0.8544959235180347,10686.2171875
74188,-0.04995827076033654,0.7169900460498634,640,2.465098101732423,-0.14625583071414874,0.5662958311431513,10405.8890625
108872,-0.41167702076033663,0.7627658820923978,640,2.4656190175387427,-0.4487851071228196,0.6503601504146661,10885.6421875
89897,0.3531667292396632,1.1083514241878414,640,2.2519694103103194,0.15893369148071881,0.8919423615177934,7227.625
122610,0.14066672923966328,0.9331111405539957,640,2.571835341901961,0.1232160029047289,0.5807182728397302,10221.134375
69494,0.2945729792396632,0.7798534074106993,640,2.4872207647356106,0.15399486539818555,0.5612623701538707,9177.85
134126,0.09144797923966319,0.7962213768952949,640,2.4715940739433795,0.19620227044046662,0.5988669924993675,10039.8046875
36481,0.2047805790049213,0.9598604417523188,639,2.6038493859677425,0.017483642973192423,0.6439601636992494,11255.928012519562
44855,-0.0776920344536074,1.3106373346085425,639,2.4685713505268443,-0.321144643578196,0.8701777033999436,8147.547730829421
25610,0.019334569615250263,1.0703127303782523,639,2.5364910747610185,-0.19771824047808714,0.7808081803209455,10727.464788732394
26772,-0.04326323946143207,1.05206376845211,639,2.306836259037576,-0.15956367065100643,0.7730962593584265,9223.364632237872
96050,0.04672111108629862,0.9992037194480538,639,2.5584584177680036,0.05873144179455895,0.8694540717264835,11065.59937402191
24563,-0.015094225376925063,1.032696041582358,639,2.4862133552709875,0.07198721666235294,0.6717474617259209,9546.00938967136
107674,-0.25922568077598607,1.194928065436777,639,2.5711639620527142,-0.2654589748996152,0.7361335385690443,11537.261345852896
31802,-0.31084189144999197,1.2683877359502203,638,2.4788418782232697,-0.5810526874668119,1.0131324123281134,10674.91222570533
71287,1.0598477637224222,0.7592827617875643,638,2.601453079734017,1.131375222086307,1.2404108938863525,9372.26802507837
100804,0.21266908033684206,1.0073828245578957,638,2.5274639919162545,0.18385291679873544,0.6894793927700091,10253.048589341694
115265,0.12881328096380118,0.7611697343417482,638,2.4310288573869374,-0.19435396200661068,0.5551469784320048,7142.434169278997
108357,-0.17447825508635573,0.7758589795474098,638,2.5731211240270375,-0.4603735887245043,0.6565935857808417,12793.691222570533
27166,0.1946440019669362,0.7783576221657019,638,2.535368972298421,0.0884609139960984,0.6144306396512441,12877.960815047021
29084,-0.0004970638637851188,0.8859929398234431,638,2.5086580177423046,0.04254412902530805,0.6297883094097068,10716.650470219436
47762,-0.024791734710179814,1.0082571871182757,638,2.5289628790452103,-0.34471110365930263,0.7017541076573691,12999.503134796238
93626,0.5590640646628606,1.0882378192548847,638,2.5055032561545674,0.2472417390358521,0.8235975148308633,9673.057993730408
118902,0.3795969800233623,0.5669222960429792,638,2.4986175165680073,0.3911990906368765,0.4828863783199033,9928.993730407523
128630,0.32317064773496096,0.7622922517154674,638,2.5096058892362323,0.17959360620494327,0.6116306288610518,11886.282131661443
103641,-0.369684526647307,0.7817167516094613,637,2.543292809168671,-0.24644621184740897,0.5609982568572162,11357.78649921507
71093,0.6821208108723167,0.9579883219287529,637,2.4569796670232624,0.2940825750834507,0.6758282560230138,11505.241758241758
111112,0.18997010443589568,1.005521225163113,637,2.4139832531745467,0.2299185212502386,0.624568672325401,10198.552590266876
131032,-0.05335799603506208,0.9470436264408292,637,2.5462756217843663,-0.2928658946810173,0.5257504429604867,12930.598116169545
56687,0.39954624258346216,0.6250707136916707,637,2.5282962406456977,0.2011909473183714,0.4953383882513323,8954.631083202512
20207,-0.1773768343396145,0.8665083752127576,637,2.408052044796399,-0.008518092292928738,0.5780230599033813,8745.792778649922
44388,0.009436352473572107,1.141301034738074,637,2.4844825316521217,-0.014329107536578766,0.6935238814319638,11482.252747252747
53873,0.1703468705269473,0.8550611715780271,637,2.430138859789685,-0.25523745723991015,0.64849959029956,5829.378335949765
74102,-0.25497006321316684,0.7605947070705344,636,2.5337250359802033,-0.47164532365517864,0.6063980307941087,13487.122641509433
49904,0.08779723238431725,0.6772450061066815,636,2.5764197284434545,-0.12514731278017296,0.4126789122108137,12011.391509433963
80951,0.2953444021956382,0.8050636280159859,636,2.605110670474111,0.07230890594128908,0.5429515636022604,11731.784591194968
43432,-0.8721084279930413,1.3756987032779973,636,2.4899738887597653,-0.8419671374652056,1.3147467026837587,9231.916666666666
90552,-0.7140895600685129,1.1015275406430058,636,2.5033054963666768,-0.7998477141817424,0.9486627117121257,7964.814465408805
58995,-0.4719511952886388,1.0559811535732193,636,2.549105281857917,-0.5052897915407372,0.7652831129270656,11882.256289308176
33818,-0.13154239025719194,1.1894764215322935,636,2.498230698263353,-0.11702657385707281,0.771839892723969,7368.097484276729
127390,0.6852815091138775,0.73026410859421,636,2.461027212199647,0.9477101680024723,1.0964446714100269,4892.407232704402
117591,0.1970739619440658,0.6741544535248941,636,2.5080604347453366,0.04437054413115536,0.547945307151547,8512.897798742139
31406,0.27490415062331097,0.7826910210850758,636,2.4789610520103285,0.07182925742781968,0.4773312517113124,10561.627358490567
5036,-0.5096870443452426,1.2184763715206959,636,2.5492080214895347,-0.6939930622736771,0.9264160474795806,9829.663522012579
3251,0.42270289276167583,0.7814277332123853,636,2.5922693398701746,0.07029358302683551,0.5608769233431712,8694.822327044025
137525,-0.37210842799304134,1.1226145632557205,636,2.495189260721612,-0.051542888332276236,0.6674547403238574,6619.275157232704
58359,0.0036777355289716596,0.6786953993908175,636,2.653862915154922,-0.2594456887386815,0.5786037774476903,8945.87106918239
50209,0.11837342215304902,0.7542513863949044,635,2.442281429847897,0.20694041056242066,0.5000185365903129,9334.102362204725
30150,-0.4540675227288409,1.0904816606057801,635,2.5797113021199944,-0.6596510234472204,0.8974674837274191,9159.96377952756
61049,-0.06272894005167551,0.7037952492029312,635,2.567579536457305,-0.28649682323251385,0.5049117521084834,12307.979527559055
75540,0.28923956388533245,0.7982724336110115,635,2.4743021739895963,-0.12853200015238597,0.5548616922599584,7896.697637795276
59359,0.159318304042813,0.6946156286798832,635,2.5306399071310093,0.09306419057313925,0.5001693795923662,10450.489763779527
4389,0.23018444577509634,0.5457667521690642,635,2.564494759017653,-0.0032371761587873297,0.34401232050333813,9385.028346456693
3450,-0.8989494124926201,0.9955033154836179,635,2.5953664293103467,-0.8414038829925329,1.0246778519914517,9853.606299212599
42803,0.17821594183808864,0.9318029766545168,635,2.522435669778325,0.16361964264526402,0.6366069813213341,11492.784251968504
79497,0.2112868079798207,0.8453022419086923,635,2.6173171997007505,0.20214652081418266,0.6261666372763642,10429.888188976378
133324,-0.8517053180044312,1.0219558699591997,635,2.5749347732525423,-1.2295607379482905,1.3282014622957008,12063.288188976378
75841,0.6947513749089542,0.622170437305132,635,2.5061775028967226,0.24638608230760262,0.5058865686561382,9892.955905511812
73246,0.38800505731537305,0.7381458122966643,634,2.3941919954457167,0.16277821515593477,0.4739367827276136,9228.731861198738
44332,0.26339937908193445,0.805974929254212,634,2.4694313952500884,0.25487546877770123,0.5735887966342431,9683.378548895898
92358,0.21292619296206095,0.4556712215551713,634,2.5589645964088126,0.22532811617146062,0.3793920277458764,4781.847003154574
135397,-0.49606434331554183,0.9599894810614388,634,2.525866833562439,-0.6709759806923581,0.8553606798452448,12538.817034700316
54819,0.2547243002175814,0.8144650038727428,634,2.5733484714264923,0.10131988536794241,0.4836640289885871,11181.94952681388
137342,-0.5102599269117563,1.3465235773705222,634,2.570270147286519,-0.45758390183596065,1.132201216767081,9198.515772870662
108773,0.8115066346024391,0.6685159501706258,634,2.5862009309309357,0.5183026186201857,0.6321181092974288,11002.81072555205
24135,0.04395464393160653,0.7511963781596669,633,2.577571950753243,0.025292787116755856,0.450594316086429,11575.80252764613
9267,0.8235754970121749,0.8371712072281092,633,2.4486988376134504,0.6177416072284778,0.7814138713519573,11526.791469194313
73441,0.070020994642507,1.0332124883457174,633,2.3914364852316226,0.18710835566581868,0.783585064220236,7185.5134281200635
33376,-0.3035966988804,0.9574577841569923,633,2.578315567835622,-0.3954951668975834,0.7180302308624538,13612.579778830963
121713,0.2667034590974833,1.0723899697243517,633,2.4135693211244513,0.0823252005527503,0.7184815171287722,10731.461295418641
131909,-0.3122854824507,0.5971212879000841,633,2.5817888441526504,-0.5214584039571817,0.6219243008227693,10179.721958925751
52922,0.07381546341687839,0.9570140779293539,632,2.5542916571651,0.03612935623144986,0.5642934776485956,11562.585443037975
58614,0.15213824822700506,0.9840267614119383,632,2.575320168923769,-0.20363324427154933,0.6189620324733792,9514.887658227848
119467,0.784258501391562,0.5043766204347983,632,2.5579769528057947,0.431815211391428,0.4740894701782468,12575.371835443038
48565,-0.1018174479755265,0.7016439687346873,632,2.5471100503294304,-0.12334957531036772,0.4918419684682139,11782.349683544304
36225,0.7795116659485237,0.6856966847150103,632,2.5446870745583596,0.4287045061769631,0.6183867301208378,9169.370253164558
15452,-1.982355422659071,1.2643524461424356,632,2.537420316547737,-1.9177974846535926,2.0113947092435116,3903.6044303797466
83882,-0.0298237770894505,0.9182323725964222,632,2.510131118880079,-0.10066645782550371,0.5592473068373178,12107.716772151898
77040,0.12128381784725839,0.7430392750319491,632,2.2841045824421835,-0.030665708475143924,0.4997246719233965,10103.07911392405
16452,0.0421698937966255,1.3184421241362025,632,2.5436926844337275,-0.06472707254272742,1.0153238539798843,10587.12341772152
40523,0.17191672923966328,0.8990221840867941,632,2.5476976862816496,0.05264298780570732,0.8257411032369333,11281.031645569621
59939,0.20277115961940995,0.7438584662162823,632,2.607728513506186,-0.17491523043600654,0.4813219114592832,11579.333860759494
1588,0.08963824822700506,0.9261319103412665,632,2.4601303759137156,-0.1690143106541555,0.6358257988402264,10371.00158227848
62368,0.3166952102523215,0.8100035892265978,632,2.5705340381548325,0.12424744312337409,0.5510388268101444,10401.761075949367
99522,0.3000812862016886,0.7276720483583837,632,2.5218899779089687,0.11355146727224345,0.621180881428727,10682.601265822785
110129,-0.5440642834185647,0.9577183263704682,632,2.561446599635067,-0.36061214237964634,0.7592172618171948,10813.881329113925
106464,-0.22760858721603272,1.304247515226517,632,2.524150434717585,-0.3113341018907347,0.8649520173774404,10289.637658227848
62644,-0.07333643531729894,1.002363102875309,632,2.501955326812297,-0.23452926300197707,0.659386442489375,10315.430379746835
57053,0.46384710898649884,0.6945438765212517,632,2.5710880843688457,0.2940860256545542,0.5024322866799752,12227.207278481013
72266,-0.9064060555704634,1.132555993271522,632,2.5273326397276366,-0.9917271379303352,1.1179699013440674,10753.598101265823
78564,0.17587869437436998,1.171242790689244,631,2.608723600845525,-0.042300013939918384,0.7557139090484793,8038.668779714739
122939,-0.3740420663229358,1.3268695674756998,631,2.518487263332863,-0.776519516613327,1.0921242421158524,11109.854199683043
19377,-0.10462843716287251,1.0153526781626159,631,2.5781287209148425,-0.24720332005834336,0.6889463210598805,11469.568938193344
25302,-0.05074571133085959,1.0074846307070198,631,2.626608049513379,-0.10737025704543457,0.5190316495775331,11031.229793977813
107288,0.20678202242508315,0.9699721510892794,631,2.4866518251678587,0.04511507905385581,0.6300759665727829,11997.090332805072
133872,0.20361245031731778,0.8695611788570783,631,2.4562881579285736,0.12675152538428033,0.531359566326666,11487.651347068146
58346,0.07603717297975843,1.0730828507239771,631,2.571621472198215,-0.2400131078659221,0.7414678099483966,11956.941362916006
133365,0.2528691101920444,1.0346703879590273,630,2.4126690768646037,0.11022082374358784,0.6644527703956947,11412.23492063492
102055,-0.023321365998432153,1.1060505040301567,630,2.5247785851757394,0.06432609742765051,0.7096254551670933,7623.0888888888885
2757,0.5639802213031553,1.0818346289908685,630,2.522056555403955,0.34381431698173914,0.7200402011347986,10201.87619047619
119542,-0.08205152472859067,0.9919109075885446,630,2.5537287167741036,-0.3065521320477266,0.655570404207999,13821.26507936508
59891,-0.28046422314128927,1.026339466468831,630,2.4538390566587553,-0.5539800275826419,0.8358218387385349,9207.193650793652
9032,0.010805618128552297,0.8410165155141741,630,2.5764815896623707,-0.1472452795976021,0.5770643716384702,11452.573015873017
5791,0.44175799908093305,0.8622326401836495,630,2.4642124879276013,0.25834636322544174,0.6448867866238516,11018.577777777778
107876,-0.07728961996668593,1.0790493690365286,630,2.4619036270418473,-0.2795494221465452,0.8346978178537999,10506.473015873016
87573,0.1790595863825204,0.8036263766006523,630,2.488271145462211,-0.09694020122865878,0.4723171571979427,10647.219047619048
43547,-0.8360197786968446,1.3647040114572915,630,2.552344826413374,-0.6788177549897365,1.1281027014621587,9316.646031746031
99458,0.4449326022555362,1.0598476581901648,630,2.312541192799442,0.088180580376968,0.7940694723806863,9272.903174603174
35022,-0.2868134294904956,1.0676087897838897,630,2.5154665233169617,-0.2507250211696602,0.7424443721549622,10639.44761904762
13629,0.19334530066823463,0.5588722380961941,630,2.5786016186633707,0.07726949987056295,0.3248754983430859,8348.420634920634
115112,-0.009035651712717474,1.2739729356050309,630,2.5134741827741114,-0.36022595401175134,1.0298318607384473,12052.119047619048
4855,0.3782659355888698,0.801106749519042,630,2.5510203120438284,0.13197294357064485,0.5940923809952317,9758.785714285714
133310,0.3396432793191546,1.0310118468236853,629,2.2778210005264237,0.3983483192069889,0.9859551251648468,9540.995230524642
54720,-1.1078924917460284,0.967837547156308,629,2.3273182361541265,-1.338337524931068,1.410888575597167,10179.379968203497
97192,-0.024426672986091802,1.1022570863618444,629,2.5652113012797866,-0.26261686623832325,0.8653903176038604,11986.065182829889
98394,-0.2716444790274273,1.0085197758920827,629,2.465418834865376,-0.5281269273363258,0.8123002734937673,11173.54054054054
116526,0.15999304084538668,0.6797346010945953,629,2.541118952658544,0.1472256049203094,0.5184410963983015,10885.682034976153
77512,0.18145567995508438,0.8837193100426227,629,2.606069841430359,0.1806034258348964,0.7056275131815123,9806.003179650239
118698,-0.13173986853458164,1.120524778831912,629,2.5360935847075337,-0.27903744809213055,0.7140753672711064,10204.049284578696
71245,0.200579149621829,0.7906794328949399,628,2.449999074693009,0.05120082593380088,0.46393793678921474,12265.926751592357
7438,-0.1592934618431392,1.4074920745070945,628,2.352823232777792,-0.20722730156206878,1.0685745758032088,10047.640127388535
59230,0.2077447547173703,0.8419274891654048,628,2.5318726614567066,0.03833871900877506,0.576243834387494,12474.057324840764
25180,0.07956004134157402,1.0032986361361136,628,2.5671097613979277,-0.2726713698369681,0.7738152996689185,9493.770700636942
57545,-0.025535500059699956,1.3977744463317354,628,2.43341030903562,-0.1143440552450916,1.1046312688278912,9318.544585987262
5518,-0.08286034082403093,1.067301198420397,628,2.491955483617763,-0.195868004070636,0.712225357413719,11428.471337579618
53903,0.522235200577243,0.9123728080332563,628,2.471509249375266,0.2923738694048915,0.6927607323568234,9158.380573248407
75779,-0.11072658286224746,0.8849988620379518,628,2.5125889672693154,-0.15076498357909268,0.5978499621197423,11146.570063694267
87954,0.3383180031250137,1.6446040844845666,628,2.6054797906534413,0.19062119645916442,1.462075617822205,12283.84872611465
118229,0.11379571013138312,0.5116327536868723,628,2.5875685166256557,-0.10824006505161615,0.3542526226773855,9982.32643312102
56978,-0.03588581853103756,0.9929028595699287,628,2.5318092363098064,-0.0913129570756753,0.5850877578703191,12562.011146496816
44531,-0.3678921879577888,1.0929707093072578,628,2.571626795859509,-0.44741712960703295,0.7526712079102471,11819.014331210192
111341,0.19659825790208352,0.7475290890156807,628,2.574724650755303,0.039465041564395544,0.5551522709374045,12686.34872611465
5084,0.1926173661823385,1.1455001009217398,628,2.4622448886633324,0.20602543101756626,0.7958488185527456,11455.146496815287
129255,0.5031269203224658,0.738665852219858,628,2.5023477629641526,0.14064594327383984,0.5003255623145001,9568.902866242039
93895,-0.04658406820850258,1.0330523267597065,627,2.407461998292813,-0.1549348172845246,0.7958378775053869,10843.244019138756
39926,0.16314479941510207,0.7925388435325623,627,2.6435554605069824,0.0029084615172463475,0.4747972600918558,11727.920255183413
109503,-0.056950894364802274,1.0189165266101516,627,2.3281763948869987,-0.2267013821354014,0.66376181828122,8610.017543859649
14551,0.12406983928751014,0.7837859635026403,627,2.5457290565586788,-0.13835707186997323,0.36869245771035786,14295.639553429028
119963,0.3776583560339217,0.8378613903829638,627,2.463764235623342,0.19045389453733194,0.5323906066687892,10887.45773524721
66819,-0.6853400490697465,1.1237165072170827,627,2.5031420979410126,-0.6718837451539277,0.9090310856370538,9175.030303030304
3514,0.5379454373736348,0.6908188541653831,627,2.5131431098626194,0.3186243004255188,0.5003960391028923,11701.620414673047
63675,0.36999979633231517,0.8785785790063508,626,2.468497993182954,0.12653622191499395,0.5423585076075699,12613.746006389776
56167,-0.3392653793865348,1.0942918990760122,626,2.5607222569747012,-0.540990833843748,0.852190796319515,11712.535143769968
9649,-0.2434187340191225,1.1331462603231524,626,2.395243201391983,-0.35034045657416685,0.7915814276542869,10679.627795527156
13141,0.17591033946330548,1.1796541974490267,626,2.4829908287115656,0.13260327194643257,0.7597433821084194,10311.918530351437
70243,0.024153150964902892,0.9261376735752281,626,2.5659759637271193,-0.08112603434550489,0.6144050393888072,9192.950479233226
52311,0.03693270368055801,0.6484983883899859,626,2.5151024282851084,-0.18424549797290563,0.48858786271664967,12050.081469648563
23311,-0.31290755191049646,1.0933294695897853,626,2.4764264385280335,-0.34796647233697386,0.8268255678809832,11292.79552715655
37422,0.4259103394633055,1.1893628653859616,626,2.546524879624163,0.3831117164302275,1.0214553611581398,9259.782747603835
63365,0.12079851837704325,0.8531018389406,626,2.565616687578941,-0.0370705240858867,0.5896736611186587,11489.61341853035
63538,0.2575167292396632,0.9195790564305174,625,2.480108003180899,0.39456428308103525,0.738783818870128,10737.3568
58964,0.44631672923966326,0.45058793501323063,625,2.48921988593079,0.29007815205619153,0.37354673136104494,12678.848
126121,0.42631672923966324,0.5739404954415502,625,2.5988267667060034,0.17898049818748865,0.49503547170366036,10656.3248
17602,-1.9328832707603367,1.4669902032427677,625,2.502703818436355,-1.8267367810624129,2.127068019179072,6326.824
125896,-0.2872832707603368,0.8944357912200211,625,2.544711725310539,-0.28628689617372804,0.659070874611128,10793.888
73220,-0.8072832707603368,0.9534263447544306,625,2.4847239054316645,-0.7493611942184061,0.8325467362150357,10695.6672
100214,-0.031283270760336546,0.9024482370268229,625,2.528110978770478,-0.43503803261277935,0.671044635988225,11169.7888
108187,0.23111672923966342,0.72535314122652,625,2.5644427944860975,-0.14274576851388346,0.4925968390540783,10652.5824
136262,0.12951672923966306,1.1305960533707147,625,2.5615693055764783,-0.08037155674373826,0.7484955996683085,10418.92
14808,-0.02328327076033654,0.7340020261272956,625,2.387691032610544,0.0667958091215439,0.47615309214040663,11109.6304
61213,-0.533211475888542,0.7771243754596363,624,2.5108347697954003,-0.5376958237745912,0.6435591212496572,8037.828525641025
64559,-0.19346788614495214,0.9675242749513194,624,2.3914373273332172,-0.21634073918488184,0.6534165568137789,9968.548076923076
3704,0.3946731394960734,1.0285154716387372,624,2.533467302985228,0.33670703023658205,0.749708234116062,12219.71314102564
43563,-0.5292050656321314,0.9805567380026299,624,2.4544155009501667,-0.7039507791748628,0.8841613378444603,10816.846153846154
36745,0.24082698564991967,0.796800241187788,624,2.468603410139608,-0.04914964574997422,0.5551542477382417,12142.267628205129
51466,0.43153211385504786,0.6365566323710576,624,2.5876450119126755,0.12040977013411527,0.4929356232032549,8913.45032051282
118762,0.10701288308581702,1.1989973032812515,624,2.53868467854764,0.1377741494078034,0.6823048088984268,10508.951923076924
69702,0.44916031898325315,0.7670343328010818,624,2.5985215994298794,0.2941644050477669,0.6118919993121458,13291.008012820514
10940,-0.24234609127315743,0.9691576499193348,624,2.4388518270771167,-0.20460947622489198,0.6212236908461597,11535.40544871795
132310,-0.22471788614495214,0.9670186619729869,624,2.4578071434923747,-0.439757780768935,0.6748107727128355,7149.0608974358975
107468,0.12864749847043244,1.1495911275163253,624,2.2971934804325334,-0.1371722726315011,0.7493584496439359,10211.570512820514
13264,-0.054044809221875045,0.9928633164396281,624,2.4968681441058536,-0.24518467572261438,0.5699479835445678,11943.455128205129
22302,-0.37295506563213143,0.9216876747211542,624,2.332441594238228,-0.24301388672765206,0.718047432756369,7648.397435897436
9834,0.06775006257299676,0.6936181993918229,624,2.516950878292032,0.11929334255429322,0.5536135145255366,9902.528846153846
17640,-0.20548711691418298,0.8689132658745583,624,2.572430665713382,-0.21185488261861365,0.48858399205530223,10589.653846153846
100369,0.695955190778125,0.5653723940410397,624,2.5469947401358164,0.2067790460651334,0.40919191743266436,9958.875
88851,0.1767244215473558,0.9020981223505773,624,2.543640449187583,0.07860444716648425,0.5375696844326392,12543.649038461539
84392,-0.03721788614495214,1.0805874485001348,624,2.482958610145751,-0.25381562911901523,0.7453788799899382,11111.434294871795
103521,-0.011871392750705922,1.0719353684505488,623,2.5194382161692412,-0.22157925962492786,0.8372697631562328,11433.39165329053
42033,0.4544207420807549,0.640637862574933,623,2.5881104739931433,0.22233820987606157,0.455482097383086,13072.383627608348
54095,-0.22455197059982313,0.763487756867713,623,2.522054396693372,-0.2992069105685644,0.5804967708127021,10129.288924558587
47450,0.12456520436004848,0.8584300427463329,623,2.51149059075375,-0.12334191369549026,0.48769060689444105,11053.781701444623
7348,-0.3762373638582499,0.8129334136690324,623,2.559930207546033,-0.23032945288442586,0.5007140338832325,10021.378812199036
12901,-0.3465423397812035,0.8406261262259612,623,2.564004688045967,-0.6038102003036699,0.7192441053590691,12442.54253611557
82434,0.016772034705901273,0.5949039313741334,622,2.6218006084223946,-0.17184910234827938,0.3235990422503856,7893.287781350482
48000,0.1060003305258368,0.7711561761874403,622,2.5042177091660434,0.1145000572275056,0.5918980076289644,10960.344051446946
72863,0.08510000898242875,0.68255451919129,622,2.497468624796003,-0.10596422278567547,0.44678326201021906,8613.512861736335
50285,0.38895852988275026,0.9497854295466107,622,2.4003586656846863,0.1339180161358049,0.6799147782716713,10003.55305466238
13227,0.5537495266673158,0.8806057703211574,622,2.479172174045233,0.16225731034425517,0.6599611701200908,10355.001607717042
94767,0.08188457489882728,0.9380644403741913,622,2.5154774527259103,0.05255053587917804,0.5705144088360635,10866.779742765273
347,-0.3763147820143562,1.2604174950928753,622,2.5210124316932565,-0.38450145216552084,0.8036834421450773,10417.020900321544
84441,-0.3739032064516552,0.8431252075894667,622,2.5527443278783233,-0.4608437887710632,0.6411606650169587,8958.387459807074
66813,-0.034674910631719236,0.6947038830662939,622,2.631872789434419,-0.15418227268931317,0.5770590726354491,9374.876205787781
129587,0.1687012951560618,0.8950513161296213,622,2.5085416877766504,0.1768124181819691,0.5831355568285547,12036.372990353697
63999,0.5127527421013998,0.7663859654933488,622,2.5425598468586643,0.5203403299580925,0.6389376950709569,10301.918006430868
94789,0.36886206686024225,0.9143023493665166,622,2.519448044221782,-0.017601260782875255,0.6654054226076928,11465.467845659165
114817,-0.2750286083809157,1.1762882725194514,622,2.4657468300294596,-0.6016407982746865,0.8062947668967354,12360.324758842444
22372,-0.9116845569339702,1.1844080532419954,622,2.373074847422333,-0.8922881329193898,1.0109388735791975,8716.815112540193
34207,0.06821898004352178,1.0231314181645996,622,2.509841388977258,-0.11947970946562926,0.7525178542919956,12273.69774919614
91200,-0.016186164651011747,1.2188085583040333,622,2.3858785004599072,-0.16521061525557204,0.8105301346159485,8558.770096463022
36099,0.3897623884036503,0.7793964314753983,622,2.5791635807086957,0.18925592652856155,0.5087901775445598,13099.717041800643
74633,0.8672543498184413,0.6563409024224521,622,2.593601191880063,0.4418632932118523,0.6219376059485037,9171.361736334406
31328,0.45648264563837726,0.7751492846687204,622,2.516097686734856,0.25662576015669747,0.5489165957169145,10653.260450160771
72942,0.5666112630017213,1.0292442797399846,622,2.541240708315648,0.1335212882820743,0.7004746047295753,9176.950160771705
93356,0.16467035242806904,0.9133573226716808,621,2.3618231527035096,-0.02498018169895307,0.5704518794492359,9350.130434782608
59853,-0.07768069427080393,0.9459697186688969,621,2.4115816149327074,-0.13247033417452533,0.8113166982550973,10699.808373590982
125165,-0.06157763468948341,0.9694056353535815,621,2.5929361351125726,-0.21567708088192297,0.5743854110363232,9508.481481481482
121640,0.299936052911161,1.032591840614389,621,2.406744645538769,-0.10381945263929834,0.7738845365245033,9748.77616747182
92980,0.29591028801583086,0.8997781948671812,621,2.4537085518519666,0.41157324431626735,0.7658375571001641,9295.642512077295
27764,-0.3546533190695156,0.8060372942253315,621,2.533463792786077,-0.5292193116726812,0.6394898177559419,10831.355877616747
124822,0.024573734070580944,1.014227909061569,621,2.5313915074508246,-0.12872529483189335,0.6399654620677315,11598.648953301126
135196,-0.11632803726597274,0.8654703986621777,621,2.4809373239397003,-0.17854554590105168,0.511790239953538,11272.027375201289
41486,-0.3611477868893691,1.2158565841869478,620,2.5947649954005287,-0.5772433315472426,1.019168733932222,8041.522580645162
8258,0.050948987304179294,0.659131728464225,620,2.498866766158247,-0.056306416961086334,0.3411032034824004,10246.637096774193
65777,0.3364328582719214,1.0771674657803005,620,2.5769889914036814,0.23468439230682928,0.8468546182164214,10718.46935483871
6569,-0.43614778688936884,0.866034430006657,620,2.4960105842089946,-0.6911848124458874,0.8050566060264188,9070.256451612904
12363,0.6767554389170827,0.7234648767572633,620,2.439519893627141,0.4549409910481342,0.7061528308455741,9081.882258064516
53364,0.3154651163364375,1.1212618335749973,620,2.5154467748668754,0.2574839745583788,0.6029066989136138,8670.259677419355
36003,0.585626406659018,1.0001078033507174,620,2.5462056851485095,0.4268748895380214,0.8375755068329971,8753.295161290323
5063,-0.2942123030184014,0.9974026929734033,620,2.5952065994804614,-0.3962141410571426,0.7729721410973868,11215.167741935484
42466,0.06304576149772778,1.1170590929979785,620,2.5318962136770438,-0.003031265338612229,0.7759208232588041,8277.479032258065
21301,-0.3192123030184013,1.2705189618558432,620,2.450237367895191,-0.5348282959858766,1.0105557405070293,8693.158064516128
58277,-0.21840585140549784,0.729642326659289,620,2.5556842975542984,-0.3214263044896264,0.4714564135999612,12346.48064516129
5506,0.0759489873041792,0.8996857460286728,620,2.4621037986617904,0.025711078312059824,0.6356629450413267,12009.985483870967
35050,-0.0038897223732399233,0.6282744231996394,620,2.656022536757752,-0.34531049977884076,0.5477274676129175,10052.491935483871
348,0.6646586647235342,0.6799901865557184,620,2.481429565523896,0.23774502953686164,0.5405262272269689,5427.533870967742
109980,-0.12808327076033654,0.95046965688502,620,2.4015383609523737,-0.14668035356845813,0.6228880035479438,11654.824193548387
51213,-0.0022768191474336064,0.9149512878213436,620,2.4268196691659796,0.21914555504828484,0.6253874851900623,10047.659677419355
4968,0.1364328582719212,0.678208410120737,620,2.489344392971395,-0.02826787225851335,0.445547945600497,12715.759677419355
13499,-0.05872843205065914,1.1635399039718706,620,2.544299251310875,-0.17527693553229023,0.7878256784516735,12086.124193548387
4428,-0.10308327076033663,0.728335455919146,620,2.46891738675531,-0.0665567491569714,0.5076926123883388,10124.567741935483
37053,0.3291747937557923,0.6825985447975536,620,2.4562110715519374,0.019479121987200275,0.43853607909704845,10342.970967741936
109864,-0.6705711544436972,0.9897472534248425,619,2.4618781807339247,-0.7425483274022049,0.8698354691102765,10786.366720516962
124943,0.8819328843285166,0.667311055689949,619,2.5715096387014977,0.5582584086953521,0.6775192348802785,8079.085621970921
27712,-1.1673401366730993,1.2970941247808394,619,2.5920140491149914,-1.2099822025509896,1.4110355780364319,5768.290791599354
79460,0.27207828012819313,0.7865063298338979,619,2.5413676342853226,0.30509855545641806,0.5867473563562698,9693.495961227787
41131,0.2728860345708428,1.0290595027603417,619,2.4502450396749786,0.1765492717594223,0.6835875376958643,12420.99353796446
47420,0.15172286817342728,0.7882609353271918,619,2.6129320038395276,0.2971235235854309,0.6546239887416723,7922.316639741519
70141,-0.4274370672062173,1.1947428949282426,619,2.485281224323792,-0.5603540252521919,0.8574870629636658,8564.117932148627
30875,-0.0752561302110637,1.198828009467936,619,2.570891392144508,-0.07608088317250737,0.7148449603182244,8169.760904684976
66243,0.3628552405665242,0.5714283841024265,618,2.502189970794052,0.3857923124895186,0.6077001979182226,9622.608414239483
38243,0.7738584768124785,1.083677087058716,618,2.4488387982602497,0.7125709817843267,0.9464053153368417,8525.788025889968
74879,-0.18407032577651794,0.8931422938392701,618,2.552850372183046,-0.29654172776173593,0.6088537896906143,12337.36569579288
39412,0.26819504639176683,0.8545060655683561,618,2.1270366273886228,0.06420040116723061,0.6299203839453035,8597.338187702266
81739,-0.09345543904512654,0.9653468774711322,618,2.5417828828687696,-0.28268093974522074,0.7139590824175163,10993.697411003237
11125,-0.05138424163412303,0.9663583213373065,618,2.444906539687414,-0.3674933650642245,0.7823393043137217,9825.68932038835
130465,0.03437627616522976,0.9125534210855627,618,2.437629675737264,-0.08982568296114318,0.592963043530756,8797.453074433657
106922,0.5327581531878836,0.8057053067117325,618,2.5416505638997373,0.28050762398456963,0.7257484935957798,13608.632686084142
30172,0.031140030210536906,1.1910337821888934,618,2.508551939486396,-0.29500657991777096,0.8195272280331818,10461.595469255664
55153,0.1468358230907958,0.9690186567548046,618,2.2884322636590086,-0.07110298255997217,0.7247008635953912,8907.304207119741
50073,0.0036319395956501133,1.1989990300374849,618,2.456182781950651,-0.37327590156775603,0.9595011196304203,7691.160194174758
1887,-0.33213513461771127,0.8045526609978744,617,2.529117942695416,-0.43259329062784846,0.6308716446003372,11001.025931928687
132606,0.4458227259981724,1.0741274672143755,617,2.5952637091746222,0.19869853102531917,0.8402680954069331,11496.585089141005
137369,0.7027108945557088,0.7920207908967125,617,2.5593194025450017,0.49074484862436535,0.6747377268435292,10128.575364667748
4066,-0.28837500495806756,0.9570968239093726,617,2.5470111052299598,-0.3989641099900045,0.6114862696728417,9571.293354943275
89223,0.9668924180565193,0.7388944275452058,617,2.3507878541743628,0.5416910990690892,0.7478175814876686,9499.08752025932
130390,-1.366170791019656,1.3120043549442606,617,2.5433472227946816,-1.4891479012810753,1.6792589134839524,13875.066450567261
61991,0.0745141318370659,0.6731262389676534,616,2.501764430214778,-0.1437362337355149,0.4465900937418944,12809.00974025974
84681,-1.1008105434876096,1.0620442155309697,616,2.5896490144609268,-1.2783648890952284,1.3394563538012094,9845.698051948051
107242,0.6759751707981052,0.8914588882413809,616,2.2794115634570122,0.6473844647811337,0.8049614810421792,9322.10551948052
36310,0.09886478118771524,0.8388073825016614,616,2.427495386913434,-0.07706004831446367,0.6224179840604356,11011.72564935065
71526,0.5582803656032995,0.960644646824352,616,2.547132088113514,0.42638510364304255,0.803601648230561,10299.707792207791
80864,0.17841023573316983,0.6854753569592539,616,2.547574959469803,0.19332474597669602,0.5273740768397419,12769.891233766233
113972,0.8131504954734292,0.8026507530946154,616,2.2136520566454942,0.5522328380095589,0.7883280654774815,9662.454545454546
120122,0.03230633962927376,1.066864950950531,616,2.5246598769653286,0.024358913299760965,0.652079888308271,8281.548701298701
64326,-0.09756379024085637,0.9311818120536758,616,2.607431049948183,-0.3804263323409138,0.6354411839163228,10392.762987012988
5904,0.3391245214474554,1.1816879187162723,616,2.344774904340542,0.18213339504039652,0.8037604199257024,10933.334415584415
102004,-0.7485378162148821,1.054685459778761,616,2.575595254613337,-0.7813243375368201,0.9821505501543562,11190.954545454546
66482,-0.14788846556553148,0.8140018343833589,616,2.5269672931538927,-0.3039972094771061,0.5616315876143577,11828.790584415585
76697,-0.5910702837473498,0.843816440463752,616,2.4159287636798856,-0.5436817632311312,0.7305732153701413,8743.712662337663
49490,0.20357257339550738,0.6222601226383969,616,2.4787327999306443,-0.009475252234477856,0.4716470230916172,9849.478896103896
37354,0.5590920539149882,0.6419085934788601,616,2.455789729470687,0.09019359630403366,0.4472630099657518,8292.49025974026
35190,0.25957906690200083,1.0211313936987383,616,2.4252554550202023,0.13769107209414247,0.7110633067602452,11349.459415584415
81718,0.012825820148754108,1.1465105000310505,616,2.423621188037937,0.05367664957276821,0.7502050313496946,10215.58116883117
107278,-0.24042093309799917,1.1499496162637286,616,2.518317765985715,-0.10514232444214552,0.7273396522194117,6002.176948051948
31434,-0.2534079460850118,0.8014873724742435,616,2.544040625177455,-0.10646643299734905,0.5915842680019314,7485.912337662337
61248,-0.500161192838259,1.0408406079482335,616,2.3086695653592684,-0.6948665866003344,0.9586875041400285,6840.909090909091
136578,-0.025644246370092993,1.0614248470647716,615,2.157790244380647,0.11047734913424258,0.8218947273725474,8734.808130081301
16948,-0.3134491244188733,1.4147134541892397,615,2.5984488732646382,-0.19400947979040378,0.9603243780067507,10152.429268292683
63251,0.12394924956486664,1.140271811236675,615,2.412093015622543,-0.014206831373172395,0.7481353651902541,12180.639024390244
86780,-0.08905888051643407,0.7228961551949755,615,2.558518827083773,-0.24053533683535136,0.38351358769253674,9618.242276422765
78232,0.34671347720714296,0.526124280275674,615,2.3306882673213543,-0.05934269127071452,0.35613588337648233,8860.227642276423
46355,-0.09556294555708478,0.584475590415395,615,2.4069124829801476,-0.22748477748549578,0.5109401190098241,8059.134959349593
122471,-0.13946538458147506,1.2737133926123076,615,2.5584600759735223,-0.11597835083435165,1.0265044762885813,12228.349593495936
28145,0.7434614446868175,0.7618253757440517,615,2.4791812956833685,0.7686867938430699,0.8565987939138737,11185.081300813008
87717,-0.7662946528741577,1.1282946924006831,615,2.5689551340494,-0.8422987070139454,1.0379427704871647,10895.80650406504
109009,-0.21426213254895465,1.0993279856683458,615,2.5230774159103015,-0.34910008841498513,0.8656920608684442,8612.450406504066
68913,0.01338014387380948,0.9641731051806997,615,2.541673355540548,-0.04494125965992509,0.6280011913578966,11995.718699186991
42407,-0.44534711440854524,1.1043123267167432,614,2.566642227513267,-0.8052363293299504,1.0457559933094809,10434.728013029317
38119,0.5937408334741909,1.1454196727658308,614,2.4997246417848507,0.7714345808412398,1.3429950654066127,8465.12703583062
137805,-0.46570542059747044,1.434042489000585,614,2.616407332164673,-0.6242580137692598,1.1221945638593465,10733.241042345277
12149,0.3404835044839629,0.8161335442755094,614,2.537487593077601,0.056773176003917056,0.5093956871747908,10545.454397394136
20235,0.05628155008656899,0.7483422704893737,614,2.4888331895325164,-0.08279495931704334,0.5921978982436884,8575.312703583062
116630,0.7875519083927576,0.7323673899974639,614,2.44653642443773,0.5791995206850119,0.7336697522725392,10360.304560260587
115397,-0.04469564861049946,1.1428839010726515,614,2.4589450266401585,0.06271458252137219,0.8173843673942791,10480.298045602605
23103,0.10677014943510299,0.9043975731517117,614,2.4907123274504634,-0.009780153829487099,0.5802110704850012,12250.3664495114
137280,0.48950630578689447,0.7265305973795565,614,2.533412707308787,-0.06818507752241751,0.5420236719693492,7072.50325732899
127974,-0.33948392222613455,1.0241139849766214,614,2.3529576519346342,-0.42472880546759634,0.801205291904943,9044.697068403908
45928,-0.1171712186430729,0.978510444736334,614,2.4799533515493195,-0.16243520019409985,0.6034996054120261,10365.232899022802
42245,-0.43411915983048344,1.220473273685977,613,2.5699124582022628,-0.6055952797539419,0.9158249734967351,9611.78629690049
29687,0.09850726757571548,0.9192890957388316,613,2.5600166863705547,-0.14545224254066846,0.6053036710495944,11975.192495921696
25128,-0.1926835970246108,1.2245859825108185,613,2.489250735256394,-0.3225010028967158,0.7997940175643369,7923.2088091354
26316,0.3717535971026322,1.0394741503722615,613,2.606213787861345,0.10828469071624745,0.7253954719805118,11724.908646003263
93414,0.029991770022697484,1.135905766070566,613,2.5548882419193544,-0.13196880688392745,0.9405813767362028,7648.660685154976
88641,0.5910343762984867,0.8777540931276316,612,2.515845075840418,0.362340211029588,0.6406771594013948,12060.272875816994
120518,-0.6385407871002058,1.299006968009988,612,2.5623534487100406,-0.6199655560930656,1.0106182338078484,10905.441176470587
87486,0.12534810178868305,0.8904133854110831,612,2.486573845981092,0.05846412489579957,0.6396898749267256,9735.23202614379
65718,-0.1671355583420362,1.3595733483594135,612,2.4722965754440285,-0.18329902873582674,0.9148316921593419,8431.308823529413
131531,-0.203900264224389,1.3758271379159421,612,2.586041335990359,-0.47865324204508275,1.155503328011595,10641.506535947712
955,-0.42448849951850676,1.1191767575193978,612,2.4197454632591446,-0.5489220869174978,0.8703839558700692,11409.057189542484
53908,-0.10095908775380069,0.790108383625793,612,2.52454351032354,0.009828747481736264,0.4832189225417681,10571.18137254902
33729,0.37453110832463077,0.7286242635965243,612,2.575577116143565,0.200446355909035,0.49767230756119596,9201.678104575163
47427,-0.2978545125904022,1.1820332339837099,612,2.5137407413748045,-0.4949583303563305,0.9185954589516803,9786.220588235294
43379,0.5150539841416242,0.7314997893713912,612,2.551603197534348,0.07725989284418396,0.49839151869030573,10436.531045751633
11506,0.6915245723769181,0.5645917457904016,612,2.6057002168440895,0.43338910151385734,0.5423121488670043,12966.3545751634
59332,0.5395637880631927,1.0659738190598107,612,2.5993030074852372,0.4747393233194506,0.832223179079771,8875.385620915033
134859,0.20459646780175467,1.1092870900559992,612,2.5851038015611953,-0.09716398071729669,0.6621114400953387,11854.369281045752
33190,0.7854788207429313,0.7642347291109267,612,2.4640041426092614,0.8029669227917631,0.9633966625704292,11119.361111111111
132884,-0.13608980670804893,0.8706815510254027,612,2.591513152515799,-0.4039307378432757,0.6848099891529906,10879.07679738562
123144,-0.26762575442046765,1.350736643232344,612,2.5184334849253,-0.3507785429314987,0.9759675864939155,8805.031045751633
21668,0.8969576457699415,0.6607334151260074,611,2.5724516941227806,0.49291741690598395,0.6417317698546285,3348.1685761047465
1052,0.4272358781758334,0.843655407827928,611,2.453232061242768,-0.03991341608873401,0.5983968344234974,7517.2307692307695
112355,-0.5563975097128737,1.1314434156118225,611,2.5404406791865695,-0.6353716835923319,0.9557074220387621,10708.46317512275
27749,0.20874160649007223,1.2930593030039366,611,2.500458380086592,0.13203028870275987,0.9671356037988137,11843.91325695581
11343,0.09090199928876297,0.6668248361284654,611,2.538621634662805,0.05255920844833202,0.406958029935388,12696.063829787234
4600,0.20383162285668455,0.7428651440559223,611,2.472831801095878,0.13262774221580914,0.5669093925547236,11301.045826513911
41628,0.5581687750661772,0.7600091858643986,611,2.402041558746716,0.4668653841410019,0.7131128994174198,9411.476268412438
1908,-0.252796855048389,1.0295127168835752,611,2.433582715343404,-0.48673877669961846,0.7884927623342667,9282.08510638298
28142,-0.29207672411549224,1.016025570845936,611,2.506233746537355,-0.2541720743059507,0.6595516404036357,11875.46481178396
106241,0.13345519077812495,0.855403417286353,611,2.475557315427293,-0.24392482037790902,0.534943707014615,7303.801963993454
121497,0.9526041269483376,0.7395303242465902,611,2.3580265579052506,0.7116521960774751,0.8437261302773196,9650.981996726678
77968,0.25538645100725743,0.9136873987345537,611,2.4261019806461905,-0.039520658031600965,0.6838011051293883,9235.99836333879
12064,-0.642017696989845,1.088928879251259,610,2.633953232531569,-0.8072967022851711,1.0366849307583708,11738.49344262295
118555,-0.7370996642029595,0.864555097707597,610,2.5347811374397295,-0.9455863338206465,1.054620029674646,13067.036065573771
30731,0.37191672923966346,0.9486832980505138,610,2.6152466845911784,0.25241730430123455,0.6341691765922183,11507.393442622952
53896,0.6563429587478602,0.7181691385921246,610,2.473975906952303,0.6908348982154378,0.7961272632203267,10501.22950819672
46947,0.5833921390757291,0.7302064311349563,610,2.538614577987306,0.4100456263019417,0.5501967173318684,14126.659016393443
23181,-0.4592308117439434,0.9006549311257349,610,2.469858108715459,-0.6447972223703526,0.7703803017573477,11919.973770491802
15803,0.624375745633106,0.9421887938606229,610,2.357413880438272,0.22034106198752368,0.7338476665840823,10278.737704918032
18998,0.24240853251835182,0.7520839711124662,610,2.5549026547722353,0.07781069486532324,0.4236393577056126,10531.054098360655
26403,0.049585037942454946,1.162132998802286,609,2.4452888552608916,-0.1293342377979072,0.7870083150612815,8075.193760262726
101234,-0.30755781920040226,1.0687651444414072,609,2.5450289391412357,-0.4020988139518178,0.8123293879315735,10408.717569786535
71699,0.6653485847404843,0.899537278181856,609,2.5929787857108852,0.4805554712622345,0.6733314841529908,12422.79802955665
132136,-0.10312432166345653,0.8193593292830101,609,2.541280133582864,-0.15533490891827806,0.6381735094152331,10993.79802955665
62070,0.16699062086527894,0.948930510942102,609,2.5674796507602315,-0.1831053132819192,0.6638063468570685,10329.525451559934
135399,1.2351351200442608,1.0511710981357687,609,2.618927289368031,1.007021631355597,1.369986754449785,6944.325123152709
66180,0.5175653335089572,0.943721434563607,609,2.3698658981730167,0.027853185609841322,0.5990929006209667,8663.0065681445
59931,0.08160474237595228,0.9310372334851514,609,2.4770384247164703,-0.08332597703941953,0.616041760791981,2742.6108374384235
47953,-0.1351440260969543,0.8909076894411391,609,2.567653219031229,-0.16239279071592397,0.6186327710500423,11202.875205254515
62797,0.6768428376140476,1.0379201920779613,609,2.461922049498262,0.6849813222584661,0.9782731178706868,11334.541871921183
5138,0.058429887134400005,1.029362503165811,608,2.3557868562083994,-0.2810625254020487,0.7708195310260203,9196.532894736842
6917,-0.21295169181296814,1.1451069095889157,608,2.4175867074946344,-0.4980026745019677,0.9052545230581979,9569.0
136053,0.37750883450282124,0.8689225152258409,608,2.3440518598427946,0.13397131675321816,0.6307735829670545,9608.402960526315
30162,0.004975939765979209,1.3481975946847367,608,2.5159013225460463,-0.11520827687530007,0.8180208191491564,10579.797697368422
71444,-0.4604845865498106,0.8067790354190396,608,2.5053179893432196,-0.5199419460015985,0.676143977264483,10332.001644736842
128431,-0.3445306391813894,0.8589441492850893,608,2.455025672823421,-0.3091580011715923,0.5193158634343638,5955.6233552631575
16270,-0.12413590233928407,0.6739572167500976,608,2.394777837569295,-0.18658547015820967,0.5914071472605332,8610.35197368421
74318,-0.24337932339191548,0.70522613325718,608,2.564987480021566,-0.4704548976467919,0.574773922237488,9272.82072368421
104249,0.32323251871334735,1.0435957887486602,608,2.513560697578716,0.1324133162426216,0.7184116101662305,11362.337171052632
11761,0.4548114660817686,0.7889706192218555,608,2.32603111636212,-0.016210478845963373,0.5718929293550531,7541.039473684211
122897,0.3956009397659792,1.0754708155368669,608,2.43094201045578,0.2787241571655828,0.7404254934622283,11545.649671052632
117329,0.1612259397659792,0.7200133966679046,608,2.4846790845897804,-0.2704175838860153,0.5980748346546993,12811.050986842105
122559,0.09543646608176859,0.9230649359884334,608,2.443671890823786,-0.22227575955785003,0.6361534122870799,9161.787828947368
70992,0.5469167292396633,0.7260735958267844,608,2.4342334517913855,0.41745051123461535,0.6419636352597416,12334.253289473685
128224,-0.055056954970862826,0.9172317347974386,608,2.53576409428082,-0.2132224386920395,0.6115889844489036,12569.488486842105
46239,0.3224101502922947,0.5761312944897364,608,2.4559253209135807,-0.04277191138152935,0.35298527112216493,6774.034539473684
95138,0.14148909766071593,0.7638745086304441,608,2.1434666936471247,-0.12741420589048424,0.5800902009554857,9187.159539473685
22182,-0.19485958654981061,1.2069328026367663,608,2.556495568604354,-0.2201183001545305,0.9154541323202686,10696.623355263158
124146,-0.17512274444454734,1.1828501801523208,608,2.506937665172326,-0.19921541222723949,0.700385358549784,12916.360197368422
122521,-0.595353007602442,1.1435793599452753,608,2.5452545689470716,-0.6201587225594752,0.9794977119136994,12163.172697368422
8788,-0.11226778476363153,1.2412918928512093,607,2.3801492787818086,-0.055673558095304713,0.8467449229791366,7158.9011532125205
124413,0.17109300601066835,0.7688764123850386,607,2.4972396419457983,0.04901140707101726,0.5584781842198371,7803.077429983526
114045,-0.03895641738307143,0.9365235176241886,607,2.4391362362311226,-0.20281250838608053,0.6260232317717992,10423.337726523889
109954,-0.5200107831161853,0.958194159626404,607,2.519562300533894,-0.5254304182130426,0.7921509586013452,11408.756177924217
24643,0.06812760238628623,0.7728491766499953,607,2.458891781299484,0.05562348124960513,0.4282465201933138,12315.499176276771
66827,0.6175509961259893,1.19211236845436,607,2.3938729617897603,0.3154718740489433,0.8983819732178591,10419.843492586491
8924,-0.14027437454946368,1.0927225406652055,607,2.5021152939873597,-0.2553252852427352,0.7315887778836746,13624.230642504119
124726,0.06483270947030562,0.8215733303567316,607,2.551035599247544,-0.020073446594527037,0.3546975224770282,11836.052718286655
66952,-0.21852808130399426,0.9096698888979338,607,2.5404931364146712,-0.34676368226228155,0.6415596542517412,12558.304777594729
18977,-0.2490058407768112,0.7487109751818394,607,2.53098868799543,-0.411686546418919,0.5706030500383054,12760.584843492587
25601,0.5038771905246717,0.8353374913810091,607,2.399637140376531,0.3557300918760971,0.6702831757220257,11283.378912685337
10224,0.006348360211656523,1.1425684537361769,607,2.4609474056676706,0.12700957778443783,0.706638956497924,8593.144975288304
94744,-0.0422513102990516,1.0445190556063102,607,2.499641167116218,-0.3318484764906269,0.7229552308106653,8664.929159802306
5698,-0.0661392839399082,1.1398503941086988,607,2.3336585680054345,-0.3307451942385433,0.8067480899198075,8514.339373970346
92770,-0.008478657910254483,0.8922999402359176,607,2.492900344525551,-0.2252213045137397,0.5389268458236353,10991.579901153213
55251,0.30888042560930007,0.7381370488006266,606,2.5929069902839164,0.16809436700467373,0.44576320480438875,11596.889438943894
66241,-0.4048159440276633,1.111310692691753,606,2.519512375270309,-0.4414686469231875,0.863515128656202,11874.86798679868
109737,0.07455699326606613,0.7521383022742758,606,2.6311637219736954,-0.09086036853682523,0.40542257576618046,10595.63201320132
52933,0.2709266302297624,0.9821206654758377,606,2.5679730878156324,0.15741204469446246,0.657311521766122,11964.843234323433
38683,-1.6894694093741982,1.125112619261921,606,2.638315762469333,-1.8865908855754878,2.1052794073583345,5733.041254125413
87416,0.15624016158289766,0.8436452513317704,606,2.4192807043524573,0.012569205204769614,0.6306377785128282,11756.138613861385
56434,-0.4287433367669373,1.4387550495196693,606,2.5182360421588292,-0.20401260272677738,0.87271472591278,8115.942244224422
88870,-0.30168063049631044,1.0645121163600322,606,2.6172761198257946,-0.26070353240329364,0.5989533887080546,8955.229372937294
82502,-0.21999746217947846,1.039842947087775,606,2.4331572527549077,-0.19520375672340756,0.7916944544147853,11590.31188118812
65785,-0.11320723770248531,0.8632164129963917,605,2.4815309906891563,-0.16685708472988406,0.6588317398397422,11705.423140495868
68643,0.3372059854380103,0.7215590579705493,605,2.4716498114166416,0.3278921056965577,0.5319123840177951,11895.23305785124
111664,0.17687540692561354,0.8122460112101051,605,2.5418621822852545,0.002434012981440223,0.4411449283142968,12532.157024793389
106911,-0.17767004761984095,1.154685528628265,605,2.4732466380001985,-0.014128782096574604,0.6964734325915664,7238.651239669422
33974,0.22398284494214282,0.9779099192620012,605,2.428444013529621,0.058152912472115785,0.6094932685773665,12190.593388429752
49773,-0.5598713502305355,1.1399206199081706,604,2.50633844152071,-0.8255621483288839,1.0656927959980869,9666.937086092716
74570,-0.07642764162126392,1.3627040869079845,604,2.3857399214768384,-0.08540135107904936,1.039725506587461,7989.758278145695
60020,0.3366518285774118,0.857953577408601,604,2.4404763043347586,0.008547758167295513,0.552480960424208,10922.28642384106
78810,-0.11119585354179362,1.153685958476866,604,2.3642060706970662,-0.29288558521719654,0.8452123855298764,10691.670529801324
36869,0.8070742748449704,0.8638500893090661,603,2.3519849878839616,0.5115238014230169,0.8630578295723209,7197.73631840796
124531,0.18103779059953062,0.5965011969902754,603,2.5053217346234744,-0.036140118665759426,0.3225764890291247,14722.606965174129
132050,0.24239765792954726,1.1511618863518587,603,2.2268064079856416,0.13879961071554747,0.8102691897893386,9411.500829187396
26004,-0.012162872750386633,0.7641980185745033,603,2.5078105548156455,-0.40538364917440384,0.6222641995452425,7706.691542288557
130934,-0.1390285443921777,1.186473991937835,603,2.4221423919441434,-0.5149263305082126,0.8917578253070606,9515.495854063018
78675,0.9737409415116365,0.8694405668473845,603,2.5479180626326787,0.8459608861449488,0.9223654981507207,10343.781094527363
65380,0.22008948671474649,0.7984000119552984,602,2.509829375183076,0.10558123465904463,0.6555180750128635,11697.142857142857
92515,-0.17359822092644972,1.0030178177403295,602,2.4916789615831876,-0.2833777266068877,0.7764395833398147,12480.632890365448
36681,-0.19353177574372538,0.7708298021394302,602,2.4779952336070576,-0.311491433949197,0.6145319289772245,9296.127906976744
24964,-0.2525018754114994,1.3855752281986402,602,2.436560517558931,-0.3154322948984755,0.8841224742105722,10987.189368770763
129512,0.15447486877454697,0.8725494426633024,602,2.5138051509532846,0.03182299959673186,0.5727968157188991,11614.679401993355
84625,0.0033120780768727265,1.1436991010701396,602,2.5085558399963652,0.13306839715850166,0.8839522649165199,9019.493355481727
132973,0.05729878904032759,1.2132047754460638,602,2.498208427826769,-0.13889482711144144,0.7427539333011901,10746.240863787376
10280,0.02241506811009497,1.1341359311446657,602,2.561069416124977,0.022745964264740678,0.6994349112084393,11861.48172757475
6369,-0.22076213931274946,0.6730871501542111,601,2.5905613551307782,-0.14211523350509284,0.5845833507197309,10964.657237936772
37331,-0.10512154031108567,0.9696417965068338,601,2.4915513703992596,-0.41834223947414106,0.7313289159857829,10963.247920133112
47576,-0.17500506776532854,1.2462723119530361,601,2.5248715564328976,-0.40305343297583646,0.8589564430103876,11397.79534109817
7289,-0.41460573332273265,0.9394154494034708,601,2.490021640371419,-0.32160973942793875,0.703002868109565,10798.587354409317
104652,0.04629276917310765,1.0478274277562563,601,2.3575712430962787,0.13977407127285177,0.7279862677788642,10102.296173044924
15308,-0.4295807749200704,0.8715968604103013,601,2.60005171293325,-0.6058525899833557,0.85860590722886,11167.252911813644
5216,0.6120165628503123,1.0427076883527677,601,2.5929281588437063,0.4172895092190585,0.7441069036807874,10154.339434276206
76627,-0.048083270760336916,1.3679859804610197,600,2.538448986844539,-0.3732808751635366,1.0935143826519307,5600.705
102853,-0.01224993742700331,0.6168198684698157,600,2.545721461419637,-0.2142787920873803,0.4751332609567832,8513.416666666666
6034,-0.2780832707603369,1.225766769668155,600,2.517982409134664,-0.31704143679067753,0.8485040730493905,10311.256666666666
120118,0.6769167292396632,0.46762462294020246,600,2.4959474814523848,0.6054782314948504,0.6323283794594867,13710.048333333334
138437,0.32275006257299665,0.9725786107795085,600,2.612008864688463,0.08696588489348418,0.5903172904118981,9321.098333333333
120726,-0.003916604093670006,0.683333163673853,600,2.5338917459791066,-0.15990984298944225,0.5009225424202155,13555.476666666667
51782,0.011916729239663137,0.5234724178857424,600,2.478461000003422,-0.21141241609203984,0.37310204553349174,12410.891666666666
36291,-0.08974993742700343,0.6890732366238542,600,2.6341760681748116,-0.44126834456289893,0.6025038435554942,9391.275
87856,-0.2322499374270035,0.8529038910106214,600,2.536297987844498,-0.47542672350946835,0.679641829831712,14289.685
119046,0.10608339590632987,0.833010093124708,600,2.5288447519948614,0.0019998437160162964,0.5155667123837526,10119.42
133475,0.43358339590633,1.1226298225236975,600,2.3969308491618486,0.07385843509623706,0.9216221115078544,8598.07
69699,-0.31724993742700347,1.0325904531624144,600,2.5138802213036557,-0.37660175032161614,0.7171378538730439,10879.878333333334
115083,-0.08974993742700343,0.9212917668986018,600,2.4491756589581417,-0.22946008078805177,0.6466682430048688,13140.5
21496,-0.31891660409366995,1.2049560866854403,600,2.538505182943864,-0.4559214673040854,0.7484580424657009,12158.041666666666
75079,0.3452500625729966,0.9839898113311751,600,2.452675959720468,0.43965335813972656,0.7642395474613731,11000.585
50341,-0.1997499374270033,1.1532188626322295,600,2.526075110797946,-0.3557417236153747,0.7537238486501492,11621.023333333333
13565,0.32550604476553957,0.6179718999949025,599,2.523255078870165,0.2766888269007748,0.451284858382477,7843.465776293823
637,-0.28050397192895105,0.7325380695796323,599,2.5951269720789445,-0.38447635104742767,0.5028200223657243,10179.79465776294
109339,0.2962906858339873,1.2202884550114856,599,2.2055750340946942,-0.06664444859622956,0.922024973869014,7642.303839732888
46549,0.11765963408106561,0.9216702197598753,599,2.5715701056617806,-0.03891134262525626,0.6171707616417869,10692.864774624373
14141,-0.7521233375383001,0.9036287150037118,599,2.5473989215916637,-1.0702578671049152,1.1752866047750148,11002.560934891486
74814,0.8396963619608653,0.8444072814955323,599,2.5364237019267497,0.5080890447567893,0.7649739728953032,9828.208681135226
113129,0.6518833402580273,0.8482320777630306,599,2.552541930784325,0.5238848610556872,0.7879587313679277,12624.340567612688
131333,-0.05846724404915138,1.0403297423025561,599,2.6136866061025823,-0.17681880285762894,0.8443281850403047,9437.697829716193
34224,-0.19703151783880068,0.9898839814080529,599,2.425370965253164,-0.18015424595719168,0.7640971800465649,9830.492487479132
118155,0.26039753057522264,0.7532654858609434,599,2.5767705807844457,0.12075390032836585,0.475127211385683,10000.347245409015
38642,0.09011372423131592,1.024769859761647,599,2.433388680522191,-0.2193877252370378,0.7293058963179345,11108.115191986644
39151,-0.15863418895733172,0.8265564199615115,599,2.611864030342971,-0.16208557479473568,0.6230453405709643,10898.15692821369
41496,0.04649866903899458,0.8925465098072456,598,2.515739252406011,-0.02775812281482567,0.664791635682556,10557.240802675586
8082,0.4938230837547133,1.0242315636971238,598,2.6212395245345177,0.1958285142864291,0.6921632183171503,10544.132107023412
7294,0.6117160603433422,0.9420679842600143,598,2.380122700568493,0.53176525699599,0.7623204523965956,11194.936454849498
51991,0.05402375265103432,0.9368132170300438,598,2.4255108476908944,-0.2947870453945974,0.7137711046361302,7078.327759197325
15374,-0.3339361135697012,1.1692812399822738,598,2.5584559434598404,-0.46906538942966924,0.8629658959507892,13227.842809364549
96009,-0.10818360520849746,0.6679215918786501,598,2.44253041043492,-0.16269284069810402,0.43854362438684524,11882.3127090301
119869,0.41355552522628525,0.7244627119955278,598,2.4692546242535345,0.4309326399354044,0.625397622179431,11820.3745819398
116984,-0.12825049484060447,1.1307858722619368,598,2.3537527600008357,-0.4579060915488073,0.914218421570694,9067.645484949833
110139,0.34332141151391093,0.6434582811465167,598,2.410055358547971,0.006759906685277881,0.4564985032196204,9301.556856187291
23235,0.37174950515939553,0.7715306886184463,598,2.5200530823441443,0.16348548483206118,0.4571422187401768,11111.391304347826
12566,-0.07641102995766103,0.9246062385762202,598,2.532302156220128,0.02927490097688815,0.5744806104511024,10428.804347826086
52885,0.49215084295203804,0.6890203362934438,598,2.4916831356280262,0.19749558092620942,0.6040078232003436,12368.816053511706
84923,0.472083953319931,0.6660843142559424,598,2.4611311275689403,0.40056812794567676,0.5465635253059997,12565.775919732441
32549,-0.33477223397103906,1.1805041396357239,598,2.502725340354507,-0.39276902036651756,0.9154983555550137,12612.548494983277
40549,-0.013701999857326896,1.1611352391813516,598,2.5602520640030906,-0.34967988338790024,0.9015921986213702,9644.361204013378
94386,-0.2568939910283432,1.2596769424530923,597,2.4614329439530676,-0.2864598190452115,0.9369743198033272,11228.532663316582
36017,-0.14885379002331822,1.1035501326341324,597,2.49763773418199,-0.2319397800330334,0.6428836407784057,11781.557788944723
119842,0.3821344846835495,0.7797431943577978,597,2.4163267027244464,0.2957543948050679,0.6000750757994698,10850.055276381909
69868,0.3729217543652914,0.8423355563978178,597,2.5524879376781744,0.1536996627817635,0.596380650062668,11884.123953098828
58846,0.6225029938962798,0.7256012258386417,597,2.571697782946434,0.3522509704148679,0.5994594375238043,13919.596314907873
81701,0.8293706655880722,0.5634257184761378,597,2.485418587243817,0.6319693272053568,0.703426551996167,12636.534338358459
69577,0.46504905754787096,0.828095010583809,597,2.5415195471765637,0.37273271559573157,0.7053349435175582,11054.27135678392
92110,-0.006475230559331635,1.1873573784233284,597,2.5016898530674117,-0.12572170760385215,0.8369122172731757,9856.314907872696
17328,-0.2870447447971878,0.708581809955044,597,2.535002990065283,-0.35568549205804456,0.4789289384539091,10384.978224455612
75765,-0.07012682184911379,0.9798941071296268,597,2.502060606504838,-0.0958170392508868,0.6560174968937165,11773.63986599665
135343,0.3536587727907521,0.7750633101167321,597,2.591624295970506,0.14888183150331863,0.6188187219715604,12380.658291457286
125417,-0.455386453339901,0.7655819365360296,597,2.6118544577182976,-0.5602039643686199,0.6276862702270977,11185.651591289783
120670,-0.08143897545832335,0.7759443025478547,596,2.525203925167042,-0.13028566615647152,0.5660670308427442,11662.273489932886
61552,-0.30123763317644414,0.9813988214382743,596,2.5929637663231744,-0.36769898866166856,0.6846113186604079,11121.828859060402
133214,-0.0009020627066456122,0.8650056243364342,596,2.447689361501138,0.03631926758520445,0.5685032477489462,9442.362416107382
103362,0.2574871990383212,0.6958893783917346,596,2.528757296646141,0.14929013854360806,0.4490185049201135,11200.573825503356
108176,0.48651404467590487,0.90494719039541,596,2.553426814474482,0.42190540044723807,0.7411095829625661,11993.142617449665
23877,-0.8079490425724174,1.473153816417845,596,2.567302125810569,-0.8265136672458253,1.0860454669535016,12689.639261744966
74403,0.3531247829309385,0.9289277546976592,596,2.5530030578740313,0.21372372798635444,0.5570798216136352,10410.810402684563
108381,-0.012647029149598588,0.9742033906470474,596,2.477380998795258,0.041290825126782546,0.6328841594941622,11128.436241610738
19566,0.07040666212556923,1.2248194111028976,596,2.5770588582207212,0.07450127560129789,0.8163919823423108,6853.5385906040265
130803,0.42611136011214645,0.6028496940795411,596,2.545078410076113,0.44660179294577046,0.6076805341578642,10322.568791946309
104803,0.37913149434033455,0.885133020919908,596,2.552315890890487,0.3043347486187154,0.7425860324462243,12489.085570469799
74758,-0.08731145867979961,0.994691155958432,596,2.5710762266930467,-0.02931093377219494,0.779023841147345,12066.921140939598
86099,-0.24083494861268573,0.9157474673438964,596,2.6169904513381157,-0.31988303182615496,0.5029883400489121,8515.69966442953
73140,0.2373529708504014,0.594014948425749,596,2.5812147190856374,-0.027163323267203186,0.39480543663185025,12884.488255033557
104235,0.465540890313489,0.8236175295477183,596,2.532987743491338,0.3850564325604742,0.7470343437748833,12367.169463087248
44652,0.5846684070920123,0.9361669455803167,596,2.358406022954884,0.4405915225276146,0.7623190139898238,10501.275167785236
74260,-1.1846268949214105,1.0772548990009116,596,2.5098000993155365,-1.480722566829523,1.5406610345631517,7949.6996644295305
110609,-0.01432488149859168,0.8182037933232118,596,2.487280797019853,0.008507143804327842,0.6043750052412781,10816.837248322148
70386,0.4462455883000658,0.6454719223903749,596,2.5857697637319306,0.18061017676944013,0.4851166956356134,7225.723154362416
123163,0.9730912258839584,0.8969501806915496,596,2.278645485121746,0.6411824000654149,0.881314512335272,5973.464765100671
59445,0.22057444736046872,0.5440108225790985,596,2.5989567058515637,0.05024455075654112,0.3748030694318941,7267.162751677853
78806,0.22653857797915888,0.6525974905767057,595,2.596826953056116,0.11258692043845063,0.49377931842853806,12329.465546218487
71995,0.00973185529008358,0.8499347961363128,595,2.5633041344550938,-0.08965328527230267,0.4962715119059294,11966.233613445378
54042,-0.08018411109647117,1.0566327894623417,595,2.433947829589581,-0.18825057570385012,0.5528256596034395,12902.667226890757
44122,-0.3129572203401687,0.7745574010918924,595,2.444379442379322,-0.46879352957499654,0.5388491477254987,9144.89075630252
33182,0.12569824184470546,0.8488246891180143,595,2.379792325942089,-0.21798599979938493,0.5973480891487528,10770.5243697479
88518,0.024610331933265783,0.8040377553530702,594,2.4701377103342805,-0.22150375130859623,0.6050410965451202,5462.973063973064
55957,-1.035153977831044,0.9323946061452774,594,2.51570119143651,-0.9562515128933653,0.9911610988794299,11330.015151515152
9403,0.06922312654606078,1.1382034379515547,594,2.492319545581784,-0.15182771196954872,0.7838651985943144,11523.622895622895
50139,0.5523881097110439,0.9242046560304952,594,2.2291302445230694,0.15643149670786405,0.7185172879005355,9365.131313131313
26833,0.2948123521352861,0.8802964198076527,594,2.5203675073346123,0.3747982284728459,0.6852005452179701,11158.40404040404
49285,0.23252278984572383,1.063195556928966,594,2.3577901601567235,-0.12322802525570231,0.7728603876982386,7570.671717171717
55196,0.37393693125986527,1.0394881148462138,594,2.494245475439006,0.04740216247429452,0.688456364026958,11512.311447811448
49428,-0.18727382725274833,1.155182514147332,593,2.5634464135709947,-0.3057997428904859,0.778679831744998,9946.0
113909,-0.26737500769119693,0.8774718969565335,593,2.5722469690102496,-0.319907658631241,0.5443060420908679,11031.706576728498
5137,-0.6189770312999658,1.339417245652328,593,2.5152424379141913,-0.7229230766099217,1.0784645874349281,12360.930860033726
59726,-0.0667004714348729,1.100127193279407,593,2.4261814112317417,-0.019128804190700288,0.754339003755679,10869.279932546375
54169,0.29923544762077636,1.0890559983323904,593,2.3774788210193942,0.16844566881665318,0.7346888332938367,9529.293423271502
44678,0.49906681355669535,0.8699495982240355,593,2.435046870307453,0.2631100311657334,0.6140063494032562,11483.892074198988
112567,0.3565710294082973,1.1419743114119905,593,2.623723280334025,-0.11906789338699347,0.8854206324925464,9506.617200674536
119444,-0.01779659285139923,1.023711493405738,593,2.523836769527246,-0.2857580734836371,0.7514596422188347,12576.252951096121
75623,-0.013894081571147687,0.8560136734628415,592,2.4239433381241,-0.11099000529569812,0.6031148461514628,12140.065878378378
86729,-0.7782521896792556,1.0605843799138623,592,2.57300162732556,-1.0038752050219408,1.0811205103774721,12509.755067567568
119486,0.18627483734777117,1.2518196272449982,592,2.538006366759156,-0.10611095902080743,0.8943697666324529,12669.994932432432
39454,-0.16169813562520163,1.0823621033759214,592,2.436603430820373,-0.251677647720995,0.6881989085235466,10675.638513513513
107214,-0.11017786535493146,1.0266254106759292,592,2.442241861009097,-0.4295405844980104,0.8313325201837851,9685.065878378378
46211,0.4117815941045282,0.824681848298078,592,2.528477502824864,0.17051776451434084,0.597827472812672,11806.266891891892
87620,0.2986059184288523,1.061954198070716,592,2.27317467036856,0.29027423515730516,0.7753161387632186,9472.41722972973
130322,-0.21237381130087707,0.8157957323158057,592,2.569134503727284,-0.3960261372651859,0.630293005952267,14064.41554054054
5475,0.601815377888312,0.9767524438568017,592,2.6156904474354987,0.2753504482688978,0.7358936527880123,13280.278716216217
91435,-0.20392786535493146,0.7597361035540499,592,2.337721293688366,-0.3676603943751345,0.6099958371757328,11660.361486486487
34511,0.24708564815858214,0.48305461905289565,592,2.5944514658484956,0.002956814865725068,0.3161960708063167,9684.722972972973
52762,-0.13804948697655295,0.7688645014111128,592,2.5516259297124697,-0.3298268262660786,0.6252991527456512,8174.305743243243
35997,0.16262618869912293,0.9399921715725317,592,2.5250013508806184,0.006969056699274097,0.5848704689230936,13258.881756756757
51037,0.9345856481585826,0.5959607169569583,592,2.5912574702445323,0.9485185616727744,0.9729813882427542,10226.18918918919
115502,-0.6532521896792556,0.9652638602889252,592,2.4969524586329777,-0.6207712658624314,0.7853153419261434,10594.984797297297
37999,0.1203964589693931,1.003107381697578,592,2.437703883519345,-0.18248631621138806,0.656854187539855,11493.641891891892
78279,0.11786267518560933,0.8977036602963284,592,2.502734640266833,0.18495032699486308,0.6224182503104814,10584.195945945947
60749,0.07056537788831196,0.6688866408236019,592,2.467563166328769,0.007712704683669613,0.4691807538618276,10303.005067567568
137993,0.07309916167209574,0.996159437474004,592,2.573418329923203,0.01648097299943347,0.5480797075571899,11704.015202702703
130938,0.721747810320744,0.8126328948800494,592,2.479363018967158,0.6921451469382188,0.8265933088899492,11861.454391891892
367,-0.3230071286283569,0.9517911496214043,591,2.524134557416548,-0.33904387381815515,0.606042376380722,11951.642978003385
129008,0.009480181016312983,1.0365409321478314,591,2.4027419060170914,-0.0330119355652878,0.7071668531209881,11914.75972927242
131836,-0.8720765025708275,1.4165224641633953,591,2.518086028556873,-1.0990229067017623,1.3172758049801863,11826.157360406092
53972,0.13638373431580542,0.6861262016476675,591,2.5750412230963664,-0.07943179594042513,0.39636333067677226,14743.7461928934
58572,0.4714091150264652,0.9491207775439618,591,2.3729363839322803,0.425140563782037,0.7846421261964445,10401.118443316413
99040,0.7023735820315413,1.2442762355095465,591,2.5479293448801643,0.586537862630901,1.086280701726346,10471.852791878173
56521,-0.6165773485945163,0.5076729224129539,591,2.543214953666846,-0.5041862939969242,0.6147789690368367,10689.016920473774
105370,-0.33147310126881147,0.927319026994,590,2.604537334261518,-0.5806479047026486,0.754495254637956,13768.777966101696
136897,-0.12045615211626881,0.9452909631620446,590,2.4656249518422175,-0.36695414266003235,0.6628563955929972,13824.65593220339
132846,-0.3916425927942351,1.1678826817256016,590,2.581014514742505,-0.638646872957082,1.0163614207676603,11703.67966101695
133089,0.4710692716125444,0.7909178612717981,590,2.560152444746319,0.317884117219955,0.5718232792787307,15256.84406779661
20144,-0.12554089787898093,1.3221029362054428,590,2.4785497419152596,-0.2593251625285213,0.8774053841262959,12155.359322033899
76842,0.4600523224600024,0.6482534313789933,590,2.5804904177053425,0.18954375745218904,0.4106912448326671,13334.22033898305
100464,0.19734045805322253,0.6696407623043509,590,2.574269867697736,-0.10570694784723983,0.4818897497824317,10153.971186440678
75188,0.3213225017354189,0.8929545585146331,589,2.54578706568965,0.28515162717405945,0.7206831071463518,11249.531409168081
34826,-0.2898829312017628,1.276348488147795,589,2.5738864799417303,-0.389844058030991,0.9634297380665854,8317.780984719864
101703,0.3629184270325325,0.641880619421516,589,2.5611784924142493,0.40303285501753855,0.6236551883638073,10298.285229202038
20304,-0.23300687008121956,0.7875257490250712,589,2.397280255020477,-0.14170450754733174,0.5878730534016819,9696.451612903225
122044,-0.03266731150736568,1.0837369392774217,589,2.5955273421528036,-0.28722395548929824,0.8107260546031747,11931.41935483871
18971,0.6074006002074053,0.9489955189897056,589,2.391211987950324,0.3435233359148272,0.7272773293615643,11567.315789473685
17616,0.2610508548763355,0.9059238701515322,589,2.45685033384554,-0.05648250833757044,0.625880031486241,10419.942275042446
61740,0.35273166981691295,0.7943178402510075,589,2.4866346890426416,0.16479837485259782,0.600778273063902,12202.066213921902
388,-1.0717165475005745,0.975715876025142,589,2.5878495712358385,-0.9773726370749074,1.05814800480491,11058.307300509337
10178,0.3136824338237041,0.9710193147606029,589,2.518281145358024,-0.005052777950302589,0.6660053084820572,10485.796264855688
61107,1.1090983930766751,0.6160767378128293,589,2.465545452854596,0.722806611846631,0.815042050127568,11878.648556876062
51161,0.6676722470664882,0.9478218753931319,589,2.5044036557423497,0.5751329938660642,0.8395880285012608,11921.937181663838
82633,0.16766502855939125,1.1440084424673729,588,2.4661278727175047,0.16565212026960996,0.7812620554910857,12580.595238095239
23705,0.05712081087231624,0.8244571550592892,588,2.5476105448676587,-0.14625884230908323,0.6170328373182266,12612.399659863946
77816,0.28756298774306455,0.9422290928485321,588,2.5358833013424786,0.15182192230180086,0.6462225609665728,14186.156462585033
106302,-0.021960821780744766,0.780837316688967,588,2.550012649664542,-0.3073959413537436,0.5610222382710957,11545.5
39451,0.15831128706279252,0.6485354440993384,588,2.4823000645710582,0.012790470615044566,0.42306776807812274,13249.277210884355
72237,-0.5330152435494524,1.4024532516746249,588,2.557197031869161,-0.5129463336911549,1.1033464413005372,10529.534013605442
69080,-0.23794721633856808,1.1528963520167093,588,2.466226330335268,-0.28354012606368667,0.8755740940079604,11280.47619047619
80459,0.14130448434170395,1.0408594433957086,588,2.464355541489922,-0.18946651415588772,0.578086238394506,11512.329931972788
46577,0.4491276135934048,0.8596725198075913,588,2.5480150920163216,0.1337174652524906,0.6272345299723173,14093.292517006803
120932,0.11409359998796242,0.9457463396816275,588,2.4867674096710317,0.04183502890911988,0.7821841662948582,12193.042517006803
33384,0.023957545566193783,0.9358718580112296,588,2.4849360347865295,-0.3146831354867603,0.5934144540860565,10266.275510204081
117465,-0.12570231837938417,1.1519309517763723,588,2.481083917183898,-0.11010560422195258,0.7371190281703162,11470.770408163266
7653,0.42871945032809844,0.8460981585453171,588,2.5253283934353075,0.13779029348075475,0.5855822402413952,11869.887755102041
17173,-0.19032816871952019,1.2803999034151705,588,2.561384736371796,-0.2876211002375154,0.8077014675379061,13678.130952380952
77892,0.34453577685871073,1.0665497611262904,588,2.617965089538624,0.19921212736830676,0.8190758569700668,9618.690476190477
106838,0.44062421223286075,0.8895993946390731,588,2.4093055596458828,0.097034055399981,0.5611435643031766,9105.81462585034
10271,0.05286911019204421,1.0645012802162606,588,2.517168501837308,-0.21336400662490548,0.6786224933819607,14051.57142857143
102565,-0.007810698358292623,0.8775632921452707,587,2.603144705300663,-0.06742900158645387,0.5474015556139932,10804.470187393526
25409,0.17362030675244,0.7913766210549608,587,2.553263071137837,-0.036152068235662874,0.5109802353492383,13952.170357751278
84815,0.2698724362243312,1.0111305020781114,587,2.572671683801385,-0.044725744531091426,0.6102539629565117,11555.229982964225
47860,-0.33489758081144405,0.9744804713332587,587,2.5889789614942407,-0.36897593388776007,0.8428100448978024,9801.093696763202
23571,-0.6287647017654474,1.2157805730285292,587,2.454717696027723,-0.7202382122787446,0.9931008657684387,12189.654173764906
117121,0.46748742770644336,0.783216092011015,587,2.606802760733328,0.11518936372817035,0.5454389187553462,10506.841567291312
112120,0.4751535265139393,0.8908176346289028,587,2.573601659606287,0.2872214019111335,0.7023641929536205,10317.68143100511
131630,-0.1798720271487526,0.884166391500895,587,2.506000033322029,-0.35088835222306247,0.6808286457068221,12288.933560477002
86754,0.1446129749734517,0.9446775237163958,586,2.5736423149168335,0.1739685828770727,0.6079027926612323,10285.819112627987
42153,0.5063877190007555,0.7903733684469195,586,2.580978806546018,0.5606075894044055,0.8204646632657265,8968.960750853243
8608,-0.15999453355897142,0.9200457619477745,586,2.550842155412512,-0.2792506523401968,0.5316176150970217,11689.587030716724
115376,-0.8690389021596543,1.1513775211973962,586,2.460054548708703,-0.713111360620197,0.9122255254030726,10879.037542662116
40052,0.292223896475158,0.865549916309716,586,2.403868376092935,0.05508584653813505,0.5822986245779695,9622.037542662116
51608,0.16765051763556782,0.8570864325970065,586,2.468471096595123,0.0068748073545178345,0.6428664258148394,9499.269624573379
106310,0.41338430603147236,0.5789503290976894,586,2.4408960441748926,0.11353961083583632,0.3869689188957429,11247.940273037542
16581,-0.014090096698903487,0.9707035566150568,586,2.4870059875432835,-0.23795860160057586,0.5320220148988484,10567.965870307167
21132,0.2359099033010965,1.2604098207300056,586,2.40687594868731,0.12413811984992634,0.6457983069848426,9471.341296928327
2158,0.4901761149051924,0.7924802832062972,586,2.5358627108772263,0.31925267224385073,0.5980333856468247,14750.651877133107
66305,0.5251590500587757,1.2361221688789188,586,2.493554387364237,0.4027029383219916,0.9278669072889982,11985.0614334471
90569,-0.019209550623818128,1.0931752986592704,586,2.3204558455291364,-0.46457081212780627,0.7823220635375066,7029.303754266211
81569,0.5371044425502434,1.1593911085053479,586,2.4370258265953724,0.46764463953010454,0.8549096408553084,8994.529010238908
109358,-0.2956600625692105,1.170786833856724,586,2.4677587273701613,-0.4941139279704673,0.8974225032718693,10065.53071672355
126941,0.562701712174817,0.9957261138784969,586,2.5441994395661163,0.5694887882137883,0.8869322617059694,11869.651877133107
48025,-0.28712763936101915,1.0911587699670133,586,2.534179029841744,-0.3564195278953277,0.6534589361717182,13106.085324232083
26884,0.06270171217481701,1.017379102129248,586,2.200113950710333,-0.22288286623951742,0.7116821752978109,8628.11604095563
84802,0.49529556883010706,0.6303841047195713,586,2.5169601613456325,0.2890206210374061,0.4787609853482149,9974.90614334471
69040,-0.026035489190370686,1.0390146076826712,586,2.4480134907484494,-0.31129122128784115,0.7730814222632729,10614.20819112628
1854,0.1257628830858173,0.9528740287398944,585,2.5843088627990736,0.07729601275475395,0.6781024725050532,10760.11623931624
9485,-0.06825421093127693,1.1516114252815546,585,2.512324121922568,-0.45304924368568406,0.9197011077109394,10145.05299145299
31121,0.3351645924875264,0.7682258393017904,585,2.253441129456965,0.2599746384219907,0.57663230582161,8747.955555555556
5832,0.19755775488068883,1.0635745047156488,585,2.576741057220561,-0.18588285738778804,0.7943101201085653,10192.073504273505
78180,0.9420021993251333,0.9609912973093321,585,2.4376684579494747,0.5935734230097364,0.9556303229994398,9722.641025641025
124535,-0.005006347683413459,1.1301733876693412,585,2.363144913773367,-0.18391344246980293,0.8012966340316848,10379.904273504273
50166,0.5625150198379538,0.7669302474470072,585,2.5730163632600425,0.31726050614924783,0.6131107933655582,12959.497435897436
30664,0.5257628830858172,0.7329732168127324,585,2.559110168044628,0.15295248057104077,0.4890463279604308,14677.415384615384
63902,-0.04090378358084967,0.8005283423937992,585,2.5229710207776894,-0.3166833645292885,0.5862058526787239,12466.748717948718
125065,0.4223440796670137,0.7614001085356309,585,2.5586528728878126,0.03975866486146688,0.4929679470201644,14064.502564102564
73888,0.1035406608635947,0.8488156104373831,585,2.4835986911042407,-0.05007593386108893,0.5695477908448109,12136.659829059829
113632,-0.596459339136405,1.0860770152194268,585,2.6064876492302984,-0.941896434537622,1.0767563626753984,15782.88547008547
8083,0.6197799771029113,1.115473231060269,585,2.6020550082603906,0.3617639059453582,0.9843345522679999,9024.355555555556
81729,0.018070575393509536,0.9911024079983599,585,2.6132103132981666,-0.10354459139539143,0.6032624194793119,7900.48547008547
131277,-0.012158613226090242,0.772003586813595,584,2.5596598907096983,-0.11915574566536123,0.48868613990545445,12914.989726027397
1864,0.23869755115747138,0.8521947730978978,584,2.536029051436565,0.12916293547885724,0.5537990717906435,11701.782534246575
104323,0.13510166074651275,0.7873991274962232,584,2.550442762676255,-0.014817927642722514,0.514312101715128,12364.852739726028
10829,0.15479344156843045,1.2807646509490187,584,2.585467831395913,0.06261303550392366,0.8879867028716846,13040.938356164384
117980,-0.06952162692472008,1.0783676691243715,584,2.4924005180352102,-0.13827909914061517,0.7334572287238805,10256.589041095891
93770,0.32688248266432085,0.7422851917273784,584,2.500464794164948,0.09247637221510183,0.5341224532179167,9789.518835616438
29893,-0.5164394351438983,1.0920583598258558,584,2.5816972202335924,-0.601242455632033,0.9359849429358423,10553.767123287671
6824,0.5948619347191153,0.9367039529374649,584,2.4055692168932445,0.30551688786324455,0.7219275758077168,10757.285958904109
125795,-0.47705587350006295,1.2251225188576373,584,2.5213067592548595,-0.80167829956307,1.0604130395020666,8516.880136986301
134977,-0.7835627228151312,1.1073142648876666,584,2.5855472995434763,-1.065818326287924,1.1911915090018192,9486.106164383562
27691,0.13510166074651275,0.7736643733908115,584,2.5756958974444277,-0.23864091839069926,0.5615971713610336,9651.506849315068
72665,-0.6448640926781448,1.2564724695755896,584,2.476007716231124,-0.5149787968642197,1.1199235237359564,5320.2414383561645
17556,-0.5078777913082821,1.193264096077978,584,2.501842492665943,-0.45731179706123504,0.9808843213071912,10575.792808219177
132586,0.662498921020485,0.9262682669312563,584,2.517167867137837,0.32974858093018694,0.7319356841390945,10323.602739726028
47633,-0.29469285980143267,0.9696057508879019,584,2.4861571224108165,-0.4615133331307705,0.7256429954099999,11421.145547945205
81958,0.5083893319793895,0.5873642809722053,584,2.399461117703136,0.4564315667643019,0.6248219855530196,10715.393835616438
76743,-0.6191791611712958,1.202137674758591,584,2.415033492326218,-0.6989182993753507,0.9925471002124084,10601.469178082192
46636,0.5734578251300744,0.6102169186814713,584,2.4914487438211226,0.39488886061898903,0.5603959142407811,10978.383561643835
40798,-0.1037682022671862,1.091927910923701,584,2.568007291334601,-0.21920835956534757,0.6714637166497038,13015.433219178081
13090,-0.5802273530930981,1.215545653991067,583,2.489902478409592,-0.4888390453867717,0.8590152677046454,10242.946826758147
84030,-0.07765445429378426,0.8074368601658211,583,2.557209934023294,-0.05837535978690423,0.5697535044179516,11838.557461406517
85562,-0.015904883110251067,1.0027312644680655,583,2.533327201279932,-0.05020760165181029,0.6986152580381216,10342.771869639793
130264,0.6067366263237113,0.8530551080295952,583,2.54097188213386,0.6059337003938909,0.7670314988523541,12083.993138936536
17022,0.48752564862216774,0.7051942273867193,583,2.5205873926826325,0.09557053742029993,0.42484603490469625,10970.130360205832
11229,0.43177950797036635,1.0954300486326132,583,2.470990165704785,0.5309706388721657,1.038820011063742,9883.454545454546
35424,-0.45501294485982235,1.0666026646257092,583,2.503586684447322,-0.6201772736723057,0.8377580744284149,10675.885077186964
74962,0.2928429728074162,0.7991884842652928,583,2.528708831983542,0.2555184341000369,0.518810906448475,9914.291595197255
67053,0.04755995393949197,0.7469688274578176,583,2.5004330615636925,0.08308629647352056,0.587787538235624,9071.746140651801
91740,-0.49875222444815837,1.116317921980479,583,2.5448739385259107,-0.6196774800643235,0.9300322750405084,11270.087478559177
92789,0.1993609830990115,0.6986251741202285,583,2.405187204559473,-0.059705278152264236,0.4505448171551707,10370.207547169812
1113,-0.11710556921659743,1.0478662189917116,583,2.3437824033233707,-0.04788371063486747,0.7675379880818453,3307.214408233276
110588,0.28340901054326517,0.7862139055961117,583,2.4866791386613656,-0.16769356940567304,0.6133939156751033,10250.57975986278
52687,-0.5265368790077596,0.9404183053652939,582,2.494272627426198,-0.5573968137874576,0.7546815840715249,11305.963917525773
78235,-0.06605577935140206,0.9968028128872459,582,2.539025258062532,-0.387179964309379,0.8005232698935085,10681.415807560137
65503,0.6272431897207631,0.8867338277024995,582,2.490159102014793,0.6132115527827583,0.8131582814970726,11782.314432989691
25827,0.07226037185134704,0.9311218145407886,582,2.5328239122597207,-0.029966433484299174,0.6599731816880776,11952.94673539519
76536,-0.11416574498714072,0.7422778219501781,582,2.4650715557950162,-0.21820381447690904,0.4564795617775661,13380.154639175258
26214,0.41074834435993823,0.901616835602269,582,2.5409113013395537,0.4140191049660958,0.7797752712706528,10790.474226804125
124588,0.0980335677276356,1.093182617028742,582,2.4422824924796402,0.006324274708223773,0.7470401847799508,11152.701030927836
82721,0.04906449556268733,0.8602586022871933,582,2.5857656007056127,-0.18472229857118155,0.48169093917292244,13238.235395189004
7899,0.2758686192740276,0.5710468549867214,582,2.5299785871027325,-0.029337636984076806,0.3960549004318923,14173.14089347079
47197,-0.10949463048494934,0.8722140304845954,581,2.6213503419635376,-0.2383406194956351,0.6047233242855501,10306.177280550775
34758,-0.14563920879820236,0.8357950266703665,581,2.5173030311867137,-0.23192990924410636,0.5019307525217324,10872.192771084337
68961,-0.044950740639854825,0.8576981009687988,581,2.548053645481091,-0.1703264899299859,0.6897371282914113,7915.808950086059
102714,0.7381817894806271,0.7803610958823884,581,2.5329178863579553,0.4680926588191998,0.6507883618063517,10516.478485370051
82340,-0.06044127420267742,0.9415061938149257,581,2.479909644770398,-0.08822669096383594,0.665599265730484,10259.14113597246
13170,-1.3263621003644674,1.4365897590868144,581,2.542350452524774,-1.3738193675340642,1.7470041361970028,9483.753872633391
96947,0.3147738720968061,0.7719688857662161,581,2.3842185505073523,0.119944782956985,0.5706215190092203,11593.344234079173
107909,-0.6671538387465672,1.4804490803449912,581,2.5177283459737905,-0.776857203943648,1.006631179736288,11748.096385542169
98231,0.3466155244203861,0.997858113306521,581,2.494140912190832,0.3106439778567498,0.8078406551376822,10857.006884681583
89536,0.3251008944720213,0.8698658331885598,581,2.3921805624435026,0.22141687752757439,0.7266240663905371,10958.127366609295
66898,-0.3539008266983745,0.7595515199671189,581,2.5739088491165893,-0.2203578599344215,0.47295607534516226,10217.65404475043
36002,0.12974805454086802,1.2018067343263663,581,2.4661134799937594,-0.17686483642332676,0.7317258281032906,9807.17900172117
40240,0.45677042975601445,0.7635067831197725,581,2.52833682717917,0.45417409580459833,0.6979110633182473,10421.700516351118
28789,0.08327645385239979,0.752220879402838,581,2.65789576731469,-0.3174314751770957,0.5419852417858254,12541.872633390705
69664,0.4460546602741462,0.8485607737895764,580,2.5244454304368036,0.24496948173801059,0.5593879666059498,11793.746551724138
81207,0.3624339706189734,0.8669700327570534,580,2.4394107419949114,-0.04524500116741767,0.5847273952991747,10295.579310344827
50574,0.46760638441207725,0.9848061837650689,580,2.5964949016418397,0.2329701915134846,0.6046365229761902,14072.577586206897
48909,0.4374339706189736,0.7115022721640616,580,2.6085617145955604,0.18382347947642852,0.4159989864254659,9244.020689655172
21082,0.3167443154465599,0.603436449682904,580,2.4318349988179278,0.08442294423186161,0.40503772488382705,11789.496551724138
132321,0.12019259130862858,0.8536706032763574,580,2.41149192498939,-0.23471391266261207,0.6114200668764617,11700.05
105457,0.35295121199828383,0.746310880078977,580,2.231932342611673,-0.0019034993026542323,0.5140658880902587,6585.951724137931
90638,0.010709832687939347,1.0609061489816969,580,2.6395570571874156,-0.019578768793611256,0.66131046413862,9671.941379310345
37352,0.1279512119982842,0.9303265897391759,580,2.4106682176970216,-0.05091753305455555,0.577932999522493,12059.474137931034
124246,0.7322615568258706,0.774583214057709,580,2.5318502764780155,0.7775338321687503,0.9468215487711918,10224.127586206896
108996,-1.1461867190361987,1.2048834956063743,580,2.378176269095119,-1.1050948550704711,1.344158186953861,11536.256896551724
106989,0.19433052234311177,0.6613021914453767,580,2.5517618689236663,0.27555314202093956,0.5736855136665103,6919.706896551724
70068,0.46415810855000794,0.5799098944464138,580,2.52009857363491,0.31354560525473685,0.4742265430113405,12323.251724137932
42424,0.015020177515525202,1.110261770151964,580,2.5129164128705814,-0.20024254597760863,0.7204545983555326,13050.843103448276
82104,0.11070983268793899,0.7090302740264584,580,2.545393941369375,-0.10811943664348914,0.5254791785215958,11977.263793103448
80746,-0.6901522362775783,1.2795491955245393,580,2.5569240775219266,-0.8312515167673536,1.0828214745868587,13892.651724137932
30503,0.38657190165345634,0.5862933992236311,580,2.450936408788568,0.2954254606295277,0.42339584142183795,9907.746551724138
4531,0.17278028709803994,1.004100217138317,579,2.4774841367458635,-0.1305742273689394,0.6942254622097276,10872.20207253886
87834,0.32303935445555254,0.5801305936582608,579,2.3966007892514973,0.47152862086284836,0.6604228174114553,7012.559585492228
67340,0.272952998669715,0.9832853783924853,579,2.4788214009531138,0.30038065084976084,0.8251784826136276,11469.098445595855
130446,-0.27540624139936964,0.9613133952839759,579,2.582525203787238,-0.3312960952763079,0.6383706145323805,9663.614853195164
37192,0.4042137931429446,0.7003534017757809,579,2.448376604554587,0.26795997848731795,0.5161681040241204,9643.10708117444
135806,-0.19682247628710714,0.8764747133934058,579,2.575637747050161,-0.22894421552656258,0.5643998983866664,9717.580310880829
110512,-0.008566863161027616,0.7983432938709591,579,2.4944186205689265,-0.17534219554384164,0.46763778602288797,8749.139896373057
67518,0.5285661247491622,0.8178394820417458,579,2.5067817003604596,0.5148969050273596,0.75770701127318,12291.471502590673
77563,0.2867699244037394,1.1231384155821498,579,2.38509504099645,-0.01133229012412301,0.7702910632243638,10477.699481865286
68869,-0.5301558096204402,1.2775392063630584,579,2.429314770716129,-0.32772937018365467,0.9896119083819281,9682.922279792747
46599,-0.2728155678242401,1.0105254324679012,579,2.6284531917039042,-0.762830918816692,0.8853272630637039,11074.644214162348
47875,0.4387561074780053,0.6629379352472781,579,2.4296905962190065,0.08878528308468274,0.44038359090830403,9959.215889464595
113365,0.8587679403123274,0.4402222323690776,578,2.569010626741993,0.5935248553283522,0.6393270219017176,9842.515570934256
82627,0.767937490485338,0.7804154425687428,578,2.332514772312588,0.339209129978101,0.6941611873929575,8313.762975778547
25901,0.01274717906665268,1.2079003377634052,578,2.5408340684846875,-0.10976831214248142,0.8615006394981071,11281.401384083045
56451,0.2982143070943346,0.9876010154477164,578,2.603540282643046,0.17843507399500289,0.6896449764799507,11249.86678200692
104084,0.22987520674831385,1.0517859623411605,578,2.5775790791916227,0.18414791746173892,0.661870413913785,10180.666089965398
87999,0.10876794031232784,0.6718466612472176,578,2.561979069185981,-0.051664508226728544,0.40022343625901996,12534.387543252595
103306,0.28869873616007835,1.0217455537755424,578,2.5246332232908677,0.24067310127110686,0.8011021348820955,12221.958477508651
5195,0.27330321104208943,1.1026474539326532,577,2.569163954292242,0.1747899286469805,0.7557192055750833,12109.866551126517
1748,0.12945572404035666,0.6874491210625573,577,2.576388408249046,-0.0654504811782021,0.4546481444522447,14249.341421143847
94106,-0.28042295880193135,1.300333385016891,577,2.5372183896546607,-0.494763264648709,0.9731699744778369,12842.107452339687
103869,0.11212470151002707,1.2445626009902255,577,2.4482743594774834,-0.007649537024321192,0.8210386339749034,10398.36568457539
56718,0.5133378730871501,1.032240714906409,577,2.530798630955339,0.3107859293742515,0.8002968407903404,12146.568457538995
22942,-0.6955009484033177,1.4142795159376558,577,2.5512031077816153,-0.688063781979986,1.3933665496407388,10095.40034662045
84249,0.122523315028225,0.9463400695565105,577,2.358049746760106,-0.11732195500425135,0.542307979152451,10521.772963604853
75694,-1.0343224388712553,0.9469042569689792,577,2.400387667176745,-1.284753241447068,1.3337441386686202,10759.925476603119
21850,0.6458750625729968,1.0653510342074841,576,2.503436769482321,0.38418327540011643,0.8986557446155258,10766.229166666666
7390,0.1042083959063298,1.0716581017080586,576,2.4414933969322905,-0.01863458770177579,0.7248613614587954,11160.097222222223
107164,0.5243472847952186,0.5933788249943628,576,2.5524720817336437,0.24216434993466496,0.47580969379081406,13718.107638888889
116113,0.07816672923966328,0.8069669461470601,576,2.4242373948381095,-0.2553730776922733,0.5578149155650526,11772.793402777777
84396,-0.5338124374270032,1.053665315850383,576,2.5755664744099698,-0.6805848188379477,0.9091106154865484,8497.807291666666
13092,0.1354583959063298,1.0259539569294174,576,2.581768103778664,-0.10041916786562931,0.7992357053851786,6328.236111111111
75972,0.36896534035077444,0.9680863980836575,576,2.4085341790634756,0.2566279077438118,0.8120388593296761,10427.727430555555
83214,0.45750700701744096,0.6321397744521734,576,2.5201429325140894,0.2958513692517842,0.42897035023860564,12190.892361111111
129226,-0.28728465964922556,0.8615367792385168,576,2.444078613576077,-0.3347537510991106,0.5436154475992242,11470.600694444445
113540,0.38459034035077444,0.8614421504096579,576,2.5799816605837456,0.09628934818909346,0.5907486145379325,11871.381944444445
78259,0.34465978479521864,0.8151415624958721,576,2.4428799452580043,-0.10363661068653318,0.5589722040421786,10334.571180555555
35415,0.3116736736841079,0.718693943413688,576,2.549156883208583,0.02769917751113672,0.5616322183615204,9274.385416666666
85584,0.822090340350774,0.8584718299689521,576,2.5839366078433184,0.5739558203941978,0.8341352568436472,12486.769097222223
71671,0.27087506257299676,0.963110337261069,576,2.6094065325612066,0.07393798859760327,0.6308189284959105,12289.491319444445
65469,-0.3923193818714479,1.2230562316973492,576,2.549541993588499,-0.44408517957004917,1.0396727625108997,10239.84375
62700,0.704902840350774,0.6812689743845209,576,2.52011595012626,0.49040942886168776,0.6115167023259727,13859.081597222223
46121,0.19188200701744096,1.159475443094892,576,2.4801493773293113,-0.14173244960288398,0.818753103364513,12393.805555555555
84903,0.12417367368410792,0.815008205850631,576,2.654901280900316,-0.274025803098531,0.5802524238068203,10332.973958333334
91080,0.5764306181285521,0.5996350540684167,576,2.6223754958280794,0.43668879957638024,0.5856335045355839,12927.243055555555
88828,0.5365000625729968,0.9649847937526853,576,2.535029849916019,0.410179089464315,0.7967437179042743,9463.810763888889
47195,-0.4496110485381144,1.02617318273583,576,2.4389036763091654,-0.4839252444618929,0.7877084839955077,12439.116319444445
106355,0.5564653403507744,0.8146191242739458,576,2.486300454650295,0.15290658392606798,0.6382991265745326,8477.383680555555
3207,0.4097639514618856,0.7406400646157415,576,2.3602338860857666,0.26482501912674494,0.6452158435727667,8956.305555555555
77584,-0.4070763263158921,1.066204822456714,576,2.5581148776268487,-0.629641779733865,0.8935810649933852,13811.229166666666
120691,-0.06419438187144788,0.6212034447801807,576,2.6075465237424655,-0.3538748703091265,0.4982775453832758,11652.796875
103702,-0.3376318818714479,1.4818892070531704,576,2.61326873045144,-0.2767125851970233,1.0583954568951537,11323.715277777777
38264,-0.34197215964922556,0.8260844139294711,576,2.571497249192632,-0.459472407530667,0.5838999800470233,12348.633680555555
18901,-0.26037493742700324,1.4132044222724596,576,2.611495057954464,-0.404067163525618,1.0911390220500508,12589.59375
100805,-0.9426666040936702,0.9925264206318006,576,2.5609151949433224,-0.846121634273748,0.962233418268943,9959.345486111111
93316,0.8212222847952186,0.6797182564949688,576,2.516327126057536,0.6187555509324112,0.6874907251699086,14113.380208333334
63446,0.0972639514618856,0.9443561695034488,576,2.4422395492552593,-0.09361629217914087,0.714868705544604,9380.644097222223
130517,0.30993756257299676,0.8775235349253182,576,2.544101909934613,0.04412823475303912,0.6439904214348998,10140.017361111111
1931,0.3038611736841079,0.7711901837529496,576,2.4190294490805506,0.3919873080880607,0.7618970257962511,6883.697916666667
77094,0.17974281619618493,1.1568721968333797,575,2.5330209027398967,0.05435910133209382,0.815594790291167,10293.285217391305
106256,-0.4133006620646844,0.9247132975273176,575,2.5443457123629645,-0.2483022012544179,0.7223155272171048,10266.40695652174
1011,-0.22895283597772798,1.0926979406850441,575,2.390310386356408,-0.22112421835038432,0.6933086348986308,10994.749565217391
86360,-0.24808327076033665,1.0982405948521412,575,2.5949968247938924,-0.38324114294904904,0.7720884600544086,10684.85043478261
122803,-0.14547457510816297,1.287724194449087,575,2.542644742307711,-0.36289822892860113,0.9262624650622948,12743.533913043479
34334,0.4171341205440111,0.8497020873975057,575,2.571484122538551,0.04561259777401324,0.5927987335575845,13047.678260869565
52645,0.4936558596744458,0.8378858629222464,575,2.5249741738573004,0.6152347890524007,0.8240543056854124,6996.295652173913
26001,0.7555404226194544,0.8817383895691999,574,2.5809754931247393,0.6774495236444807,0.9225032193841738,7549.088850174216
103076,0.029930666521893023,0.9927117793918246,574,2.459717750210485,-0.11924190748382851,0.675875788213841,10760.16724738676
70663,0.6231362414347852,0.9229799851307412,574,2.5423834171378106,0.25244329804610055,0.6869708283116525,11637.038327526132
130876,-0.04411114532479665,0.7671398610500436,574,2.5550851076263634,-0.3051661835339151,0.5672115915147558,15482.545296167247
102440,0.5586763111211965,0.9917982793466666,574,2.505292760890487,0.23251050578054003,0.8217532658248338,8312.247386759582
122301,-0.5101390198892566,1.1495694422894913,574,2.519168753727662,-0.649875323095214,0.9594145173736653,13510.698606271777
111149,-0.11641079689274081,0.919567956092834,574,2.511966829408099,-0.20927707412862173,0.6419845643648119,11943.40243902439
107790,0.4712186489604311,0.8542568446241547,573,2.4140171838015108,0.2634739029200146,0.6069109534087671,10920.446771378709
31921,-0.0959715779156598,0.9397302328752769,573,2.558111593024314,-0.0004912951190988855,0.7624013237438225,7446.22687609075
136946,0.40228322138626016,0.8446578558331853,573,2.481826513815024,0.2709629867411625,0.6297584892475507,8582.493891797556
94449,0.18500573447526536,1.0832092893074,573,2.572488395128553,0.11809776853768303,0.6814662169481789,11690.294938917976
91583,0.5209568688557193,0.6834609222933511,573,2.4700408337968724,0.23424746232537247,0.48240733961073956,10416.439790575916
34683,-0.24518623760152325,1.100947137477161,573,2.4731767928209103,-0.4802942956872805,0.8453022796079631,11129.417102966841
11871,0.3656340067265744,0.7290157439268882,573,2.5593071717779874,0.14699179996608547,0.45078250928725855,12277.471204188481
70740,1.0506252807230836,0.7529896640326682,573,2.537876257915233,0.8330515517356815,0.8833391148074708,12579.759162303664
32636,0.22960903693197077,0.9534674059984936,572,2.4493985024044047,0.33562270900362334,0.8114675656648728,9944.188811188811
119098,0.3353782677012016,0.43884569603441126,572,2.5171460144782527,0.1032530355540864,0.3083415037385724,11236.807692307691
41253,0.26107756840050245,0.9201507502345815,572,2.5432660215586593,0.059370921041515395,0.49325965446030146,11934.050699300698
60005,-0.11304830572537172,0.6319717279870635,572,2.483158601178506,-0.11092398226523319,0.460693113695847,11256.433566433567
11350,0.33363001595294994,0.8058363300673587,572,2.5959892807660654,0.21825728268529884,0.43535652305004974,11878.055944055945
29040,0.3983153306382645,0.5946807133421746,572,2.4999113736724095,0.3699666313406653,0.5263281269291621,10453.603146853147
97614,0.45338526070819496,0.5656290245415225,572,2.5914973830848473,0.18148381058372215,0.39433394043851255,8244.853146853147
9389,-0.05535599803306379,0.6359825547158362,572,2.492312282307638,-0.35721265915386086,0.48353971971311405,9112.277972027972
103136,0.6352034425263766,0.6986715201961049,572,2.527974463109164,0.6052684129816933,0.6696686721842497,12736.907342657343
75939,0.4673712746942087,0.8843533676313723,572,2.4932413183904725,0.1106182696850492,0.5533846481154494,13850.676573426574
20313,-0.039621732298798396,0.7082251887342745,572,2.391261081238169,-0.34718874458228666,0.602584030269222,8292.314685314685
97277,0.5276859600088941,0.5596642750505734,572,2.5232299492406245,0.4627021728086961,0.6352978021056651,9467.398601398601
50185,-0.5046566973337634,1.2351861845633032,572,2.543225935963116,-0.43167946819800723,0.8531276274113203,10212.84090909091
94595,-0.004656697333763393,0.8724887244451129,572,2.5840588971152854,-0.16204110670236627,0.633060368692721,12070.561188811189
114266,-0.06147487915194505,0.7609011850756952,572,2.6222140051821903,-0.057161712394328185,0.5098490410815578,10359.017482517482
124861,0.46562302294595703,0.9069273606957357,572,2.519917598610076,0.2369538158473047,0.6256710743003407,14655.685314685315
102686,0.5399237222466562,0.7685642082205408,572,2.5498468951732605,0.3438872055969414,0.5853038890573264,11341.447552447553
13866,0.46387477119770537,0.5602773378062033,572,2.3815994298431624,0.2033811852145461,0.40087981872879436,13312.367132867133
122741,-0.08682452950159547,0.9208675321373984,572,2.6173237434064083,-0.15130472622329777,0.6353033951349886,11775.361888111887
95989,0.21999365231658619,1.1509745239765534,572,2.5338508281859236,0.00375474567162901,0.7929036443160399,12416.739510489511
82867,-0.854307046984113,1.283470723740183,572,2.5762604247444956,-0.7128295884194602,1.0915526962731803,10361.716783216783
10721,0.17541935620989113,0.7521816162104843,571,2.5233876464850074,-0.09574311135279832,0.42256096161390505,14409.926444833625
31988,0.7043160287142691,0.6086375537700232,571,2.5682853479948857,0.5141337810374937,0.5817224469318675,11413.467600700526
132403,-0.25452810438555584,1.3422360781528677,571,2.5356016997758233,-0.12236178839471555,0.9519338537635068,11730.956217162871
10229,0.4547538570855476,0.6946813024852568,571,2.4747164342913752,0.7022750476422224,0.9612178133299625,8600.812609457093
118847,0.05370306899447952,1.2584943509854114,571,2.382065914066978,-0.09990776580611746,0.9413217549896938,11307.894921190893
114911,0.4950340672431661,0.6078937625593103,571,2.570657927120465,0.1748330569635739,0.40773030882670847,13400.187390542907
25955,0.6368290099414176,0.7974015859678887,570,2.5722378089183318,0.3007520706427974,0.573336287326582,9386.803508771929
57921,0.34560093976597894,0.987002761874095,570,2.410619729786941,0.05095115983612374,0.6743233415796457,10698.042105263157
81653,-0.08685520058489793,0.9026237291356402,570,2.583767727094431,-0.2116022944833848,0.5615926472231668,9254.461403508772
16383,-0.030714849707705216,0.9192780584444499,570,2.5063784092546517,0.10576424008071844,0.5966357314558406,7050.752631578947
47577,0.10700444853790891,1.02181671289535,570,2.415341149149105,0.27890470532307393,0.7808815960492604,8570.966666666667
40625,-0.05615344619893303,0.8901441177848862,570,2.477849410916274,-0.2648836650793048,0.645197170075776,9443.801754385964
3184,0.2631447994151017,0.9253851526565862,570,2.4602919024882364,0.04352228175619463,0.4804709571156971,10205.875438596491
15694,0.5330766589408933,0.9420083004463675,569,2.552889533611288,0.4519938109389391,0.7899226926247943,9882.637961335677
18592,0.5348341281851816,0.5491792164922351,569,2.5275807204007985,0.46252635209365944,0.5362243868438329,13899.514938488577
20453,0.3749044269549531,0.7509441485789782,569,2.4753200735822305,0.17959864695365566,0.5451870500012012,10897.964850615113
38228,0.4539905429479232,0.9650377217503464,569,2.4352770404609987,0.12892035546836703,0.7085106208608375,10879.337434094903
95449,0.7650625991869391,0.6364282884666215,569,2.4376183023163898,0.5106594517670365,0.6855628322534657,13158.845342706503
44481,-0.013496276032744614,0.6722478164051934,569,2.566481345044341,-0.2378745027014697,0.5460411276610414,10450.474516695958
3746,-0.5161324798991767,1.209468756781479,569,2.515488541664054,-0.35988881651239824,0.8511309987901962,8524.711775043937
49018,-0.39486710204328945,1.4592240693350838,569,2.6742157590229634,-0.5482464541371822,1.2925872674259093,9257.927943760984
114427,0.6209501211553046,0.8645217357762018,569,2.616463557476481,0.3330376418754814,0.5629985939514117,7078.653778558875
23360,0.26769880305337157,0.9207409342032769,569,2.4978401822339906,0.23885147545073476,0.6523558614728172,11104.486818980668
2378,0.584043267025252,0.926532159784499,569,2.5208915395692073,0.5628775531707544,0.9241109682061286,10826.560632688928
42974,0.38318433487346626,0.6947115515817595,568,2.4809436029558727,0.1988119880769506,0.4849304394892523,9522.054577464789
108670,-0.00942129892935073,1.0994003360647644,568,2.5298716905550602,-0.0928039524382453,0.6559316821656122,11129.883802816901
80618,0.14902940529600128,1.2784349343872015,568,2.5966789496775102,-0.06853494380413666,0.9344544187718026,10094.25352112676
118254,-0.3307241158307592,0.5927933437393238,568,2.575750672066705,-0.5662022526462448,0.6184157707833352,14862.646126760563
33357,0.4615294052960013,0.5729171535947635,568,2.411805826969978,0.025056681413029278,0.40479040719525006,9498.633802816901
37842,0.2881139123382548,0.8807474238068,568,2.5993753932377843,0.08142609826780667,0.5830911795642748,13310.549295774648
65051,-0.0851255242814637,1.3136589657449296,568,2.4616825961577637,-0.1255054150045203,0.9420054303892464,10467.272887323943
95524,0.10941672923966328,0.5296021101371563,568,2.5834296791664375,-0.08536273101071297,0.42169534980103635,12031.073943661971
90392,0.2018463067044518,0.9234273987795426,568,2.5508487186764612,0.032607382150482554,0.5890469467336666,12733.12852112676
62089,-0.4398790454082242,0.6991440575767641,568,2.594014014052895,-0.5658228235934546,0.6661985518970788,13586.096830985916
105654,0.4016702503664238,0.9806479928487245,568,2.5948562171351064,0.18450933546791298,0.6643956385337384,13003.232394366198
9158,0.04691672923966328,1.0996432001101544,568,2.50804234345855,-0.06176030103501968,0.7191734645714148,10748.852112676057
21717,0.5786068700847338,0.9498487556806389,568,2.456692644140544,0.13262517113732059,0.7038152101754175,6447.1285211267605
9797,0.7467406729016353,0.7846296629152963,568,2.575264265582193,0.4077505512961799,0.6370126991543009,10082.661971830987
23349,0.2247336306481138,0.9515748507471757,568,2.4136246714719776,0.1710766556967332,0.6969410390303659,10292.241197183099
113663,-0.09392834118287174,1.0901655897117326,568,2.5984693023648915,-0.13070810610023287,0.7808093880756805,12201.982394366198
33323,-0.20748467921104075,0.6765002225492055,568,2.538886003620947,-0.4213065568534453,0.6251572673675552,7742.130281690141
124184,0.1252617996621983,0.9799701650843125,568,2.2724919838736186,-0.230152035029722,0.7226421704504971,6464.036971830986
63874,0.17191672923966328,1.0304020550550772,568,2.511483037793056,0.16518874482932186,0.7364999000943446,11236.102112676057
18133,0.19832517994388876,0.7824168602985434,568,2.505164645430836,0.017257175095703774,0.4854493442377196,13973.026408450703
54,0.11909982783121276,0.9598790092754005,568,2.4920924697556313,0.03230637115094397,0.7106773742710302,11893.397887323943
59714,0.2801913771269873,0.5843205692170229,568,2.6822081449639623,-0.02407987366366669,0.38902544246474974,10723.30985915493
11747,0.9571279968452973,0.7439299034983236,568,2.4694461974896367,0.6548820121677822,0.7631514679445818,9965.174295774648
117053,-0.12878873813247083,0.8660047146219471,567,2.4719360156632537,-0.23301533146216716,0.6248394379736857,11828.513227513227
62929,-0.14818909086615673,0.9636968660111466,567,2.453667107210774,-0.029178578455814494,0.6338767231131588,8770.532627865961
39809,0.2777368350597693,0.7342585905716441,567,2.515949269900192,0.06680979308135886,0.48015428605492977,12342.888888888889
53123,0.6242976816206158,0.8103943612196581,567,2.404372298336681,0.6433537685886981,0.7483152153879301,9205.58024691358
123360,-0.29986457587497517,0.943218777556615,567,2.424861656565328,-0.3560514867228394,0.6638729688707059,11148.389770723104
108316,0.005250062572996761,0.9717748143230768,567,2.4527375441701165,-0.25467105906662924,0.6985696009456983,11621.932980599648
12535,0.8147738720968065,0.5519457574180198,567,2.45181567136584,0.5045593772786421,0.5935654072812855,13621.573192239859
40039,-0.13937074871448152,1.125364299195151,567,2.473232076825676,-0.13929412278852696,0.8125127498054603,12092.996472663139
93146,0.5290595863825205,0.8479121848371777,567,2.599156891009291,0.14615686583479426,0.6137734074728036,9661.509700176366
4500,1.0387597627493634,0.7758463394614934,567,2.3782416048252752,0.7996826972767614,0.9402274586198652,11472.518518518518
80760,0.0008408914971589354,0.9440212121604012,567,2.5970283570823285,-0.20742593758498157,0.6935584177494751,10995.989417989418
103701,0.16750755816382545,0.5999690467167591,567,2.5459107446246905,0.01587624541020353,0.32619195835815906,11470.130511463845
44214,-0.08205152472859067,1.116000376334976,567,2.5625669564306772,-0.050551052103064376,0.780272995832708,8294.603174603175
24008,0.19043524775818188,0.887243274525103,567,2.3879164978617937,-0.0043823284810993,0.6725054866752993,10315.640211640211
62579,-0.3580656340760333,0.7778859407335188,567,2.5042400326062895,-0.4615958121509313,0.5462488744883802,14616.268077601411
10001,-0.6490709250813245,1.3594845773681041,567,2.562732212103675,-0.7066309572318559,1.0070854137530751,11522.964726631393
103126,0.5325869232431906,0.6944923983667389,567,2.4069624197258386,0.5007168643463116,0.6802102114280615,11849.619047619048
102954,0.44528533594160313,0.7932220222673427,567,2.5965423374366443,0.289391692553684,0.6806719515396363,8541.696649029982
78392,-0.28921401280980685,1.230975493688686,566,2.4228455110969334,-0.4308979224048294,0.8459776266238099,11088.528268551237
89458,-1.5577652495589234,1.0080572244223338,566,2.5681448746457005,-1.744797169890023,1.7931562999389148,11912.266784452297
124093,0.09241142888630627,0.6962888494861588,566,2.5031926828294937,-0.03239294312270592,0.46230497359959905,11598.819787985865
81773,0.33004393772022844,0.9342050852524221,566,2.573686010075553,0.08807243553670181,0.7033166705128874,13775.939929328622
26378,0.5500086020311827,0.9543457558102028,566,2.4948038788523834,0.3917261184460831,0.734467860409982,11829.567137809187
413,0.034107541960511245,1.15578642987823,566,2.585696963039881,-0.30268033243871884,0.7462429154055946,11285.295053003534
109124,-0.07896666298648514,1.372211288397993,566,2.5053231124074142,0.06161065242642459,0.9612227910496113,11195.519434628975
41251,0.057075739840370066,0.8885060900275309,566,2.4786828360495803,-0.14713704200838795,0.565139409578971,10743.648409893993
4937,-0.23267691033630866,1.325614271728696,566,2.508977010114172,-0.13338325147996422,0.9218567795813716,9459.726148409894
21408,0.26041230446090236,0.7956834134222484,565,2.331753210547945,0.25916147681102086,0.6198109663359299,8372.97168141593
45912,0.4356335433989553,0.8264319130440411,565,2.430858403554911,0.10461218199969612,0.6385105262939764,9669.30442477876
48581,-0.2316230937691861,0.9509168031878897,565,2.519779434362191,-0.3546323921205961,0.6637974568293662,11982.056637168142
113011,-0.398879730937328,1.0133577196985046,565,2.5558362166684163,-0.3220194298937126,0.6858393409349519,10202.238938053097
1296,0.10908487083258356,1.143141333433054,565,2.563149265881848,0.046242870568257634,0.8079040684673365,11606.787610619469
73187,0.391385755788336,0.9576917439513407,565,2.3898201994295225,0.08322547965332897,0.67680297119242,10912.638938053098
119259,0.5179344283547076,0.7373081428809302,565,2.3952536663346002,0.12871652991369786,0.5719942589638963,9730.29203539823
5382,-0.18472043890192946,0.9959026080116715,565,2.569351605828086,-0.2746376399664013,0.6715985759264984,10612.353982300885
2517,0.19138575578833583,0.6256710450183909,565,2.537212161645344,-0.03864933958235419,0.45185541710629956,9814.69557522124
69654,-0.028968226512549045,1.1838523166608832,565,2.4660487919487637,-0.1452855547073069,0.8047620346368839,12073.916814159293
59046,0.627668941629044,0.9243493066044339,565,2.4639860334173846,0.34000003347393654,0.63987737358184,10419.663716814159
26477,-0.4165788459815758,1.3259381940329196,565,2.4619153642806797,-0.5461753816543519,1.0233696225917501,11228.738053097346
48838,0.650677791186566,0.912137553339208,565,2.518677334369155,0.7487121075340327,0.9755199799765097,10583.70796460177
18683,0.2135096495936457,1.0037805897158085,565,2.469603952967562,0.36376602841576183,0.7972011593363726,9157.283185840708
30204,0.29957630370774835,0.6148091165569972,564,2.4715291177583607,0.14350101103304239,0.4502601137739925,10094.462765957447
44963,-0.22258681685962767,1.2841933981390772,564,2.41296245810161,-0.36851230171551985,0.9450746900802721,9230.702127659575
27252,-0.18535277430643582,0.7302888732747355,564,2.525950575568962,-0.24376404693492099,0.5428739865409182,11585.911347517731
91300,0.7268812682467556,0.8992755119219118,564,2.5533014736284634,0.5715060553378807,0.8557988070557087,12353.320921985816
112415,0.45826424697015966,0.8865532634667995,564,2.359689271943678,0.1145628763676645,0.578089318920201,8863.632978723404
97512,0.35099474342406056,0.6595562324344445,564,2.537684922657095,0.17584728974000746,0.4780344952092627,11223.464539007093
15855,0.09744864413328047,1.3273140525159348,564,2.536576261603942,0.16094941023907544,1.0672808452419618,10999.070921985816
26957,0.1550727576084574,0.7913721948268853,564,2.514893015182834,-0.10542443016086038,0.37204787723128163,11406.074468085106
3218,-0.5807428452284218,1.0278070004934807,564,2.4839028125955647,-0.4854531250900413,0.6931350375568985,11748.101063829787
2352,-0.12240951189508831,1.0220845935969594,564,2.488409467588593,-0.38753820474564665,0.8096480998183547,12257.051418439716
34656,-0.3263102211149467,1.274492360161784,564,2.471208557973144,-0.5926472052748207,0.9824003275182112,13986.496453900709
46281,0.0770585732112945,0.5680590628181895,564,2.521087508560377,-0.21638328174620186,0.4243453182277412,13101.402482269503
82801,1.0274131831403728,0.5074453850564727,564,2.5340444807987925,0.9901166818864001,0.9942491458891266,12120.43439716312
90780,-0.8458137672142376,1.2954509114613906,564,2.4152404732419965,-0.8424038520928975,1.2059762776714302,8439.531914893618
84608,-0.14279958281707428,0.7746973907691492,564,2.3936708359716063,-0.13018790904860691,0.5877549012172757,10244.267730496455
54910,0.33237772214746464,0.58886693159778,564,2.5268959681253946,0.15008921666313435,0.4310903557187872,12234.725177304965
61656,0.6905668180496103,1.2218751807838117,563,2.56286954556317,0.6515207762885139,1.1058758329747385,11991.868561278863
25002,-0.23927332404630475,0.8928935555472994,563,2.477404764399057,-0.3982521250242406,0.5905139787561738,10994.271758436946
55085,0.3664105125433932,0.6162868530818814,563,2.482631288131774,0.2671903054256362,0.44943518325193416,10767.870337477798
16175,-0.26769250699479485,0.966012011551918,563,2.522570844332075,-0.4727974917083322,0.7827597788436742,11456.463587921848
30620,0.22964319460378402,1.0105087421335015,563,2.535627913577318,0.21364263401312195,0.7504165794903519,11994.472468916518
98395,0.3690748109448143,0.738633263359775,563,2.462310439640122,0.13436587136933745,0.441658116971912,8554.907637655417
138270,-0.24460192084914656,1.1953917868706263,563,2.3360922352605895,-0.4633995682026655,0.8602866891690771,11300.476021314387
67658,0.044918505438597656,0.7518300649854701,563,2.344842735379814,0.012174153810145255,0.4495644599421268,9961.166962699823
58855,-0.1113870007780986,0.8304299952307508,563,2.5142569268377537,-0.4221100270576799,0.7084238366914056,9048.490230905862
40518,-0.026129451932627834,0.9513689806617007,563,2.529368235693909,-0.06598541617783403,0.6380938061309188,11833.6891651865
58021,0.05735189797856188,0.7747810715729444,563,2.4248282143854936,-0.22601738177893807,0.5285934726609045,12495.82593250444
85149,0.5848829814599119,0.801172790661335,563,2.4764260129452196,0.11061089719641204,0.5848552382549,11179.650088809947
123059,-0.7319978615076677,0.9165845575609923,562,2.4683990968911274,-0.5756470794234754,0.796029930832619,9015.93950177936
16978,-0.07274519246852185,0.660320488498893,562,2.5909029280791684,-0.374499930568592,0.5579702241033332,11129.101423487544
21179,-0.37078789709485616,0.7463220441108488,562,2.565797506971457,-0.49082637593626094,0.6683394925510271,10655.201067615659
10481,0.030457654506567344,0.9355372535968791,562,2.576617798398294,0.14166567886694242,0.5847920887689729,10506.249110320285
111963,0.06070676482685178,0.8691579891051513,562,2.5556271329825413,-0.009105066372456136,0.6472418371678574,7019.875444839858
27248,0.12387402461332897,0.766038082593885,562,2.5245166102294516,-0.05905334683198556,0.46636877789014924,11815.46797153025
111862,-0.006019213820835034,0.9007883314035449,562,2.4494273067020744,-0.12173879699623162,0.611958505643153,8549.745551601423
102252,0.04825124881261722,0.7135750782878499,562,2.3863800748827497,0.008733028018365702,0.3866903728640153,10436.925266903914
128352,0.1123081883143966,0.9101851037758633,562,2.5211966310774065,0.013930872521021759,0.6093743405194897,10857.731316725978
74114,0.6719167292396633,1.0491487084668778,562,2.5725591430944834,0.5971058236605981,0.9670368134754753,9343.701067615659
27647,0.015333099346424905,0.8227173797440817,562,2.544642442948892,-0.18274457603486366,0.48734973285009736,9933.233096085409
38372,0.2849060530830796,0.5586384931399945,562,2.4995994728944493,0.042856796418164984,0.41166239549413897,14433.832740213524
4965,-0.18662419602724079,0.8995978538650715,562,2.393863277946488,-0.1088558529369661,0.6901615391099276,9671.610320284697
20388,0.2724505370688446,0.7404409726445841,562,2.538006938872208,0.15318299697121968,0.5567710484990845,12070.76512455516
24443,0.6745905260311074,1.3358023199726476,561,2.499195615217428,0.6372873865595474,1.269543817955411,2743.614973262032
92104,0.6130931998278988,0.7648048578482192,561,2.5721356407535545,0.2733637024745739,0.5030360041707871,15303.786096256685
85495,-0.14180876095641537,0.9115178802077204,561,2.513313843285929,-0.23625117986849353,0.6626132584762006,9048.805704099821
95336,-0.9599905791382333,0.8991452877793323,561,2.5685414352450304,-1.0846188678077802,1.1412599730852604,11276.855614973261
118632,0.34927858307210524,0.9118294948928541,561,2.459267132049825,0.19832101867252203,0.5679484798803879,12905.039215686274
101785,0.21380621230561703,1.0060225760282326,561,2.4180801017748883,0.26508113981777937,0.6823253376935702,10184.49376114082
84115,-0.15606901051078248,0.8718316350054536,561,2.493644322138326,-0.3410536434999091,0.6828639134480877,10701.404634581106
6111,-0.16230786969081779,0.9459338617968025,561,2.5579778812459177,-0.18239547838987763,0.5499281324097153,9960.869875222816
101373,0.7004372283483975,0.7338057255722442,561,2.6596561943473267,0.5617481843633433,0.6645915548540198,10264.718360071302
68167,0.08546396631631215,0.964603028080739,561,2.4955393322212336,0.24032020189100778,0.7789550070410975,9400.087344028521
30727,0.38314667576372763,1.1411298061702602,561,2.5536352715903146,0.0655183099213008,0.7580987609410732,10392.237076648842
102056,-0.44038273600097844,1.7747862716846865,561,2.66106764164204,-0.6199567036708513,1.5433425688827644,8318.27807486631
126611,-0.26826184218890825,0.9577347137953648,560,2.5809063761369644,-0.5540339957591838,0.7643678008666906,15754.7625
68497,0.1808453006682349,0.9304579413265068,560,2.5798246361322605,0.17958748409295253,0.663727058413416,11299.266071428572
124373,-0.15933327076033654,1.059333780748065,560,2.5115866896319208,-0.2947621704938503,0.678433858193064,10057.555357142857
61897,-0.0066546993317651015,0.901839560223635,560,2.245228148074914,0.10279174401716139,0.6571563253262294,8976.782142857142
82992,-0.21826184218890798,1.2181513179934833,560,2.5609636425767195,-0.2956135205760472,0.7613752757671538,11111.8625
97168,0.20495244352537778,0.8771996010293214,560,2.556268444949955,-0.22989947719356246,0.639449523925206,13471.376785714287
34382,0.27013101495394887,0.8938251843960704,560,2.655314622497115,0.11835738228495293,0.6560430978102187,11399.855357142857
52394,0.4826310149539488,1.041135779189197,560,2.434077935046074,0.028117950064996088,0.7748326335089933,10074.88392857143
4822,0.780845300668235,0.43618806800164484,560,2.3909253935171373,0.4005922347046125,0.511151251019263,9911.6375
109473,-0.05397612790319384,1.2020216673083566,560,2.5754894112144404,-0.2023939952156977,0.8019271775787757,12060.951785714286
44663,-0.3584404136174797,1.05864186170873,560,2.4393240907248863,-0.48226283014963767,0.7646584590883048,8971.333928571428
52111,-0.4512975564746222,1.1297713086343817,560,2.6302901541705954,-0.5170839451773072,0.8041081075948691,5086.432142857143
31076,-0.6370118421889082,1.3428771591833242,560,2.5584136103434094,-0.8704708485173859,1.1151268378938244,12569.0875
108541,0.21477387209680598,0.8341668886739507,560,2.273538436574027,-0.07280770784309638,0.5764701084625157,9041.42857142857
14451,0.839773872096806,0.7544992398869819,560,2.4871072954855644,0.43072129569113177,0.6161505914867248,9191.142857142857
22339,-0.05665469933176537,1.3605368673209994,560,2.5228988420990106,-0.2732616506463403,0.8934031668616796,15001.067857142858
105156,0.21834530066823454,1.2423597325596205,560,2.4477437434172686,0.38633545925825297,1.0490147359931405,9059.373214285713
97112,0.5799524435253778,0.7007711562209593,560,2.2924617037844395,0.16662450274926852,0.5014345952518546,7635.95
84962,0.8263810149539492,0.5743298798484959,560,2.6245457082451624,0.3945835805456148,0.489950378578833,10612.410714285714
64638,0.18530958638252049,0.743065200301292,560,2.5824823719813024,-0.04351141499838133,0.48810442899467604,10526.61607142857
78718,0.6424524435253778,0.8350161367499209,560,2.3142855804760956,0.516001658021885,0.7228620993830108,4670.473214285715
113953,-0.4896904136174798,1.2277534158121224,560,2.6170537932656144,-0.6183063977354846,0.8829368106215567,12168.208928571428
78446,0.2799524435253775,0.4675782377124877,560,2.566479212647661,-0.017746389794240792,0.2667309389213629,11224.341071428571
33581,-0.01915469933176528,0.9305540669161175,560,2.5489889707055107,0.009049243294752709,0.6812339409434914,11337.117857142857
89021,-0.11111898504605122,1.0048085100330848,560,2.332810533385926,-0.20416032242905624,0.8025061448736448,9707.4
41404,-0.535226127903194,1.073315486425814,560,2.281117782158514,-0.5077166035266396,0.7229769922282397,10304.160714285714
105165,0.2926680709212377,0.9386172286174571,559,2.246466402096618,0.14103300058911958,0.6808415860211359,10665.778175313058
74849,0.24526198863143422,0.8370806545126854,559,2.543230863800314,0.40538429301587947,0.7017604880718714,10091.143112701253
42029,0.2130616308496811,0.765583230790076,559,2.48378188218776,0.09643136304313839,0.4819525216086828,12035.858676207514
108667,-0.08568613301436168,1.1772980941853417,559,2.4510652113525717,-0.2856921428854167,0.8794628503749903,9295.311270125223
98491,0.501970396502633,0.5138844590547887,559,2.360474205139317,0.24610513918001428,0.45034292040882373,7606.488372093023
99930,0.10841046805898369,1.0468381543373826,559,2.4544411507110353,-0.23888685076607183,0.7187971358232316,10403.731663685152
90141,0.781040163944493,0.9335862469185658,559,2.557698062142162,0.9072663676716946,1.07546870078152,9321.806797853309
51614,-0.911267528363199,1.0052567317917669,559,2.528718951353476,-1.172270563691311,1.2761960013914924,10810.10733452594
23841,0.09588810669941283,0.7215559446488777,559,2.6322627362709934,-0.03700953295242492,0.3639267156943677,9294.856887298747
30724,0.05116538755808886,0.8855665465164826,559,2.5721270687689035,0.027758344566246155,0.549410220301349,8106.1806797853305
69561,0.186227999364887,0.9863635739776127,559,2.5345278465731367,0.0971825411754925,0.6049787909315363,8097.939177101968
111612,-0.43541779669951364,0.8546309946379119,559,2.5176925154846943,-0.5191182403318615,0.6926692188000663,11140.141323792486
95923,0.3923468367665448,0.7584202337366146,558,2.438853589736952,0.2105900077134198,0.5070694818436656,8194.860215053763
12100,-0.003710510903705888,0.7366873917913388,558,2.483484324728833,-0.11490482813011885,0.49112919715622677,10149.308243727599
91160,0.30722138873787097,0.4896312652973724,558,2.5171216741196663,0.03693827710190647,0.37622316113630755,12184.116487455198
85772,-0.2151800449538852,1.0025882991635882,558,2.510051769333317,-0.29681843801148644,0.8014589260887038,12430.431899641577
9947,-0.26087896968506774,1.0796217825584316,558,2.550298462056246,-0.41937937558944205,0.8085954397938697,12937.030465949822
103113,-0.2904488621581862,1.0082333211302135,558,2.564898745082491,-0.24677063975525476,0.5744224191359177,10186.347670250896
41941,0.05811744608554159,1.0049462462465781,558,2.517709164359131,-0.19484544032211626,0.6650723285773155,10244.114695340502
51710,0.30453321669486044,1.235098888261635,558,2.464183413572977,0.26914585927480783,0.8782189348336921,12123.78494623656
77534,0.26527400033481596,0.9121930072958502,557,2.4901086349564943,-0.07645700969579686,0.7050016558562371,13201.145421903053
124275,0.1844840541947801,0.636017324666353,557,2.560682294672034,-0.018696038817875238,0.4244892686751311,12362.45421903052
9230,0.43134222295600066,0.7143984441296052,557,2.5281986312224047,0.3310331174532871,0.602510611386402,9969.985637342908
76164,-0.5112071486777516,0.8548647968875525,557,2.5670938220350576,-0.7817475008003612,0.9471401047026013,14205.83303411131
109553,0.7616833360619251,1.1454568295258225,557,2.4659307485558277,0.5923442062746617,0.9970014910798306,10465.188509874326
41427,0.14313975082239727,0.7340368063351028,556,2.3339333013325767,-0.18123427785921573,0.5308108403443257,9503.496402877698
67985,0.15213255657779268,0.8391140481287758,556,2.434545205293644,-0.03306084475158221,0.6314891964892855,11274.334532374101
5483,-0.49894658011285475,1.3548498042561072,556,2.5642419928003335,-0.5021318821558372,1.1000834195467983,11958.681654676258
122510,0.9336073767216777,0.7880572654814738,556,2.575116372009565,0.4194989609433408,0.6891354589969547,11920.070143884892
77629,-0.47736384629990525,0.7970776717668224,556,2.58486465762711,-0.5569139808066352,0.6776381976640199,6136.1115107913665
97434,-0.1545221196812001,0.8003392849464427,556,2.3980001821927153,-0.41159912951477634,0.6803212269290677,13493.303956834532
53680,-0.281320680832279,1.2785719600587275,556,2.439885749299697,-0.24711825146572208,0.9558717733366007,10858.785971223022
8568,-0.3973278750768836,1.1215209129030734,556,2.5350528374899923,-0.5474076614759629,0.8426607302737639,14702.327338129497
39880,0.6467368731245555,0.6826649977295043,556,2.477537903418048,0.5759200480163451,0.6994962982437636,12840.969424460432
43645,0.15572967887995093,0.7005201626523356,556,2.4720588843387126,0.07405280371994537,0.472845030353164,8454.5
137031,0.24116133355621017,0.7116584902378321,556,2.574458540847821,0.04291500949749542,0.4890804723254632,7478.478417266187
113875,0.5487152903907426,0.8917143135595251,556,2.5330985520638833,0.3793859127354079,0.7120156317947793,13698.494604316547
118898,-0.07718399018479705,0.9536554143383132,556,2.522997047471336,-0.3612616851565504,0.6757523863024961,12085.654676258993
7185,-0.06369478155170372,0.8144360698466534,556,2.395783503704884,-0.1610490690811867,0.570388682750097,9181.559352517985
77605,0.218679319167721,1.065244693508687,556,2.1282239949607336,0.007040266000196547,0.7269185753994164,8885.656474820144
71768,0.25644910334038284,0.8547977774839323,556,2.540514938124685,0.00020668526409681537,0.521945850660766,12781.214028776978
41996,-0.14642859450134393,1.2977130804207877,556,2.470163400618124,-0.26914922887534254,0.9532929588313965,11827.381294964029
130491,-0.8560111986882646,1.2605633926932849,555,2.5680046763423934,-0.9510697133308956,1.1540340196667203,11660.003603603604
46427,0.13768249500542895,0.7011459798839975,555,2.4738734889661615,0.10023709369594641,0.4182564952215629,11332.945945945947
75749,0.5088536661766003,0.8523621804312944,555,2.425848127982781,0.574767887651162,0.946766164137123,8934.637837837838
4285,-0.13529047796754412,1.0818248815386868,555,2.120393241558419,-0.017698900243862732,0.739719298145543,6845.812612612613
50973,-0.09114633382339976,0.9127978894534107,555,2.463587185932855,-0.0206356784791122,0.5516684534072483,12058.756756756757
117146,0.46831312563605954,1.074812377878306,555,2.542541292711248,0.10657533481006377,0.8208395691215273,9856.590990990991
10027,0.4989437562666903,1.0173535734895938,555,2.4002048194822305,0.13083774092608214,0.6774409534823086,9482.268468468468
138019,0.3917365490594831,0.7973127044666593,555,2.3872195451607934,0.19307073073778366,0.5796526906691836,13744.25945945946
106955,-0.15240759508466084,0.8908090891161945,555,2.5737329714495463,-0.34475608746751774,0.5564135950601383,13438.614414414415
125022,0.21065546797840184,1.0226823909575142,555,2.5523962590402562,-0.0063389473190807516,0.5807262274783478,12506.5009009009
44081,-0.12988507256213833,0.6100810714283462,555,2.5520960290873322,-0.26563566626138535,0.4636342453256652,10656.102702702703
82202,-0.14487027437044508,0.8181418112201532,554,2.539958411414696,-0.4199308540004493,0.6408235766812799,12538.64440433213
24212,0.2278734079400242,0.8076995472937527,554,2.466347127570407,0.28174699032017364,0.6817154951878032,10761.117328519855
17884,0.316321061369627,1.152046416828467,554,2.5120133139051117,0.10130792513130148,0.8470832406580469,9692.676895306859
95827,0.20621275812052975,0.6868019230222226,554,2.3681192042199144,0.054718957560396915,0.3894747968351406,11842.888086642599
61923,-0.1764587220238747,0.8154958751791728,554,2.5668271953595063,-0.406639547839856,0.6557265987130522,10815.007220216607
97845,0.5446604115501326,0.727623928661212,554,2.529701065508606,0.4245949800604407,0.6934126696418587,12971.528880866426
35251,-0.02663922743903724,0.9795917930189015,554,2.548480828665595,-0.14443159573922576,0.6796290663141152,9153.64440433213
14331,-0.21707244043542717,0.903502161257992,554,2.555663855624395,-0.17674312665451639,0.6061658512987973,6434.1768953068595
98921,0.12679037544904936,0.8016391899585869,554,2.493538823865056,0.03203721912607512,0.5621352581665764,13052.821299638988
131053,-0.5058811046953546,0.789553074026161,554,2.3991789245431367,-0.4311030713266641,0.6160254286695781,8561.536101083033
43122,-0.18006883032712384,1.1393526412049753,554,2.5223281080747832,-0.22179955440957777,0.7709131061387073,8273.07942238267
115416,0.2486315306837068,0.7794717237094737,554,2.5515678335118612,0.09265890780769294,0.5075299756644143,11347.057761732853
107560,0.3867181732829845,0.6749705346979142,554,2.4310253690031858,0.2694212726928404,0.5215550957359948,10991.436823104694
22898,0.7007975956656565,1.0112727251638745,554,2.3361636550370513,0.42632826022310405,0.8496213465362296,10357.992779783393
117904,0.9264293646187247,0.9557229527472226,554,2.507934253411596,0.5791587645155278,0.8979454198961013,11583.727436823105
51874,-0.26129626715022836,0.7408622131858458,554,2.516869977029487,-0.45451710147546864,0.5973914091603892,14414.314079422382
130564,0.6276129317713091,0.6623472711047436,553,2.5193369325899972,0.16771026356213364,0.44245042526381945,12959.289330922242
69934,-0.0297107571979498,1.0899479239506296,553,2.5236625749025463,-0.16457244585203049,0.755834046418883,13132.528028933093
74586,-0.1834178096391792,0.8649021506923757,553,2.5008378041152897,-0.40241792515214314,0.6443827458214361,14301.858951175407
128285,0.19542486667185122,0.7586391255731074,553,2.465035285618191,-0.07231385044316214,0.4754792948730169,11418.726943942134
67267,-0.5785353503263404,1.0893609240238296,553,2.5228874217994286,-0.6085830250753345,0.8917355029158592,9056.296564195298
85248,0.4060939444295366,0.8007288919434317,553,2.514372085302993,0.2157564163769005,0.6102307860461212,12502.23869801085
71449,-0.04417730331006542,1.0669837304274765,553,2.429789862489774,-0.17522071273677128,0.7087610028106769,10788.629294755878
52263,0.24515361893224918,0.5513223661255803,553,2.513373308084634,0.18764078687775074,0.4524128403849481,8365.719710669078
5504,-0.5496022581021087,1.1872769996950034,553,2.597631123522914,-0.38090555106762675,0.8355631010623198,8796.97287522604
122983,0.26233264244038645,0.7426929119666096,553,2.5012997634546226,-0.18080193798033595,0.5530924802797853,7354.368896925859
22429,0.3385833959063298,0.7194052124144794,552,2.592745844571053,0.4449707878375737,0.6718615768949856,10415.90036231884
97201,0.9400326712686486,0.941403786895573,552,2.6159058155124715,0.833808346792488,0.9681049834089261,11111.577898550724
107091,0.2099602075005329,0.9029102844537056,552,2.3701990300338593,-0.10560978678802534,0.577142372628548,11049.0
20117,0.14293122199328634,0.6968118112762182,552,2.55582056282927,0.11656375453973977,0.35144700153869135,9538.173913043478
78106,-0.04728616931106133,0.8859422878166813,552,2.5947348706018074,-0.2986196645802097,0.6424908160225868,6865.384057971014
57506,-0.28822819829656865,0.7982776245710125,552,2.5072858493479013,-0.4508983141119755,0.5784859677983923,10938.03079710145
75270,0.04691672923966328,0.9293314733160744,552,2.4689360544021155,-0.10503475879843795,0.5997178560911682,10201.284420289856
76440,-0.15417022728207597,1.0788381427912888,552,2.4145425838360484,-0.5491187971218486,0.9155156712836818,9343.047101449276
86032,-0.27917022728207597,1.2975471399708831,552,2.412849454594432,-0.2428537916444342,0.9653859981033898,10998.46195652174
38655,0.4038007872106779,1.054606041632834,552,2.5970105781063806,0.18434290211623877,0.7703267370872403,13213.79347826087
117705,-0.35435138670236555,1.16464019066766,552,2.4718790370876196,-0.4779748963704262,0.9891052905603124,11716.248188405798
41499,-0.12065573452845246,1.0081334814083736,552,2.568294762500166,-0.3502383780040372,0.8531794360095575,13081.307971014492
15361,0.40470658431212714,0.7240194616198756,552,2.5887701525410707,0.18882397031333265,0.5137646819663808,12410.942028985508
12887,0.8476413669208225,0.6446128991392512,552,2.539033467153206,0.7293834170947376,0.8266044371732337,13971.920289855072
83382,0.2606848451816921,0.8240380877657537,552,2.4539188040343634,-0.07405301567844441,0.5538391697671393,11067.865942028986
32553,0.19003267126864865,1.0468333032314479,552,2.3729466344085846,-0.08223503665559645,0.6514471435900037,10255.869565217392
43529,0.13387325097879366,0.7200790022150854,552,2.5345763966566635,-0.04737760915175078,0.649327401457952,12291.411231884058
26528,-0.008336893948742485,1.0070664703322374,552,2.557031667612814,-0.4123699791482973,0.7547884935976137,9762.186594202898
34156,0.5768080335874894,0.798997549653665,552,2.471862184996727,0.4723030206433646,0.7268502757247979,11110.33695652174
28724,0.32164449693476316,0.9193846352713361,551,2.5017092159835443,0.19414254190752062,0.5614310222194618,13956.807622504537
7640,0.10022888894928217,1.1224310712252545,551,2.448288188509576,-0.29251709352933536,0.8547734834460148,8002.426497277677
126467,0.40785139348648736,0.8747243655709376,551,2.5690451560796324,0.27310278202598304,0.6344633402660953,14471.219600725954
119260,0.18734322651734026,0.7142941522588317,551,2.499399348277414,0.07080668655563775,0.5364858707221694,10739.731397459165
50942,-0.12481648310153437,0.9883265192713059,551,2.5338394791842394,-0.3189836643117848,0.6130843377972549,10928.615245009074
14210,0.02373491105784531,0.9283759659184688,550,2.353756278383602,0.11055409759382374,0.7105695650026462,9896.483636363637
59205,0.5673712746942088,0.7308435582758386,550,2.4414021924540883,0.1212191487217873,0.557982596831867,6979.863636363636
54730,-0.18081054348760928,0.8188032818529979,550,2.61142474642339,-0.36687443774345974,0.5765613216279049,10517.483636363637
39437,-0.6808105434876093,1.0203493357739823,550,2.5180912251201084,-0.5721158724307339,0.8571169535554163,10930.996363636363
43772,0.29737127469420876,0.8920246065320833,550,2.4390602033805564,-0.03817256058711731,0.6608357553128285,11981.145454545454
107545,0.11373491105784517,1.0433571479135677,550,2.500324579357697,-0.07586496388899684,0.8161234666612596,11412.665454545455
105081,0.21918945651239063,0.709384028308463,550,2.519182293873148,-0.13351733956086892,0.4553823745377792,11649.15090909091
16734,-0.20262872530579124,1.1140301117633895,550,2.5031381885287343,-0.3894021235347204,0.6547966565738459,14380.521818181818
135092,0.2964621837851178,1.000654281735152,550,2.42546395360194,-0.018406665322602263,0.7186096822516412,11173.42
41883,0.18464400196693598,0.7513326461404976,550,2.618419744467977,-0.0660700795678653,0.4574477480300244,11577.41090909091
78208,-0.3453559980330638,1.5846404780296497,550,2.476005503406072,-0.3387904184156322,1.2443541910595144,8713.334545454545
127959,0.5098037966349276,0.8333512821648064,549,2.487164143549043,0.42174311244425433,0.7028905902298481,12541.693989071038
4760,0.32036845965860694,0.8207518183909636,549,2.4064977907595466,0.4404372695623496,0.6646910777731838,11284.571948998178
35460,-0.07580640372937131,0.8626576381027573,549,2.5139517269904603,-0.4145186916724656,0.6346963853931477,11988.51912568306
19152,0.25843767641634807,0.7702737391527107,549,2.5180199995164134,0.355701203073394,0.6335507477027239,12480.907103825137
62623,0.5371262010065121,1.266515350498686,549,2.5560223361118974,0.5042507824116933,1.0219444559680746,10777.894353369764
98812,0.4770169113890259,0.9476687873176848,549,2.5574752810865764,0.33148270386184364,0.6817653173165548,8209.493624772313
92788,0.25661618279157583,1.0048345502497482,549,2.2492791249616024,-0.03373815802503867,0.7866739124766209,9687.382513661201
38435,-0.01296487367472654,0.9712890423760386,549,2.4964156651486906,-0.23255812177867405,0.7551648769537388,12738.065573770491
8828,-0.360929986088804,0.9925764298774379,548,2.361453848437208,-0.709477779100639,0.8591575259435607,10202.204379562043
63078,-0.15290078900851212,1.0457387037281352,548,2.59620706606682,-0.3913941878705299,0.6663843868294881,12227.859489051094
88667,0.5788510358090062,0.9864286122224128,548,2.47170371969973,0.4130517718959858,0.7136687413200536,11730.10583941606
1421,-0.4476088182055924,0.9617179523235774,548,2.4259009002285485,-0.7123950175755429,0.8443526176123651,13252.890510948906
26860,0.10804811610097698,0.9979545795536917,548,2.578869972319129,-0.1538679312461365,0.6004293799190947,11916.565693430657
137869,0.25494592631995516,1.0829171885105369,548,2.572992536473981,0.05393582024733684,0.6932912687355113,11223.018248175182
133072,0.4492889920133858,0.7440678450646965,548,2.4762959233264183,0.6793623816906623,0.8479267535594233,8043.905109489051
136568,0.11717220369221781,1.2504899692251359,548,2.5642182626816883,0.09360716792913701,0.7662914349125424,11147.872262773722
31653,-0.07625845324208846,1.2427105004393264,548,2.4398376562126143,0.05753455704628707,0.8861101953939138,7794.773722627737
101515,0.11534738617397,0.650897777359967,548,2.5169665112522583,0.016136341663795895,0.31335503936903114,13080.16788321168
32906,0.47848607230535656,0.8459996740926279,548,2.516302617308707,0.3530995720758024,0.6352752191485928,9071.036496350365
114545,-0.17388619046836595,0.9956214440281227,548,2.456044978914222,-0.3569642192575162,0.5933777157763996,12408.109489051094
85874,-0.21676940214719798,1.189695130946191,548,2.505242568310616,-0.3032811256760048,0.7403746006824333,9101.558394160584
7590,-0.2970613729501177,1.098838199607348,548,2.4180195764963726,-0.1468279388925344,0.7069975157586773,10293.228102189782
46579,-0.20399567951946063,0.9245405438252218,548,2.4611702040269527,-0.25897063416530375,0.5401839307907659,11794.2700729927
37072,0.7011138095316345,0.5909630950706803,548,2.54183071821746,0.5598977256161963,0.6641891236208397,9601.771897810218
135522,-0.10363071601581098,1.007642038895371,548,2.5516367203653925,-0.4140389548696134,0.7173117711645853,15448.379562043796
41484,0.46662475843674356,0.7295720782345196,548,2.46758625794201,0.4969583949167165,0.6361243942499661,10901.987226277372
36048,0.334325488363751,0.946025671525125,548,2.5320910150133624,0.11167223661233461,0.6199638588352374,13498.39416058394
128003,0.3023911817944076,1.2826511312090443,548,2.3921832629739397,0.041490410358748106,0.8909700692540005,12037.591240875912
61960,0.1609678241301742,1.0269978136624913,548,2.481811735529859,-0.15228790047554797,0.7497133482370282,8785.23905109489
137934,0.36352256865572175,1.1855940487263528,548,2.4997953540980253,0.14668418303571637,0.8135998279010959,11892.658759124088
90514,0.3927196489476925,0.8199777572175339,548,2.5543425009305283,0.221323959599299,0.5806095015386136,10945.53102189781
24905,-0.09042330732340798,0.9712951633874118,547,2.5734706478438776,-0.18116660208264473,0.5812117381577713,12380.579524680074
17708,0.21487833801480027,0.933444919605508,547,2.517486207952973,0.19086112735419505,0.6898077315424409,12402.998171846435
25298,-0.16354944991938591,1.284731379774154,547,2.5484478471404977,-0.4207451238186503,1.0027787478620294,11571.700182815357
30047,-0.08950923054095838,0.7000995321066791,547,2.3393714300695976,-0.3064684859088521,0.5403995872857993,10515.500914076782
135535,-0.2586134352941576,0.9734197734827023,547,2.410761910044723,-0.602148150399249,0.7892109692322355,10992.901279707496
87797,0.41688930693618964,0.641475055243294,547,2.615203264081839,0.29452134314783845,0.4619038311568854,11220.18281535649
72832,-0.4770777862996418,0.9084533277432656,547,2.4716945584207526,-0.48115009223652877,0.6520483141583505,12883.318098720292
27320,-0.14618199105284146,0.8645975822586156,547,2.4942920215877464,-0.4632814790050786,0.6979668256005646,13041.219378427788
123949,-0.2165659033014702,0.8886725505889929,547,2.553791878897845,-0.36865577627879864,0.6254869697876055,13842.915904936015
123537,-0.14892422140019068,1.2952027668506987,547,2.6055645723065775,-0.34349772215282687,0.9454411623566538,13582.374771480805
122651,0.3867247731153487,0.9940390603801994,547,2.6047573877909396,0.28665067425481866,0.7087193807438983,10488.608775137112
109409,-0.06482915741481587,0.8926761507027147,547,2.5975410730236135,-0.36204466101409766,0.6342117865992335,12142.180987202924
51542,0.6097595080330818,1.1514337729448356,547,2.3854144929520875,0.5647146058637528,0.9939602392257325,10059.294332723948
56420,0.043711601034535086,1.0523243308480301,546,2.518656640431515,0.08672505891968717,0.8562427699381743,8529.97435897436
7159,0.6096456669686012,0.5416298608892819,546,2.533542571506131,0.4986627804031753,0.6798423301195098,14350.688644688646
100738,0.09774090506383892,0.8163983097862197,546,2.552963353446112,-0.08760296095889544,0.5042116616185187,12711.864468864469
89034,0.336751894074828,0.9923235961965758,546,2.4192085562941954,-0.06845761209286041,0.678290397827748,10508.335164835165
22983,-1.0158122084892747,1.1963306160523475,546,2.4465984996491628,-1.0982510999706938,1.318539795814649,12970.300366300366
85128,0.3092793666023006,0.8796348306117291,546,2.576122748726299,-0.018449276652797594,0.5577839753767441,14923.813186813188
29549,-0.009401952079017839,0.9142595646023511,546,2.5203608581434658,-0.2389681251307689,0.5887961248748464,9084.298534798534
93691,-0.4535411462182122,1.0024338597515523,546,2.511275372709777,-0.5432447108910822,0.7679703196709032,10120.598901098901
7243,0.2964588537817878,1.0298580427080837,546,2.570021279901446,-0.06282876080380645,0.6582755367119194,13974.965201465202
3592,-0.7996949923720584,1.2618684135043423,546,2.508699365704139,-0.6088054243525582,0.8950092559822977,7939.201465201465
41597,-0.6907206333976994,1.3092457399978015,546,2.508571853234319,-0.7283028286224646,1.1241890501678977,8672.673992673992
61525,-0.20354114621821218,1.0979807450820305,546,2.5897846818049577,-0.2722569117547984,0.7388437242550443,10430.796703296703
17536,0.5095314081387459,0.9362775354100656,545,2.54949355133804,0.036457217738325325,0.6102621173046471,9606.440366972478
101577,1.1012745274048013,0.7116807405884705,545,2.4386041180057805,1.0985091814844865,1.1649690700206945,10515.267889908257
79499,0.6242103072213148,0.7937712862216711,545,2.244677936011235,0.5299034022349938,0.7413882228783294,10483.825688073395
86785,0.3379717751112228,0.8057947510302551,545,2.524870361381741,0.061427375179246284,0.42132867416042324,12325.963302752294
64253,0.29943966501947994,0.7745814286686866,545,2.5182034776498545,0.2532174578028909,0.6341921779069664,10468.711926605505
88371,-0.9253309771823552,0.8361609923171824,545,2.4908152930937475,-0.9704187129329858,1.0641892569578069,10215.137614678899
102764,0.07191672923966319,0.8919575299834165,545,2.536397367925398,0.0995682389312762,0.7202215221693031,10557.893577981651
132828,-0.6179915276410708,0.927713126984572,545,2.6239824238601654,-0.5863931277799888,0.8395699782003891,5041.2165137614675
103764,-0.03450528910896056,0.953927179726096,545,2.5640691544052747,-0.26996156531144583,0.5839882749048467,11522.693577981652
35631,-0.07303739920070385,0.664969901813911,545,2.5407358778946354,-0.1314624869342105,0.4621095995208276,8086.7137614678895
124967,-0.651936481769511,1.2643222930749594,545,2.5744118637052713,-0.7755124825642246,1.0486558815077085,12505.697247706423
47309,0.6297148943772779,1.057213803052284,545,2.5558850660767365,0.451487607690255,0.9096810021446244,10311.177981651375
113348,0.6517332430011313,0.7107085084040935,545,2.5610150713457824,0.42115006400242333,0.6052119447253034,12352.47889908257
12389,0.4572378301570943,0.826805698606865,545,2.579427166244192,0.2481351761285768,0.570432274720566,11956.119266055046
52514,-0.3611107936961164,0.8262752005002231,545,2.445699662100989,-0.35451966721594674,0.5596251222409012,11564.669724770642
109491,0.29415937629848665,0.6190958534997666,544,2.5517283716685917,0.11244952336642482,0.4116058147484345,10340.086397058823
109042,0.12596084688672216,1.0973357178220617,544,2.461626279452932,0.17959880746862128,0.8469602845248585,9908.816176470587
2113,-0.23800974134857222,0.8305697051416709,544,2.380377688105511,-0.43949977086718617,0.6468696596391086,10511.82536764706
127187,-0.3593332707603367,1.0463201764289025,544,2.4381857628974446,-0.504446993233318,0.8034347975091725,12751.235294117647
41787,0.23074025865142778,1.1289898735359132,544,2.597851938930876,0.2933287022681841,0.7510956258331543,10181.568014705883
110447,0.3051887880631927,0.5596759384235358,544,2.560292789002143,0.21586437742704748,0.3516600143080866,10936.985294117647
57775,0.1498579057102516,0.9506567412201643,544,2.5316400774800027,-0.030413472852200203,0.6585355087723549,11836.577205882353
52963,-0.37403915311327784,0.8291990665532011,544,2.418035778655138,-0.8124723626697019,1.0324298541971917,5965.38419117647
108850,-0.027531800172101217,1.1342725778909921,544,2.4680629394698754,-0.10159570719635222,0.6790766475418761,13500.204044117647
125644,-0.19113474134857222,1.0758929946029814,544,2.452776514707638,-0.21622394277678708,0.8563775474561223,12360.588235294117
119800,-0.4494068001721012,0.5603416595530034,544,2.465691363834131,-0.4834856431692669,0.5735343430613137,11587.69669117647
16693,0.49085055276907497,0.6060088640528153,544,2.515647797324635,0.20750170552542813,0.44414034060551205,11641.28125
81936,0.22706378806319272,0.9579997464746415,544,2.458796584954399,0.0718541707760157,0.6208232322726424,11392.454044117647
87846,-0.4916862119368073,0.9957916404676329,544,2.4706306046440187,-0.29684381020976297,0.6555204545396353,10003.963235294117
117718,0.07081378806319272,1.096150419699065,544,2.441472134288145,-0.2895155776655853,0.7975664754921699,6619.514705882353
88798,0.4090490821808399,0.6626165090513377,544,2.574602899498534,0.2395371314797632,0.46243088575781666,14116.286764705883
75843,-0.05418621193680728,0.8754786517547183,544,2.5586712312438586,-0.3052177874557722,0.6979508546579423,10309.75919117647
19560,0.38646553218625623,0.8821257707273975,543,2.3919401842864145,0.07382879812096356,0.6328919394731298,9528.675874769797
130831,0.695857797379626,0.9857740567622846,543,2.5296293502395177,0.5947922552176549,0.8885696110559271,13239.233885819522
28748,0.41224822095237057,0.9603646489298693,543,2.52753363850612,0.02530463507312299,0.6268634171213876,11662.75138121547
133309,0.26860181211259126,0.9219284628869683,543,2.5943376642246396,0.12519868774821272,0.6251475326629409,10286.068139963167
22483,0.4914379078768638,1.493413012911587,543,2.5613848049116625,0.26485997416580714,1.117562219499024,7610.141804788213
37074,-0.8354497532649408,1.5478055731841907,543,2.604446039940839,-0.9330341075362514,1.3493215466222634,11349.233885819522
34995,0.27688910493027086,0.8273647475175333,543,2.4907356625618498,0.05427526969111369,0.560166340875137,11836.510128913444
34485,0.182045642683494,0.9229487987942127,543,2.514293674938443,-0.05827554569507867,0.6202055247345086,16205.53591160221
77776,0.5043292522599212,1.081332323269965,543,2.4756857550606113,0.566782349527576,0.8463562207005786,11535.239410681399
90462,0.9159314622046728,0.8786290561054332,543,2.575340935499579,0.5970227173303916,0.7883134065847209,12639.331491712706
51859,0.7272672827451987,0.6439530806245936,542,2.499533928327514,0.2997282977455077,0.5300369630210536,9620.712177121772
15939,0.3748687587599586,1.1105071003265692,542,2.580887307631738,0.1178289905392195,0.7717883351919459,12729.867158671586
62502,0.6959019690920614,0.9426122823059381,542,2.551180727420208,0.3214456517566622,0.6840899778815868,12459.339483394833
137558,0.06490565912896207,0.9645216200349964,542,2.389220580246855,-0.29954186420591633,0.6773068129363848,11088.682656826568
113905,0.1608466185385562,1.1435211529473621,542,2.435485050854486,-0.3027156209553999,0.8571402967096245,8394.215867158671
96954,0.17468425691494005,0.9228520534652367,542,2.610501107295596,0.021983021714427557,0.6150240269881282,13316.522140221403
370,0.20881709824335326,1.3873351046010018,542,2.544218849972728,0.0232363756177171,1.0190632788035485,8980.841328413284
123638,0.3158281683540545,0.9881693035857397,542,2.4595413420600587,0.25314897045271234,0.7460895170446026,9452.424354243542
132667,0.6737617476898481,0.8779472729121918,542,2.4017732367389466,0.28026457267077676,0.6285868139377747,8837.09409594096
111333,0.6008835189075601,0.8946495523085367,542,2.4528231417001027,0.2741324004295649,0.7452653359830606,10469.374538745387
42414,0.9643521535939068,0.7414316286501126,542,2.4655011880757938,0.8362642161841876,1.0319963306750626,7543.153136531365
22695,-0.2670851191891721,0.9578980277033973,541,2.5924567453758125,-0.5836212762022818,0.7646924910398153,14630.68022181146
84626,-0.2559945461762334,0.9964646206772811,541,2.3435399613183945,-0.09900982881573855,0.58304644623987,6970.914972273567
126157,-0.051743159854606535,1.0766349783946978,541,2.442177960401641,-0.4854732236718745,0.7992826267175757,12951.81146025878
112308,0.00278549079234347,1.0713218658050356,541,2.4544457716556423,-0.007699709846716781,0.7836187383954032,11817.512014787431
39553,0.5277392800714562,0.8036423552303271,541,2.412957166988533,0.21708487056368497,0.6893124795011895,11618.301293900186
15299,0.27542874402709394,0.9380864360118698,541,2.4254731552408186,-0.05927864883835708,0.602813799079814,9291.841035120147
103329,0.09151007489585572,1.2335978023771415,541,2.5049324092475587,-0.05131724667335268,0.9076481495187384,12929.870609981515
13069,0.6719167292396633,0.5046083923495809,541,2.5552624575139586,0.36598455633083926,0.47466493324852904,10826.715341959334
53834,0.08504057397164111,0.7974691689180347,541,2.5884063062477973,-0.19396015528857197,0.552536492248776,14659.724584103513
44952,0.6386450102008463,0.6460723343536888,541,2.566544688732161,0.46703861649991524,0.6296816869237231,11406.931608133087
59868,-0.5840906644756787,0.8230397316929674,541,2.4689657765097808,-0.6193432751471456,0.7136774951039905,10717.404805914972
137838,-0.03787994358843294,0.9774665643935999,541,2.6601961677818218,-0.3419099613871954,0.6050150314822863,12689.988909426987
69988,0.25232338358347084,1.29797014641812,541,2.4608643579554608,-0.10199262050025176,0.9466061411112588,10777.042513863216
93690,-1.3142200544941631,1.1264053163986392,541,2.4912506049532617,-1.4154347330260924,1.5087993152698531,11197.96303142329
26572,-0.27447883453113153,1.1233592738097447,541,2.4906815064881678,-0.5454546178346417,0.9548641362179351,9563.780036968577
89564,-0.09887809515959756,0.8981241337793278,541,2.370218650172557,-0.16360156545355606,0.6518112484402484,10687.98336414048
52365,0.4538021266518628,0.9758780252548259,541,2.5353347390535066,0.29853725836492684,0.6691726129379578,11978.314232902034
91712,-0.08963595098214805,1.1289459979118297,541,2.5243533007638406,-0.07536766705699713,0.8128631464751417,11379.43438077634
134299,0.5533982107211446,1.134641586699815,540,2.5715578049410475,0.5743496284040069,1.057693041145414,11696.131481481481
43221,0.20432413664707072,1.0455159757763894,540,2.6088469139067043,0.12704073389070028,0.5293112682210025,11165.07962962963
87367,0.8830278403507745,0.832918882714539,540,2.561784564910454,0.9086143392029866,1.0347544051018918,11993.724074074074
73477,-0.6132684559455219,1.116648744383385,540,2.5709898140942764,-0.5698043680225382,0.9197024777224111,11807.690740740742
79516,0.5293241366470709,0.8932029152501958,540,2.460403226056094,0.17962101087614374,0.6794053307371802,10710.051851851851
43820,-0.285490678167744,1.1428736771290726,540,2.5595685617062327,-0.1923869373897509,0.7349744982373859,11290.551851851851
10821,0.20154635886929295,0.7360652622991382,540,2.585708103710307,0.2551000532231004,0.539279638988419,10277.725925925926
6597,-1.1891943818714479,1.0511795065441267,540,2.581153091801588,-1.2449344714753297,1.4251497974691394,8296.422222222222
106897,0.029324136647070898,1.1036458138006937,540,2.5753746465817486,-0.29036054220837093,0.7359026198285278,13861.542592592592
11263,0.1709908033137375,0.804382173446958,540,2.5738397092593717,-0.29934190581844955,0.6875841933277684,8792.02037037037
100506,-0.18363882631589235,0.9483246953924361,540,2.4611276093106675,-0.215894152668257,0.8063203140738628,12476.43888888889
28864,-0.4577129003899665,0.7030623788700568,540,2.467975412766068,-0.5006129203604784,0.6419703278588825,9402.888888888889
69148,0.39136117368410783,0.8014896072937417,540,2.5774863298306965,0.038141119985499634,0.5397443136925055,9035.087037037038
63236,0.3404352477581818,0.9254841934010964,540,2.5365262232712102,0.16379160361762138,0.709409176066224,9400.842592592593
8364,-0.16697215964922574,0.9650510030388522,540,2.584839577062259,-0.30989230954339864,0.6881584523813707,13592.592592592593
91411,-0.09660178927885532,0.6838513856480208,540,2.4323745622066855,-0.13162433957655723,0.5142848117564084,10861.718518518519
100020,-0.6317869744640405,0.9666926119109306,540,2.4842024932826177,-0.392812574572858,0.8223131171067479,9219.962962962964
38198,-0.3114166040936701,1.2276574673510754,540,2.4885928475347883,-0.6044761016461796,1.0570177197820452,11683.848148148149
128036,0.3765463588692928,0.5986044777875629,540,2.4516794732521876,0.05139917453584411,0.41305452666942405,14215.744444444445
77246,0.375620432943367,0.9959031036315694,540,2.551958287474612,0.08965289769308145,0.7162839863890961,12280.95925925926
101505,0.3404352477581818,1.02805255203671,540,2.5402478424905315,0.34158400332387584,0.8151763757384681,11467.331481481482
22934,0.045990803313737505,0.9938932620735718,540,2.5178377876416174,-0.20992207586368308,0.6582864809288813,12953.716666666667
106647,-0.4540091966862625,1.0045693721417834,540,2.5049534474382993,-0.273388934985869,0.6777261621817052,8868.477777777778
105410,-0.044749937427003506,0.7267101256202741,540,2.5216511468158127,-0.21894393569815662,0.43371519464139596,14006.446296296297
17011,0.3052500625729966,1.0857484615263635,540,2.491900377456844,0.3712245412295422,0.8188888886513632,8952.43148148148
18255,0.5811759884989227,1.067789233564707,540,2.5658415833109527,0.4778614131711002,0.7314664482886273,12774.475925925926
8498,0.15710191442484867,1.1580816149422777,540,2.4205957979800976,0.060568106302844135,0.8167760738932011,9912.246296296296
51745,-0.08826845594552202,0.9531648108996904,540,2.617903805105748,-0.35667624160270145,0.6042033588627435,12202.827777777778
55328,-0.20215734483441095,1.1102800437632472,540,2.482142565476516,-0.1770867097280494,0.7287373507866658,11355.68148148148
109433,-0.6058610485381144,1.4391384078099092,540,2.458059982917439,-0.5384653821979951,1.0742594408351192,9524.590740740741
87694,0.7793241366470709,0.56452053370019,540,2.377803104145671,0.7488755977427806,0.8330885759888231,9922.27962962963
16977,-0.06512030779737366,0.7318100406156888,540,2.4751204919814724,-0.19413018642785204,0.42965453035815176,9051.903703703703
74345,0.032770161521666896,0.7098143736363229,539,2.5754915007042807,-0.307277237464622,0.5102330996861115,12197.21706864564
13195,0.2739575455661938,1.055070739803225,539,2.5332256315779196,0.12366806887217388,0.7066737679564818,11293.65491651206
122162,0.4928814787758413,0.9236394579041508,539,2.559951733783451,0.1595125266075204,0.6028399045470889,12839.508348794063
92366,0.0021579166237080116,0.8261716571923958,539,2.441847570242958,-0.0775766352739839,0.5900340327766194,11287.495361781075
88400,0.13017275892426428,0.8402189932581804,539,2.5147683717074982,0.33233566134389037,0.6764311240217675,10005.82374768089
60823,0.18026552330274326,0.9932040735156954,539,2.3981454162542386,-0.03989897141890688,0.5449322237547845,11280.495361781075
39450,-0.41528178653028114,0.9310841002735358,539,2.3805402935809745,-0.4496192353273522,0.6503636798073454,11456.467532467532
13952,-0.15368623922044788,1.0826501621814268,539,2.5381740349783235,-0.07812669828088054,0.7513360807330388,8994.016697588126
65033,0.26931932664226066,1.0451128642172327,539,2.3804290948197595,-0.06975754328454715,0.6928839672981845,10831.974025974027
138406,0.44000578304300264,0.6830544940696942,539,2.5932733540049187,0.11891264584523306,0.41556818271837137,11717.34508348794
136940,0.5930670075327988,0.8269382849938578,539,2.3806311573311736,0.3751905693518068,0.5726746807647567,10000.955473098331
47616,-0.060425278195280985,0.8859100351887347,538,2.492452781798621,-0.020537451463692066,0.6449861298604915,9856.64869888476
32022,0.059463197641150156,0.7766932740604524,538,2.6132274230035155,-0.11888782363196464,0.5913521567794524,9647.947955390335
28963,0.23790185935118746,1.0247473485060077,538,2.5619782164917413,0.006981576035979926,0.692086803967139,14142.57063197026
137417,0.021359108421819428,0.810550578119847,538,2.5969886684363117,-0.10624201818949289,0.5677424363927834,14099.92936802974
108758,-0.44797174659676786,1.287034031539161,538,2.4989706654834176,-0.4013031663350788,0.8298159517187361,12158.488847583643
133825,0.2657829002433809,0.7031582893074723,538,2.4768134090326566,-0.0904975785556226,0.4921423724693879,10680.026022304834
125701,-0.08180074287929573,1.4066995625654097,538,2.560158913690329,-0.2191451830412323,1.0619233690107608,10148.53903345725
131204,0.10500223109839935,0.864239989760451,538,2.5295192397877537,-0.05874830064564755,0.6255762245819247,11376.53717472119
130456,-0.4284550179722326,0.6769412057167998,538,2.3328099809444947,-0.36802995158305857,0.5465562844599001,2931.0260223048326
2161,0.7546304838865034,0.622467663737573,538,2.484918254374819,0.6553956762864189,0.7596364065336024,13231.763940520446
32185,0.35686096715787885,1.1630148072788993,538,2.6068143262448222,0.015897565481849205,0.8342002178934977,12883.102230483271
2732,0.06411003778984936,0.9515714846026857,538,2.2882895885689662,-0.11550935248152551,0.7173884878753983,9365.574349442379
2171,0.3689427515444961,0.9017004850196694,538,2.425008114526675,0.07807008888440713,0.6082476723858343,11582.559479553904
8807,0.4925486994998862,0.9294889418275634,538,2.4644618557485516,0.4596410963010756,0.8915226925800077,8990.64126394052
48068,0.8553431724426424,0.606529298403499,537,2.526690169954284,0.5378954687191696,0.6930358095084155,15623.536312849163
48299,-0.28339053333016917,1.0013306206028347,537,2.405210516488188,0.09305391600327646,0.8351106385793298,3771.9199255121043
71357,0.31065043501247525,0.7461522429281617,537,2.57860934243048,-0.07452402140794717,0.50686639056952,11370.808193668528
18145,0.3665163568001848,1.1217110621457556,537,2.5473755044793753,0.13593419752735947,0.7407663372891112,14115.191806331472
88803,-0.5375804774642474,1.229064657898201,537,2.5770564808499836,-0.504572029510122,0.9710715787112335,12093.670391061452
86633,-0.3662583173152716,0.6571470046492242,537,2.5491080987539894,-0.5866302907104143,0.634339749947911,12247.13966480447
33205,0.10394652439795005,0.8780799604939402,537,2.54043345222474,0.08018101301323483,0.5776200778956934,13061.33147113594
16128,-0.1474501236467427,1.2417478238669568,537,2.51405954585002,-0.1507031000443984,0.7577135377049256,10937.00744878957
94067,-0.013371911356240052,0.5242510298296412,537,2.6055240278791456,-0.3068721176436939,0.3660893579299065,11423.067039106145
127948,0.059253786967782496,0.9182375761505074,537,2.5704037181918027,-0.18162245459701284,0.5893113582336749,10843.728119180632
20622,-0.21728252588137975,1.3876839367657368,537,2.5307214496430834,-0.3827596563439016,0.8880125456989626,11909.474860335196
57995,0.3174391172993647,0.6810509384812924,536,2.484699240356973,0.24744313023025724,0.5269035626143592,12198.910447761195
133700,-0.2655832707603367,0.8539695654363735,536,2.5937354111938715,-0.47137473448832945,0.6251998158161362,12391.212686567163
127901,0.6066182217769769,0.5859963194659799,536,2.500264758251535,0.6089974311049969,0.6528738552935539,11729.555970149253
34191,0.30904359491130506,0.7577280050713517,536,2.5123424115857893,0.11462565087300142,0.6081430596993375,12114.77052238806
11712,-0.13125491255138133,1.1835986692018392,536,2.4580608758975555,-0.2492198497393439,0.7262570251294677,11167.123134328358
15043,-0.12192655434242639,1.0699547399247855,536,2.4352118899302244,-0.4566532072929124,0.8413222443636649,13067.233208955224
64577,0.9694913561053347,0.5028644064187194,536,2.488147693969256,0.6005919619034247,0.6764499988144759,13384.675373134329
24846,-0.27118028568570995,0.6361602968441149,536,2.5445200496837983,-0.34804534227195827,0.45452444591071245,11783.671641791045
13155,-0.03983700210362029,0.7352486406226489,536,2.5034191680642266,-0.19279501176323527,0.44918888164513343,14712.949626865671
112215,0.5012077740157825,0.9668622828578595,536,2.4739673370167083,0.5272471230457991,0.8841218437279671,12564.684701492537
37859,-0.14804595732750103,0.9291503497480271,536,2.4531957341207704,-0.12570458403514825,0.5740335034131734,12004.641791044776
25383,-1.0734190916558592,0.5911944815802271,536,2.5592571741195584,-1.1769989438556556,1.1785955719237882,9356.32276119403
16041,0.512401803866529,0.8198603412875076,536,2.550606570713677,0.37427739257434767,0.6501080978923265,13410.763059701492
137949,0.37154359491130506,0.9921560826232093,536,2.2593351865488476,0.1899796739013641,0.7094639591015515,10409.733208955224
8218,0.6429988187919022,0.59953529104743,536,2.5161756203661785,0.27902485029711416,0.43826090859547856,13613.805970149253
95708,0.008670460582946848,0.4031788441372921,536,2.5263511748811376,-0.2534851550328389,0.38612202001268225,8732.266791044776
135505,0.9629615053590661,0.4526082561171087,536,2.5343547036172245,0.5758050899220248,0.6237399415803172,10256.009328358208
93662,0.6233185983985416,0.8521139702812989,535,2.567402258670234,0.24917886613318121,0.7509487429722085,12989.857943925233
134038,-0.005653364218280554,1.0862873937064943,535,2.614215524095996,-0.2696640175613443,0.6955618083944353,9528.897196261682
17488,-0.20378420533977604,0.9637474766669412,535,2.5425740374015176,-0.5102264063136195,0.7250251326581499,13024.58878504673
81493,-0.017802896928560852,0.7843189965087576,535,2.5431631568289683,-0.2187291287427397,0.5434988245721957,10848.394392523365
20127,0.5239766543332962,1.0016990576169889,534,2.5628196887121923,0.22540731764939537,0.8084875472274062,15640.312734082398
87718,-0.42546154791389457,1.0004092310754842,534,2.603657671173913,-0.845126103954139,0.9896732076618447,16589.1797752809
49645,0.39850848953928875,0.6945005048425373,534,2.621042848799184,0.09702664807683635,0.4710967838156378,10302.016853932584
54075,0.17191672923966328,0.8086075400626406,534,2.540553056218256,-0.01343090146135377,0.5699296066532323,13259.031835205993
12977,0.4116171037714986,1.0661237252241353,534,2.504670049280845,0.1700448199204275,0.7402822777719815,8241.5
135388,0.22538764856424098,0.9555202484046962,533,2.439370003794153,0.1331063193048465,0.5476866158824396,11190.322701688556
52221,0.023699093217149247,0.5367873081581419,533,2.417358517956996,0.18105379988076722,0.45093155292352965,9113.634146341463
129501,-0.5644810193532073,1.0298312545884651,533,2.456470953718159,-0.5691648191336502,0.7894560297890796,11906.071294559099
91994,-0.010072013724689466,1.3248968550663751,533,2.476439243174456,-0.17569018895216046,0.8403388477663984,12312.51407129456
128739,0.6381456222978246,0.6644746357043656,533,2.512736754817563,0.41088769539168296,0.5831146453862022,12662.986866791745
81293,0.19067845531846261,0.9658768102960605,533,2.5828883887196974,-0.010514273231355753,0.7060035395476644,13555.215759849907
59920,0.3961193558813143,0.8208488478676932,533,2.4618632388018646,0.2256597444945798,0.5475618089806469,10830.307692307691
42956,0.13908370860176467,1.114392701988816,533,2.543616324778346,-0.02997178823290785,0.7554035745429174,10578.003752345216
105406,0.24790171985880027,0.649135642590254,533,2.590928602615958,0.04684456245486894,0.4363030838512807,10730.465290806755
46391,0.553717854943228,0.8082672812681803,533,2.551681891538349,0.27437813156285135,0.6180583985057141,14097.615384615385
97437,-0.1639181675708432,0.5782485115508297,533,2.5524832142849503,-0.3552273210846034,0.48274782394926663,14733.11444652908
116501,-0.017576704156208933,1.023098973621428,533,2.597225769348965,-0.06609046693609612,0.7072542154303041,10464.191369606004
72482,0.281672826800639,0.9526666849324745,533,2.3684067074428214,0.05646566042573833,0.6872259989893508,8501.49530956848
70446,0.2310161663878807,1.077267121293499,533,2.4426998628530816,0.00741188508882565,0.6901288941323168,12066.200750469043
3515,0.701935490965742,1.0089074152664694,533,2.338457411165074,0.2787634651191952,0.7947485734824808,8480.163227016885
35538,0.32201053787005707,0.47393032566972804,533,2.5184723325649054,0.16663963620911929,0.37876958157593743,13991.393996247654
34452,0.10437451535598585,1.1239602382226948,533,2.497416501703519,-0.16808442044445804,0.8127084967476904,8516.519699812383
31636,0.12398439841259545,1.0995870869970243,532,2.4907089628416275,-0.13365143215426115,0.7646075166473791,8328.520676691729
8197,-0.17770733091071245,0.9327378294049568,532,2.492178808937219,-0.1759813172622099,0.5452049562222572,13771.182330827067
119214,-0.37413590233928407,0.9036666369971215,532,2.5751547817395393,-0.42073046820592336,0.7551749956609725,11689.32142857143
86094,-0.04988778203853217,0.6477936880498,532,2.5829380598036673,-0.25726387706248516,0.39565140029457097,13890.21052631579
78884,0.2207889096907909,0.878418073194655,532,2.614431052198355,0.21940303795063193,0.649851470584148,12789.832706766918
3660,-0.3459404136174795,1.0411318239518494,532,2.6198101014592114,-0.6504642829638827,0.8258858727695404,11301.343984962406
135550,0.2433453006682349,0.8081339252970603,532,2.4278196749669045,-0.10466684635746953,0.5911331817834267,5924.099624060151
17444,0.31289417284868604,0.9342073104644809,532,2.5615105788540817,0.12176617046704347,0.7313429862904922,11420.481203007519
136426,0.44165357134492655,1.1383097483373668,532,2.5046364689593,0.20285560173695397,0.804457894784474,13090.342105263158
102279,-0.01699304519642686,0.9228880482807539,532,2.491107662183958,0.024405814219853637,0.6537190515218434,12185.293233082706
50021,0.31947312021710683,0.8478029913065332,532,2.516021858830717,0.08220745719775002,0.5701406626601739,13147.20112781955
52898,0.24146560142011442,1.010702326832132,532,2.5409492138627106,0.3588815900918263,0.798335247205265,11292.19172932331
136679,0.35236785705921214,0.9700570699127011,532,2.301048352256399,0.2118614596841873,0.7116539765406832,5626.860902255639
6988,-0.18052687978289317,0.9887948716151073,532,2.5697067404122262,-0.48526302082786044,0.810372333783038,11711.939849624061
9454,0.5290595863825205,1.021098386798878,532,2.6435764597127602,0.3856026131053203,0.7537465655866746,10306.847744360903
50898,0.09108966157049014,0.7996284872889664,532,2.5337856266677465,-0.0860765539372275,0.3597461675365006,13059.156015037594
87586,0.5798114660817686,0.9362815040425456,532,2.3637594634519434,0.28499251873042797,0.7212088647793957,11314.287593984962
91,0.09766860893891138,0.8093348961350434,532,2.6377122875317465,-0.13778149977182388,0.5083221036932712,14353.078947368422
79520,0.15875883450282124,0.8111834774919987,532,2.4726668361555424,-0.13005395826507232,0.5347128477780508,11252.565789473685
100713,0.7818791352547012,1.0157119711694222,532,2.5014889398430795,0.3332676209224836,0.8992837456759191,8085.1146616541355
83555,-0.07056447376785568,1.1318201303898119,532,2.453342611860285,-0.27533294807424247,0.8655739635704763,8967.28007518797
98401,0.5290595863825205,0.9196974622747466,532,2.6147626157034454,0.3087399563593733,0.6442118333812142,11511.693609022557
40469,-0.022632142940787858,0.844963133094423,532,2.504993887285639,-0.22930808919822723,0.5550233798611586,14286.300751879699
104990,0.11646560142011442,0.8371260491043869,532,2.449963319798717,-0.16076595841114044,0.5382133214249107,10261.274436090225
44843,-0.5357900376776299,1.3057156707763011,532,2.593961032967575,-0.5165610605596735,0.8592227422880803,13005.904135338345
95949,-0.09969981211372003,0.8840514187890701,532,2.5448563325605167,-0.2773730354337921,0.6170634092038774,10728.864661654135
33209,-0.10533890985808103,1.3604964705540348,532,2.5614177949333525,-0.3464130675004066,1.0803717769411767,8797.973684210527
66741,0.3768039472847762,0.973439446689497,532,2.497071349785511,0.06555805283520096,0.6559583993666249,14500.11090225564
79877,-0.07056447376785568,1.1479285567479451,532,2.490138502698,-0.17532429430983515,0.7138261454711778,10667.404135338345
71683,0.3862024435253777,0.9232010843422742,532,2.5462859303230956,0.38287237024791637,0.7586614908696131,11883.251879699248
59538,-0.9765795113618405,0.8462488370141485,532,2.500033500906346,-0.9069008362613322,0.9456056691604837,10969.114661654135
111249,0.5815212490136745,0.6341849872216061,531,2.536984093049888,0.14640666213378162,0.4761276999443793,8821.947269303202
51834,0.00901654091574633,0.8951221416708439,531,2.5512938178202353,0.0014307830709524196,0.5887923800174762,12113.414312617702
45493,0.169091870482601,0.7153911223567943,531,2.590154975591996,-0.07701364858917116,0.4310306008167559,11436.915254237289
80476,0.19263236012478568,1.2183906242750113,531,2.501904372030246,0.16660445598688717,0.9624810847402833,12588.887005649718
87537,-0.019232046654875212,1.0585219307241447,531,2.493869969708066,-0.0893772320423471,0.700701484363585,13400.207156308852
123300,0.5269073130438064,0.9652786037875466,531,2.5804578354867513,0.431467066665079,0.7976268022364184,12154.190207156309
11717,0.19828207763890981,1.022050182575524,531,2.479156262383385,0.2083416646830173,0.7441435305014672,11904.08286252354
44996,-0.11339400522361354,1.038436255189552,531,2.5169799329648965,-0.467027988480978,0.8097953119401586,11095.905838041432
131100,-0.13505125569442322,0.8444761896123288,531,2.5359393590924677,-0.3271911362675995,0.5645205096308169,14643.254237288136
52619,0.7302971435522809,0.7594563685733504,531,2.410591709453228,0.49261604083281274,0.7025197687825113,8765.378531073446
50003,0.400730288561697,0.9012037573956845,531,2.373583054982113,0.0866551142059727,0.6887969994665145,10299.700564971752
15177,-1.011699089969376,1.1267313366356806,531,2.500219306930149,-0.9906425930087261,1.2601767915152957,8659.180790960452
64072,0.553272661443053,1.1860235001400916,531,2.3497868161205457,0.4160484892909325,0.8878352775001462,9422.90395480226
23289,-0.48468704434524224,0.7104431466598975,530,2.4821786772021195,-0.34065992764796277,0.6086934339080128,8112.566037735849
132789,-0.5469511952886386,1.3528037962201014,530,2.598812450013892,-0.7484861170980547,1.1813019329680055,7931.969811320755
21860,0.08606767263588955,1.0167257837431047,530,2.605479103046817,-0.03380962993963546,0.6207248372705337,12848.235849056604
122178,0.003992200937776413,1.037623718435899,530,2.4993524934891305,-0.08836448410382712,0.6386887205625651,11833.641509433963
113256,0.04267144622079533,1.298098579006586,530,2.545775912699768,-0.36362932445484325,0.945488354616908,14971.47358490566
23030,0.9964450311264561,0.6058647401181819,530,2.4501449183932804,0.5882331710844155,0.6588117235376489,12323.479245283019
79768,-0.2658191198169404,1.2768442927239618,530,2.5614960009695107,-0.4943889423255424,1.0408395182592534,12963.645283018868
77058,0.7417280499943799,0.6321819584621639,530,2.5643959033925667,0.4905113666979551,0.6252352813257758,9790.581132075471
93814,0.670029936786833,1.0371165797605717,530,2.5817117849197753,0.4631652852192975,0.7876188339333304,7523.207547169812
96024,0.06814314433400304,0.9690800626991365,530,2.5461048357326104,-0.28081033514100906,0.7283740841932477,11491.458490566038
135595,0.3888978613151348,1.1947009416201104,530,2.565533017718379,0.23734070932119775,1.0150614014538148,11690.76037735849
75368,0.4285205028245689,1.0935468789884044,530,2.5330270990117807,0.7828640500916307,1.122387130081235,7117.1283018867925
82518,0.4809904532472249,1.0277553930598309,529,2.374573898416259,0.4464489677573426,0.7841230121736967,12413.620037807183
5922,0.32125510353077846,0.549107865347045,529,2.475896442877335,0.04389050187478428,0.3152543370342751,7162.964083175803
63932,0.401595368181062,1.1217073409105818,529,2.522272384648339,0.28244302725181974,0.7610934727378588,12152.945179584121
100938,0.4460188086347485,0.8942738700820778,529,2.4728372246670633,0.3530827133662883,0.6727742637078916,12264.34404536862
91400,0.08968610542113797,1.0207811995319966,529,2.5001292433035514,0.022780213554449577,0.7767958743646822,12661.164461247638
100286,0.18609442300147805,0.7501813761704595,529,2.3171326809267185,0.2851317393237769,0.6680563315924141,11300.971644612477
92259,-0.05776190970173545,1.1512871957672148,529,2.513046537660176,-0.15832327285997855,0.7640317939541308,10713.705103969754
66115,-1.7855501894748924,1.4520707560024912,529,2.553841764694911,-1.7735896246162834,1.9980200433027429,7960.913043478261
6232,0.2446955572169789,0.8410041066663613,529,2.5566681542290217,-0.013671581614018956,0.5085505881514697,15474.035916824196
122818,0.05565964039278226,0.9460846239096835,529,2.4654838266047765,0.16460952126530035,0.7433747447268072,9357.47258979206
99079,-0.23545567151648017,1.4064658909276473,529,2.4631385072222223,-0.3938334976259013,1.1418040108451077,10416.8809073724
74098,0.20688837385213965,0.9124590324704303,529,2.4569356696755547,-0.05482761156913755,0.628244838375169,10679.875236294896
717,0.22106606761395442,1.0541423675504664,529,2.4965343017643757,-0.16618232419010878,0.7708143009833697,12648.61247637051
67881,-0.10313052973954262,0.6414215743330859,529,2.612609201997257,-0.20883317449361102,0.4764737257555006,10860.633270321361
105217,-0.32430255242385275,1.0840549215960433,529,2.447767361885131,-0.12284710811016888,0.7668378889761714,10338.045368620038
28756,-0.35454829911572405,1.201032927918765,529,2.489090060089695,-0.33548047508277845,0.8716542640464089,10877.831758034026
52057,-0.06671963439670048,0.8054979698746237,528,2.4513557552135996,-0.11957439916581512,0.5808377291638546,12327.625
32372,0.6965379413608752,0.7388384188634621,528,2.522314670414705,0.5643674811929943,0.7291875577041468,13470.172348484848
55887,0.1510833959063298,1.0560845961649092,528,2.502908385588312,-0.03715651563245379,0.6385281033409471,9893.35606060606
13787,-0.19740145257851838,0.8429672838504642,528,2.549009696108944,-0.5567998194871568,0.7221025950425563,10931.272727272728
50334,-0.20497721015427617,1.1925592415922288,528,2.455148428003443,-0.37659508599283165,0.9300666040167229,12107.566287878788
72827,0.622674304997239,1.094855745022737,528,2.542145997686708,0.3723723805693153,0.8288517629208147,16396.657196969696
84220,0.23062885045178438,0.9839122662659436,528,2.5335311648364893,0.19024931851402516,0.7963143245643537,8447.263257575758
41669,-0.04683327076033672,0.777999642688074,528,2.417103313404802,-0.3440999588145007,0.6036579122171969,9768.873106060606
62349,-0.31198478591185186,0.8068882328199827,528,2.474512574700108,-0.3411888589560126,0.6143537498240824,12669.435606060606
113116,0.2524091534820876,1.0092824136260536,528,2.5970752487393702,-0.0009492483736935535,0.7027797247982911,13034.621212121212
7835,-0.3280832707603367,0.9706313600907664,528,2.5233750462578457,-0.4590029119078282,0.667971150731007,12280.142045454546
46340,0.04028794136087521,0.7065722898893747,528,2.539327206868349,-0.054947448593288116,0.46371615150274176,13747.507575757576
17818,0.5099849110578449,0.6947960938582708,528,2.4961007429130966,0.39663604501856947,0.5903284810000592,11933.755681818182
112320,0.704113698936633,0.9961526097192044,528,2.496694608590652,0.8222610829001643,1.1633535065515708,9926.952651515152
46663,-0.7996741798512459,1.1830346143459738,528,2.4579705143744643,-0.7477615174838689,1.2147560823387953,8227.823863636364
132331,-0.6159620586391248,1.448183069089861,528,2.5941459154726734,-0.8275588603175406,1.078902700907677,14171.316287878788
8488,0.1198333959063298,0.7958832744760787,528,2.505439353599345,0.007524840337611726,0.46827582654859407,10456.145833333334
76107,0.2940758201487541,0.9636374977209909,528,2.5918425106307237,0.12682477174421022,0.7466653435625452,10555.94696969697
36098,0.5118788504517844,1.1056408749196214,528,2.3770110077296516,0.30670036676931994,0.8904485136527812,11308.130681818182
40261,0.11225763833057245,1.0871604803918917,528,2.5458336247130267,-0.07342505863530896,0.7356944473250896,14217.255681818182
85987,0.18043945651239035,0.742721350962183,528,2.525551972564641,-0.08510700794953836,0.5248379011408246,12193.86553030303
85986,0.06206824439117842,0.8837869052478898,528,2.5322770017720897,-0.016383711138662535,0.44854253295625224,10696.75946969697
57287,-0.108386301063367,0.8474934036844844,528,2.5258744962272415,-0.18048809417739767,0.6035461365608712,12367.29356060606
124933,0.1766515777245119,0.8204434433845916,528,2.5479903654568,-0.04676273445765924,0.5329646397271417,12617.420454545454
95895,-0.6140681192451853,1.2265379053117689,528,2.5132634745166853,-0.6278504354365819,0.9785257368347102,9583.875
82658,1.0893740347425092,0.7585499885642999,527,2.3183203532657695,0.7720573524902818,0.9518958813403502,7600.6717267552185
66499,-0.11650831819866703,1.1083500846961478,527,2.552738174314424,-0.13867798840783385,0.6223631655185577,11578.620493358634
107317,-0.3053128722783631,0.8863420311777788,527,2.552275380885511,-0.6007406463431557,0.7190775836023834,13946.089184060722
66967,0.07798883550152302,0.9053081416251062,527,2.4069992024473073,-0.20481809263195835,0.6826145457481978,12436.106261859582
67252,-0.4324475971360484,0.9545368574660146,527,2.3755914582501068,-0.48016277509501964,0.7687269290541401,12461.540796963947
111881,0.047628304192224746,0.8567658572465019,527,2.5475876329286,-0.1585886607192944,0.5258264622911679,14581.483870967742
36313,-0.4058821322404125,0.9979163145641151,527,2.4189436241323734,-0.5003661985156639,0.7346717631207538,11840.53320683112
88536,-0.5330168570980978,1.1584268642272377,527,2.4380466706265596,-0.641736981029596,1.0327733700627204,10102.307400379506
137893,0.08747650153567843,0.6733554955011661,527,2.5550295192554575,-0.014558532545212492,0.43252707144467484,10702.356736242884
21672,-0.2037948457128982,0.713275937516941,527,2.610362045854467,-0.2408610478439371,0.5346174403847498,9141.320683111955
38200,-0.23587794756642033,0.8232086373570366,526,2.5166239880894676,-0.37697206319599524,0.609594843447477,9703.041825095057
1729,0.05024372543738176,1.5078922076901495,526,2.544900656746105,-0.18807905188739885,1.0327290223300492,12113.393536121674
110048,-0.49823536201508967,1.3241503207952963,526,2.514671035074163,-0.516528127084481,1.0799967182462002,10587.56463878327
134782,0.5920688204944162,0.9223638243357322,526,2.5326908236588985,0.3011364819400852,0.7109312307577632,12387.617870722434
90725,0.04834258475297126,1.0469617545280752,526,2.517667706521624,-0.24385733800399187,0.6598847817632849,12469.743346007604
3257,0.17571901060848472,0.9365513185413019,526,2.5681123045408256,-0.22112423022119065,0.7547365025921219,10473.355513307984
130809,-0.08473726315577412,1.335844096283136,526,2.477010035983046,-0.026796351210539898,0.8699121025965713,9209.480988593155
36221,-0.23968022893524177,0.78998403667432,526,2.517050546221012,-0.4559584632583427,0.641588182776573,12024.988593155893
79960,0.43997756574156455,0.8414312320068896,526,2.5544613751794714,0.3546902853196079,0.593743335082171,12289.701520912547
41208,-0.23777908825083083,0.7184116757599278,526,2.5074850016016637,-0.3564436456239456,0.49374397916753027,7489.566539923954
27102,-0.4383494304561544,0.9691474532634022,526,2.505412790541049,-0.43751733042539326,0.7182567806234956,11734.551330798478
36082,0.14149847828909312,1.2247552198469942,526,2.5119354483651755,0.001371072768953533,0.8019558463473269,13000.37072243346
108393,-0.05622015288961446,1.2087959961363262,526,2.5254535360211876,-0.43297533262789206,0.875351535751956,12874.45627376426
121729,0.016678634001567882,0.9705571069146963,525,2.6099041954047197,-0.05769700295775477,0.5139322478154507,10639.940952380952
52739,0.2757262530491871,1.0278492153283516,525,2.484932424744066,0.20044734668738365,0.6695162886330895,13123.727619047619
137683,0.17477387209680595,0.580776188786426,525,2.590382196770235,-0.08672540446629018,0.4353929581855617,14101.489523809523
15030,0.1490595863825206,0.936663840126338,525,2.654169112537235,-0.09408935603775007,0.5644899601475571,10387.28761904762
81833,-0.0928451755222417,0.8618262333911922,525,2.4950101122601387,-0.44173244104705883,0.6163322239429029,10348.855238095239
66719,-0.36427374695081305,1.172451256292732,525,2.563836753854961,-0.46196116941715465,0.810810906320177,12481.521904761905
109156,-0.3661785088555747,1.1654521902275912,525,2.5975595830602076,-0.6545704640753967,0.9045658974457503,16871.93904761905
69212,-0.07951184218890806,0.808248776714186,525,2.5124145902151582,-0.219723347974278,0.5723818279279159,13845.04380952381
120674,-0.2566546993317651,0.8873274787391786,525,2.5611207387522046,-0.5301561849786464,0.6811693693003859,11680.601904761905
84806,-0.9090356517127178,1.1229812453906307,525,2.5951853320745197,-1.2663989493537964,1.41817369340953,13010.049523809525
94025,0.035726253049187306,0.946581213728613,525,2.3936129838821962,-0.1263304338694041,0.6770244507198617,11618.281904761905
58,0.8290595863825208,0.8805421151630352,525,2.5053286662724323,0.5594418951020773,0.8056817073172975,13496.247619047619
8310,-0.4740756371725503,0.7492272423935715,524,2.3919022086604436,-0.6181318210274565,0.68696710610844,12946.753816793893
47154,-0.4311367058748403,1.0085059984728268,524,2.5208172673653895,-0.7616209386457906,0.8550538855123428,9932.253816793893
92200,-0.3500298356458331,1.1165345308211032,524,2.521806163231593,-0.6077969371488844,0.8705031016016285,13527.395038167939
107823,-0.7803733470962144,0.9988590545791322,524,2.4977164015127173,-0.9939744934363095,1.1151666985387834,12178.568702290077
631,0.08413046969767857,0.652926683800616,524,2.6158523525120945,-0.10105619171448452,0.4449507742756514,9325.08396946565
51816,0.3226800880182892,1.369630796056962,524,2.481281170840237,0.04603652581323305,0.9363316161179132,10619.230916030534
2072,0.0011152025221061734,0.730990139372617,524,2.462865593359652,0.02350469508355268,0.427781850512338,10106.589694656488
21806,-0.053274110454993195,1.3222810993759198,524,2.5896433618095833,-0.029704624418135442,1.019480436951912,11280.530534351145
135181,0.44958848496485393,1.1658368018102003,524,2.6414944339400037,0.26454509670730714,0.6733309320188046,10847.047709923665
108910,0.17573352313279322,0.8864740631572388,524,2.572349051288524,0.20340020309183596,0.7542814958279253,11139.37213740458
86169,-0.17159472114201613,1.1328300395603064,524,2.587447873463513,-0.17895914043650407,0.8419690665730314,9916.713740458015
42470,0.04691672923966328,1.0010152590031636,524,2.426719162693376,-0.04536183759811932,0.6634516647622438,12195.146946564886
2374,-0.45594586618018385,1.0146472284948573,524,2.329512797909436,-0.43989532793172315,0.7516253142176288,9545.297709923665
9838,-0.19354128602751208,0.709488801610416,524,2.5329105347617755,-0.3562655314035596,0.5496146756143128,10192.131679389313
54188,-0.3662512096916344,1.119304483255516,524,2.4783533963490245,-0.388595313701095,0.9581117826190172,11586.18320610687
111932,0.509702988781648,0.9987677226402015,524,2.490555731403964,0.1822134863680259,0.7325638953843193,9735.080152671755
79317,-0.20117487381377197,0.737950486717868,524,2.549886778622507,-0.2188223218510468,0.45852595037597504,9236.393129770993
64778,-0.38724357610384796,0.9058615481546533,524,2.344498737767324,-0.4879111559196965,0.7163880528816423,9454.152671755724
131031,-0.07235807992064203,1.288078017739941,524,2.4011977906537396,-0.005533324960981205,0.8996627080229658,10716.330152671755
135370,-0.4693046448061384,1.056301873896179,524,2.4432936436336763,-0.45539890657290155,0.7634116258292813,10248.0
82803,0.456267874277831,1.0339658742157127,524,2.4877119865484496,0.23630923800898498,0.6630652786257304,14102.519083969466
82807,-0.2822817440427796,1.1376578228578706,524,2.590204128584261,-0.4446609924861524,0.8145718413449757,11917.982824427481
27460,0.14138237809462506,1.179016223396393,524,2.566750745360563,-0.037364747978589324,0.6746653146216031,9346.87213740458
130721,0.24348161473584629,0.8713260117352023,524,2.547936761626685,0.10097853711125897,0.5778693569883737,13243.192748091604
66325,-0.1630069348824743,1.4155452820042609,524,2.588440105272144,-0.1840500637176763,1.0450725618297263,10274.332061068702
137807,0.4896648208427168,0.8460287872687101,524,2.5575606715241284,0.1405051147195966,0.5508892908817636,12852.818702290077
80378,0.8398556605373728,0.8969049970322065,524,2.5561606209044228,0.43945072863757323,0.7763250004464908,13528.711832061068
17569,0.24634421015569385,1.0422227022469424,524,2.462395224373608,-0.02117971138984445,0.7027668044638344,11134.314885496184
40278,-0.49793059900461145,1.1275140490289541,524,2.625826588603235,-0.4014863872989932,0.740908669204282,10408.948473282442
105333,-0.32140388144735965,1.5405460915860214,524,2.5770041421603382,-0.6829351443894699,1.2860305536246233,11480.267175572519
64313,-0.31663288908094733,1.051204624214173,524,2.585262254026176,-0.7084864295409589,0.9180510481831328,7672.062977099236
119778,0.23966482084271679,0.7709408504739065,524,2.5725736871222997,0.26802358736607734,0.7050282353109165,11356.885496183206
103109,0.19863428649157155,0.9261713726246107,524,2.438984841136432,0.3922514898854238,0.6549289926391494,10910.223282442748
125137,-1.2334369992498204,1.0613959303655762,523,2.5009967796089705,-1.2859176064331541,1.3596388737742282,13411.933078393882
37413,0.45203145199300954,1.0035503957326526,523,2.413527054629831,0.4310367291559385,0.770621158034234,10149.673040152964
48082,-0.20284426502419883,1.0685748423599908,523,2.498972643858232,-0.30805006559208914,0.6401430702453652,11968.378585086042
107904,-0.04318843328423716,1.3315725940446679,523,2.422115098808028,-0.0992583393143679,0.8806849118154797,12924.973231357553
79332,0.8038478955876553,0.630326725352388,523,2.3417080411777387,0.5575632023248746,0.6751086995169855,10591.663479923518
127876,0.33922074453603024,1.0413950438151207,523,2.3764475935862497,-0.07246809556781489,0.7903289748726554,10533.950286806883
4598,0.30002380380945315,0.7090234312496063,523,2.5546465963853695,0.11777175789705221,0.391799205034109,15295.91395793499
135194,0.6575763850714034,0.7664448047532286,523,2.5058900880184645,0.6271808744743039,0.8012173901172543,11853.17208413002
128263,-0.7974905365347151,1.0541021094697076,523,2.4110069065054156,-0.9678223586205833,1.0738742266800665,9963.059273422563
107732,-1.5823853740108147,1.1622888472739823,523,2.438441948230042,-1.526502015229853,1.684272532400933,8193.078393881453
11097,0.40709837359912804,0.5271783084098085,523,2.6610914935199084,0.11115804763413858,0.4320789853153875,9221.609942638623
81775,0.2102309054848739,1.1303980890303573,522,2.499992746491207,-0.18376846305033917,0.8615266185860502,12599.710727969348
26311,0.19777879820518063,0.8611923864201058,522,2.573710436658973,0.11035314873023207,0.641349500308255,10755.785440613026
125546,0.3883918250251037,0.8450355353477572,522,2.3976222150051694,0.4025679355053225,0.7054363843775593,13338.973180076628
88833,0.1834109821132266,1.095647500022119,522,2.475921578383858,0.014968470798801533,0.8463937513832661,8970.300766283524
63982,-0.2706120063925206,0.8105303375910146,522,2.4335591749431416,-0.14657921888947842,0.629866786003569,9079.676245210729
127235,-0.08861966922776965,0.8025475868699893,522,2.594656657606045,-0.12067287707501363,0.6188229226294591,10242.469348659004
33035,0.3625297560595868,0.9213650932139349,522,2.5760212412942938,0.26376722032824784,0.6580395166838954,10629.233716475095
39704,0.5684684533775943,0.9194150200455254,522,2.6196238837701356,0.19030199794074779,0.6964318360441929,9505.273946360154
135888,-0.37406028225458954,1.0703619777374664,522,2.379981475595476,-0.24272952909684092,0.7046354007779104,7987.051724137931
98113,0.23992439207491234,0.6980033602498305,522,2.4502185909278005,0.12558495686139234,0.560075984692601,9813.264367816091
80561,-0.7840219680783442,1.2009965392180173,522,2.46536590946338,-0.5087993847222062,0.9381556600332984,8443.72030651341
1602,0.44777879820518063,0.5048248248444248,522,2.5027275704281684,0.5067097810227315,0.6157557850757267,7499.85632183908
89795,0.021533587477211125,0.8029993239978314,522,2.523899972001611,0.09041425971106258,0.4845688822874358,12498.906130268198
52374,0.4147190325026191,1.0447078250338664,521,2.2353538708896252,0.2744245569314803,0.7431182509660562,10242.31669865643
16830,0.00013170044887633736,1.1675708180821287,521,2.5490148343739025,-0.03229061663939315,0.8549809335874629,10708.953934740883
47414,0.36289561599590137,0.6313106037439317,521,2.5644393569821453,-0.031350204303994066,0.44952632880538285,9997.251439539348
99855,-0.2551466104916229,1.0319216641685374,521,2.535344231540842,-0.454149915892374,0.8149868267603774,12673.143953934741
132392,-0.18604872181599896,1.1828009808680988,521,2.4047846433980795,-0.258243841638178,0.7869724487520895,10719.180422264875
31995,0.2400549250170143,0.9112872278455522,521,2.449751707607937,0.1586940452398218,0.633823505014804,13261.443378119002
34262,0.44063074075597797,0.6720806361701237,521,2.5043176007008987,0.39577197042460394,0.6831217955862848,7154.353166986564
116416,0.32258851426845414,0.7707666823405326,521,2.5923986729891473,0.044713994490197875,0.5599511330362871,12259.78310940499
35258,-0.09487789648010647,1.4970583636848476,521,2.540799134350891,-0.09001770533698257,0.9001581185959225,11678.775431861804
27574,-0.4451658043495881,1.1992449270679377,521,2.4551273687611883,-0.539844963370438,0.9123099736865309,13149.932821497121
95520,0.44159043365425044,0.9181511989294976,521,2.492903010878645,0.1973558260784838,0.6482735490954914,11158.307101727447
59755,0.38400885975789745,0.9102132247844832,521,2.5958329664594557,0.07071900134790135,0.6051258020195822,11240.600767754318
15927,-0.9155832707603366,1.0282790962609916,520,2.564835891335306,-0.8127180688802531,0.8758720709725731,11997.109615384616
2024,0.41614749847043253,0.6010310542275187,520,2.590812179851998,0.21623819206766226,0.47749846499273096,10238.088461538462
134144,0.07864749847043262,0.9199422390216728,520,2.536903652224215,-0.14359389661100627,0.595930220292593,13910.838461538462
126912,0.4392244215473555,1.0194110570404094,520,2.5130825593328994,-0.01947807672346413,0.635936577216699,9198.598076923077
49102,0.1363398061627401,0.7398534288566218,520,2.5649160673042064,-0.11653467458665137,0.545254502263274,12575.734615384616
90816,0.0017244215473555258,0.45551212105306665,520,2.4884352261455454,-0.08960224834395909,0.3941978870077628,10454.278846153846
108285,-0.4050063476834138,0.8211124050579393,520,2.560889837745986,-0.47968655970337587,0.6301355380184167,12594.761538461538
73749,-0.7540448092218752,1.4431417231858903,520,2.5746501556462,-0.898910663236237,1.2757173479863961,12831.959615384616
19212,-0.4607755784526444,1.2083876985465047,520,2.57048350230777,-0.6704359648808763,1.031561694927439,10196.871153846154
59447,0.2084551907781247,0.9453320763354478,520,2.600478498386226,-0.04950869611774201,0.5383277433603428,12341.828846153847
98781,-0.060775578452644474,1.0250656549011206,520,2.5505665115124376,-0.32572654108964627,0.7706974588224257,10347.688461538462
42569,0.14307057539350954,0.9562363076630583,520,2.522896090562463,-0.040632324579661656,0.5785347142162997,10967.365384615385
112282,-0.6011601938372597,1.1406173132751904,520,1.859534478314316,-0.4783017194012764,1.0505379333258162,5526.303846153846
26808,0.4863398061627402,0.6903432824587974,520,2.5675127237778526,0.22839435064682947,0.5274574665134392,13920.575
88412,0.6738398061627406,0.6074332062411999,520,2.4701998023060536,0.49681160626785853,0.5845375238825319,8078.421153846154
70998,0.03057057539350927,0.7832065133584283,520,2.46128186205667,-0.40831672334963093,0.6341836936204793,10845.788461538461
27810,0.3738398061627404,0.9443045752684779,520,2.4780602156500398,0.20473182371569043,0.7832737433178805,12845.734615384616
52996,-0.10500634768341355,0.9899524880320483,520,2.5384654861052507,-0.18115162529642748,0.6684083887756154,13526.421153846153
5929,0.4421090369319711,0.6675639156242674,520,2.553192076805356,0.12700117436789063,0.4314482008613135,13202.836538461539
294,0.07095519077812495,0.9795102382328754,520,2.6166299161523052,-0.1869105806309695,0.7155501811202944,15872.636538461538
16696,-0.17231403999110606,0.8544146858016152,520,2.557214234221261,-0.3494634640412517,0.815226789961711,14317.076923076924
114491,0.1873013446242786,0.6205798194325548,520,2.6087182478397932,0.1020650918771975,0.3606730804114318,10872.790384615384
46219,-0.30404480922187505,0.7937005342173427,520,2.582993253588484,-0.43316046221412347,0.5822536693827742,10172.886538461538
35121,-0.22231403999110588,0.9777709425049987,520,2.5449001935904008,-0.3915950150110767,0.7235600674948673,13118.194230769232
8784,0.8103782677012021,0.8052462484705261,520,2.5680967259077256,0.7055301756257066,0.8509521710454662,13753.61923076923
94936,-0.054044809221875045,1.0740407910636052,520,2.3752851403644946,-0.3087871023161899,0.7518475887664539,8629.767307692307
88983,0.10076288308581693,1.1707475895692834,520,2.6059544247691604,0.1392260568055766,0.8751363482950418,11482.696153846155
110947,0.24210903693197094,0.4960110259846297,520,2.4693571769980447,0.17009417095577678,0.44134700184365644,10301.698076923078
134593,0.3680705753935096,0.7384203152863332,520,2.5230121473274454,0.02543028206355517,0.45582431777534205,11998.996153846154
82811,-0.3126986553757214,0.88323817760306,520,2.449547757376999,-0.542696494272134,0.7742263227322757,10756.942307692309
113009,-1.1011601938372597,1.1507081483270876,520,2.5860413303756977,-1.3691118302627892,1.441477235033254,15620.217307692308
61094,0.39403211385504777,0.7280449618186533,520,2.5059442200866444,0.2704045988732746,0.5605312789688017,12454.501923076923
11189,0.20460903693197086,0.8865775276109802,520,2.507719901772065,0.07409916601717535,0.5501689560428006,11639.309615384615
47174,0.4469167292396632,1.0722233037488589,520,2.1909872801366013,0.14951067596427114,0.8744417860756575,7711.363461538462
71804,-0.14058327076033672,0.7390416514787403,520,2.475046103036454,-0.2051282041725786,0.6535560666210624,10661.988461538462
9107,0.4238398061627402,0.9903173591901963,520,2.4682943453027186,0.23669922439350116,0.6970648235112862,12219.70576923077
126304,-0.40116019383726,1.1902162794044195,520,2.5545156110624974,-0.5509768328290967,0.8488211521424497,13591.219230769231
111748,0.6238398061627404,0.9205406773087816,520,2.5547795767199424,0.3637493609560085,0.6613345401510187,10248.259615384615
121774,0.5199936523165865,1.1884139435401007,520,2.368429791204282,0.18957224846472348,0.74380747205754,10432.219230769231
28598,0.03153211385504795,1.000724133842953,520,2.457357660181132,-0.06331642897332382,0.6628685538940365,11560.007692307692
34143,-0.35596788614495223,1.1809712154446894,520,2.4358757186323023,-0.7319125260669599,0.9810767529698071,10928.117307692308
104444,0.5536474984704327,0.8200009895991173,520,2.571903073282421,0.2794466547686015,0.6301082486451942,12372.134615384615
66929,0.3482173072743455,0.8055292716890726,519,2.484275954767364,0.19640165626609507,0.554632048508436,13106.97302504817
57787,0.910837731166446,0.8276983434810716,519,2.554906420291997,0.7753232510120175,0.9656641681269973,14833.526011560694
93789,-0.30110831892989376,0.8706079519135379,519,2.468977758297664,-0.6009247999404586,0.7285641005493689,15523.980732177264
19008,0.061126748507486006,1.0774805950181812,519,2.416880418643675,-0.05976227868266745,0.7348063977452215,13206.537572254336
133292,0.053419619413073605,0.7565191928062996,519,2.495977894702033,-0.11901864420124043,0.5425318229968766,9264.506743737958
71458,0.06209013964428767,0.8850319938298502,519,2.4790585881970686,-0.148989202398739,0.5716705079983709,11461.418111753372
57977,-0.9302027312612999,1.3082657244531248,519,2.5829431444781425,-1.1193059958142988,1.4095218975111163,12364.768786127168
76869,-0.037139147446271004,1.0682026160415916,519,2.5891134243616682,-0.14426756320497527,0.7668007226900246,12489.323699421966
83567,-0.9168863595634256,1.2246777951622057,518,2.5060029487957682,-0.7668980449972673,1.1285204890558964,11281.243243243243
19910,0.6024186597415939,1.0328249644315044,518,2.279114077792687,0.38986517813540456,0.9009532504183713,8518.803088803088
104897,0.41226421958715376,0.9265342103992225,518,2.625964491502723,0.2929626415289697,0.6559656212573608,10703.57335907336
89406,0.1873607446836787,0.7666607841682815,518,2.512647840286225,0.13998753929466656,0.5164105792243595,12674.357142857143
126955,0.02133757866051278,0.8682613702505118,518,2.543405457661323,-0.10099957594838406,0.5412234525712413,13298.8416988417
130323,-0.932330375007441,1.1459040305097983,518,2.6125196014165453,-1.0597551050686684,1.201666624853354,11219.150579150579
33833,0.15454221186514605,1.1479892684309172,518,2.388715948991981,-0.09181839867616114,0.8494808804480041,10741.351351351352
107598,0.4151599724829067,0.7987555012494802,518,2.5686255309940655,0.2878413054740367,0.607069659637505,12303.314671814673
10762,-0.1060755487526146,0.9360283931296622,518,2.5410825901231795,-0.33581161211188465,0.6408631738361998,15608.391891891892
64885,-0.2778902205672864,1.1937093178744285,518,2.491953254801502,-0.46990411495403483,0.9583257493321067,11644.480694980695
99773,0.3881329454558795,0.6845684853885716,518,2.5413216128480127,0.26927300853565495,0.5410806671643715,12823.822393822395
65666,-0.8570968104121741,1.3865807569531448,517,2.4814173044138004,-0.7596134352915578,1.1458253633636915,10919.510638297872
74404,-0.030210930334804598,0.5420812240235703,517,2.5349453775108497,-0.2607535248499476,0.4174631788938721,7740.069632495164
9497,0.23961498842728401,0.9519772985702377,517,2.5668324171025905,0.07755609688229582,0.7813703239721418,12724.278529980658
41466,0.20866721279865752,0.7970412106640778,517,2.3792094330118485,-0.022785011735656543,0.6370418697408058,9832.272727272728
124227,0.3073132476149052,0.6147764510100698,517,2.423103375722353,0.15638051779033033,0.4493750629493014,8613.595744680852
47429,0.13710048165745814,0.868118909467945,517,2.323558276694551,0.1522299813891541,0.5594215385275227,9580.781431334623
81723,0.2715298820443053,1.256085899946227,517,2.4314721199544556,0.10564713551036715,0.8726571159084244,11038.665377176016
121853,0.3962881025472069,0.9075191081084878,517,2.590207539297577,0.08442429168821484,0.5984005252252783,13664.862669245647
137366,-0.6414294990001821,0.9776949547109954,517,2.4286647792143787,-0.6840995471948547,0.8860084150962618,10994.417794970987
51587,0.3102146015800886,0.6674342027316883,517,2.5135209735633777,0.2778204470170545,0.552185141546747,9838.47582205029
135097,-0.1491664429073385,1.1108173133031842,517,2.526360481470314,-0.31435757699873823,0.8461693032429186,13877.876208897485
45064,0.6225937118315397,1.0473224101148904,517,2.6006126527316824,0.5217716782132523,0.8831256104169025,12574.520309477757
95645,0.03361885689923794,0.7123790555961437,517,2.5881068170359844,-0.14799051759090734,0.3910614746040528,11791.22243713733
3269,0.4035058765264852,1.1265335583358125,516,2.6082619443645747,0.24649993020766525,0.8613058236771983,11518.945736434109
41273,0.4839322331156324,0.8323151754086147,516,2.554858454926168,0.36328146547180395,0.5633760343334379,10400.496124031008
105178,0.014939985053616933,1.1459382756051701,516,2.5741349847135897,-0.05044672616046974,0.6710175595588237,12565.317829457364
19310,0.5847074269140817,0.7037701265746719,516,2.542731240944944,0.4079824422470848,0.6466079716413702,12140.906976744185
60584,0.1951725431931517,0.9686552887445227,516,2.557158550601171,0.07709482443788546,0.6133791986097984,12872.910852713178
4745,0.4403275819528414,0.782794467561631,516,2.190355031803645,0.022228389448532872,0.6053643705877985,8238.34496124031
19866,0.100211302883074,0.8616386502144117,516,2.4373744907780948,-0.0883575273102315,0.5063828079669539,13263.651162790698
65644,0.01590897730167873,0.6907029990882471,516,2.4899361650290293,-0.20200614099192105,0.42599808958068536,13270.666666666666
115824,0.5217229307900508,0.7288906061730328,516,2.5454025863432994,0.27700423405217706,0.5515286817180138,11038.199612403101
91912,0.2571880470691208,0.7959217188608286,516,2.5055959138130386,-0.004005952839126083,0.5741074491455554,9205.232558139534
100373,0.044978744743539245,0.6804275669140047,516,2.600691962328473,-0.32615220036460957,0.5378280930266316,14037.777131782947
46743,0.13703300830943066,1.2694101474209403,516,2.491799622312281,-0.23245298875434062,0.900133215362299,10469.412790697674
78957,0.10796324086757014,0.7496141854038529,516,2.600652442731842,-0.010877935372194739,0.4983946080299574,13112.872093023256
99711,0.16513378350322938,1.0108405227852235,516,2.3277311667712675,-0.09622417567386293,0.702343284927175,9977.25
101372,-0.02188172037273972,1.0292990875958974,516,2.485038628027172,-0.2559431922089992,0.7320018794387323,12679.59496124031
12778,-0.024788697116925995,0.6197155614760259,516,2.5083741677224873,-0.3160139427344907,0.4574389537678448,11953.639534883721
129683,0.46552138040245383,1.010401146280777,516,2.5104879533969044,0.2354607976690151,0.6475308276846893,14007.213178294574
90996,-0.22730807696188693,1.1232405356023925,516,2.6368872984945138,-0.10161020847529321,0.7162274332589453,4885.542635658915
43683,-0.6807964490549105,1.3765062017291496,516,2.616055966834721,-0.9008328009828678,1.3163066653813167,10488.34496124031
26188,-0.5431995498301041,0.7421068054699197,516,2.5432194009032103,-0.4842070043382082,0.6150191966777574,8533.10465116279
12892,0.044978744743539245,1.1753417697666753,516,2.550914078263299,-0.0887900321670548,0.7469657644245231,12083.602713178294
60143,0.8744361090846247,0.6662264765605573,516,2.5357355517484077,0.7251805654159879,0.902728053542937,12217.624031007752
23345,0.9122268067590436,0.5104757925045987,516,2.4907147372600793,0.8829945667638238,0.9143402899260463,13466.703488372093
129749,0.24071517885206628,0.7430031622438679,516,2.5381725034581,0.20701908444339057,0.6140653267181533,9265.403100775195
39774,0.6932345586970272,0.9479313234269248,516,2.4798899023225403,0.35455095076801735,0.7953361470742892,10436.290697674418
34062,-0.3319592397525848,1.1608435567410509,516,2.5840365094354456,-0.5578095865664882,0.9665102558065537,14126.20542635659
85782,-0.03447861959754617,1.121518470774782,516,2.606052861959736,-0.2661386731852141,0.781667138151051,11226.418604651162
36329,0.20486246567377187,1.1277091845049143,516,2.4559394814334086,0.054690123157894295,0.8413133043790259,12272.26550387597
8410,0.3996299075342371,0.6624369565906354,516,2.5486960963049596,0.0435795564904493,0.45641188590059245,10631.625968992248
37814,0.4364516129605933,0.7872046999081388,516,2.520323082357258,0.1781026471770306,0.5611577620094431,13025.591085271319
71825,-0.15947861959754617,1.0624494462891272,516,2.4815392561551293,-0.0034901321338999224,0.7677515545965595,10285.47480620155
15944,0.2746299075342371,0.8719537281194085,516,2.5474315593428405,0.0967664846551007,0.5102365735789347,12851.081395348838
49280,0.04304076024741521,0.8210575090273073,516,2.466596416354156,-0.1323904396299524,0.5267687117470699,13242.687984496124
99985,0.5301691564241291,0.7189113407945976,515,2.556106861310212,0.2056609224560826,0.5025917614754711,13311.733980582525
34584,0.2602662438027701,0.8354151523785606,515,2.543413453748536,0.06387949231729392,0.42357267500209933,14100.326213592232
93119,-0.06497647464383194,1.1687392431733816,515,2.5393916914894974,-0.043865851701721824,0.8747791213921505,9458.553398058253
128868,-0.4678890960030553,1.2389071849038849,515,2.504366312895932,-0.36490251491348624,0.8785583046309107,4927.897087378641
95987,-0.2096366688185891,1.081120939110684,515,2.436779652200487,-0.5696654495118655,0.8872953129066103,8889.691262135922
65455,0.6690041078804398,0.7781620957190937,515,2.3961279231818495,0.35459431565355554,0.6553420014661699,9502.970873786408
46313,0.08065459331733305,0.7250529024193432,515,2.533792312528577,-0.3048562313106013,0.5385029086150249,14309.194174757282
47866,-0.10575317367295822,0.8780651747650651,515,2.537605616727822,-0.3555808792991911,0.65846004372269,11102.236893203884
84036,0.7224021661328668,0.6106821131079522,515,2.4603956822967774,0.7384570824397402,0.831110413446279,12160.543689320388
89736,0.36026624380277017,0.7737549269248141,515,2.443370368486542,0.175693667162502,0.5618563644072179,11071.1786407767
52845,1.1165769234144203,0.8543466517918696,515,2.533294238909651,0.8037549281813556,1.0157045592685776,8666.153398058252
119323,0.24570313700665336,1.0841950128482096,515,2.5572292924107223,0.19517212210721369,0.8045925728151547,13540.792233009708
31680,0.215606049628013,0.7585658574571702,515,2.392174543946285,0.08068151512929864,0.5124676018395453,11582.52427184466
75839,0.44667401079306135,1.3750640909436593,515,2.5542571692489187,0.3139734451825985,0.9815999748261527,9936.487378640777
125493,0.6252241222357724,0.8701004596072716,514,2.525283195452719,0.46155660303783785,0.7296979895647727,12390.743190661478
85033,0.3411774296287682,1.0142977088775293,514,2.5891432667625156,0.1408485109362596,0.7009489049740335,11634.107003891051
20801,0.03767548410347654,0.5785937009095153,514,2.541269607713026,-0.21606484221733124,0.4616318305770178,13986.587548638132
81637,-0.7123245158965235,0.899276679323908,514,2.4712600368784776,-0.7479226844258187,0.8620839967433487,10690.293774319067
3571,0.20596342184666705,0.7680945042155903,514,2.4622493215238563,0.3447939439517618,0.7622110816766419,5855.863813229572
20361,0.18845369422020797,0.6798541234965153,514,2.460778697888756,-0.03610751326341852,0.48338032379532414,7850.048638132295
5706,0.5542124490840212,0.6726759732671327,514,2.6026139274809363,0.4193295369986877,0.5052669698819154,13009.906614785992
71658,0.055185211729935624,1.1355466081656893,514,2.4596389100111797,-0.09176552051733426,0.7293783325085872,12502.431906614785
107036,0.2117999977221534,1.3285237765819933,514,2.5677087059867425,0.19552787203916405,1.0508215095097364,11614.463035019455
30980,0.561021787605422,0.8355864142073468,514,2.553612454516239,0.16188209979995968,0.6137819381380314,11895.97859922179
128931,0.4073252895509474,0.9833066347870573,514,2.4828954543717052,0.3593388256512398,0.8480121396309243,10766.342412451362
82417,-0.2706902746513875,0.9531489890622873,514,2.5738900737081516,-0.4113694035091612,0.7793649044326278,14629.791828793774
99525,-0.2502622590871848,1.0263460799812758,514,2.499494961057489,-0.3281732639471238,0.7794063221696155,12397.029182879378
37991,0.12327859694394361,1.1022606989835033,514,2.641968242380128,-0.09833062163518973,0.6444004552274121,12532.087548638132
126909,0.15635252690503298,1.3456126718828203,514,2.606193724743096,-0.09766384581069054,0.8897651643810646,12001.276264591439
25307,-0.5119354108381575,1.0507362802013989,514,2.46536548316499,-0.5549564234429729,0.7421645737739228,13174.161478599222
5749,0.6816443556988072,1.1887642951610369,514,2.5733942741022644,0.34515669271004185,0.8948048081893284,14778.359922178988
82712,0.22162433157884465,0.7288454806398421,513,2.534126954873886,0.07404680645829677,0.4737840074431808,13313.538011695906
123040,0.14462628089658347,0.6996342986182991,513,2.525087548417905,0.1295525882530487,0.4475596950131003,7467.812865497076
44172,-0.09903843645234467,0.811101238249014,513,2.5192892909386386,-0.10893106838750596,0.6891255773738404,4709.890838206627
79579,0.16217014054570633,1.0878872039277725,513,2.3689249695158145,-0.19462921945737582,0.8084507200176821,10182.311890838206
73565,0.5179206278751409,0.7299859641097702,513,2.5503328135243297,0.3661566125922613,0.6504231318061399,12744.524366471735
83151,-0.41190393352836807,1.1074108594037446,513,2.313114437577106,-0.3593453624961428,0.7727553092226898,10570.978557504874
76279,0.08809606647163193,0.5844597390114574,513,2.4887450899246826,-0.49284707533486777,0.6102917139123087,8298.793372319687
99175,0.12415844463927339,0.789432057057193,513,2.4570596838065235,-0.23010731456800151,0.594466860857581,8411.187134502923
72441,0.10271594951256757,0.9038690407420154,513,2.6184415804236094,0.06253366690284849,0.6252038708092862,10173.099415204679
106015,-0.3046914578948394,1.2197266105098983,513,2.2579502202415522,-0.06290701773166656,0.7518675472853088,6738.656920077973
100367,0.38829099824551117,0.5096384597429073,513,2.5981537186717345,0.14969488061029945,0.28950254308496864,10474.333333333334
7916,-0.2637557853802197,1.0614675065888077,513,2.3915332040811057,-0.5301846138398555,0.9059733618624018,11847.955165692008
73750,-0.1935803467837287,1.015234827212879,513,2.426326484934207,-0.32030009923665836,0.6843831395818242,11632.666666666666
59047,0.038388464132451006,0.7051752245676632,513,2.409566510705742,-0.18306718025160082,0.5548105201485658,12506.666666666666
31775,0.4185054231967782,0.5897174413013819,513,2.5085580561140266,0.2634933932748079,0.4270327437341941,12529.528265107212
40713,0.6563221873293319,0.6830470044459991,513,2.4410610165182445,0.350051172875153,0.5501072666150079,12029.136452241715
12849,-0.3144380465887968,1.2178718658794856,513,2.517898363460863,-0.42203716415562786,0.807947471477443,11521.28849902534
22744,-0.023989703508874527,0.946376109814735,513,2.4997977001049945,-0.27996395730756846,0.7380519068051463,10442.775828460039
62357,0.3941389514618856,1.3362192076277506,513,2.569727155886446,0.17925554120423046,0.9189393559007762,13903.132553606238
40721,-0.1428980855751516,0.8653569163025118,513,2.502290525711192,-0.0990207705390594,0.603136553790979,4302.452241715399
24245,0.09102004307981915,1.04852275875802,513,2.552393945014945,-0.14606511860393065,0.579433896487697,11932.91812865497
62345,-0.27350237407417666,0.86880815328384,513,2.542916215244807,-0.429839272934045,0.6418455900328254,13262.17543859649
96795,0.16606877602328884,0.7936299812564561,513,2.5844890726327057,-0.06995337247500902,0.5937778221727101,10117.982456140351
81564,0.1797140001948292,0.8642970532870409,513,2.31519923675937,-0.19472445397654747,0.6908903128601563,7966.165692007798
132599,-0.47915539551667186,1.3961735587368733,513,2.5716921898833642,-0.25997572657029855,1.097896802129772,5255.025341130604
72212,0.3144948542396633,0.5861943949236654,512,2.610133705966076,0.03832072196163833,0.36541426489860357,11746.609375
77445,0.15922141673966328,0.792167479757792,512,2.530319953113154,0.11039527064100059,0.6616128904219154,8918.0859375
62022,0.4687917292396633,0.8559393050523286,512,2.5466729571580276,0.3685419090533536,0.6402816462467689,12834.822265625
19716,-0.4696848332603367,0.8445565154946602,512,2.4700029781957484,-0.56195854270247,0.6879276187905934,13508.298828125
20961,0.03031516673966328,0.7559080887175053,512,2.606588088733936,-0.09277831739437055,0.45610219050997725,13257.962890625
87495,0.11527610423966328,1.2186237640981148,512,2.326525908518333,-0.18238243347804545,0.9145835494435484,9577.03515625
108939,-0.21480202076033672,1.10543019005637,512,2.4361953951825783,-0.4549719512619286,0.8174473687031895,11395.310546875
87992,0.15629172923966328,0.7226757737551491,512,2.557527049581936,0.048354206768313736,0.4556865045518007,12957.220703125
134323,-0.6913645207603367,1.274796854619568,512,2.3128666396809865,-0.7453485408914791,1.0354130243128745,10437.728515625
126917,0.4473073542396633,0.79093435032651,512,2.4337868784037844,0.18686883636467191,0.5871914746180842,10137.47265625
31891,0.3857839167396633,1.0066622912514853,512,2.552451968711721,0.00923923241421006,0.7384621996953504,12386.689453125
51410,0.19340110423966328,1.0201144096410653,512,2.5635260164399765,-0.01506315827882046,0.6192889390097414,12568.208984375
130908,0.3301198542396633,0.7115011924921899,512,2.7077568162746477,-0.09816300965183725,0.4335093290361788,10770.046875
78413,0.9101979792396633,0.831062422739253,512,2.5128112375273175,0.7117339349533833,0.875675531741898,12029.33203125
129474,-0.07320045826033672,0.9331760813290685,512,2.560324782823127,-0.31540570829797554,0.6231097933193213,10514.650390625
15907,0.3740651667396633,0.8130872247588489,512,2.5347919622746944,0.17746207176567833,0.6091655462099065,15118.67578125
34637,0.3105886042396633,0.8319151235249365,512,2.549300463495817,0.0318216789339909,0.5484104681193458,12980.416015625
29261,0.00785422923966328,0.8987039483015302,512,2.5837642662772438,-0.12843757173513298,0.5351622869439138,13265.125
45874,-0.5673410832603367,0.8763481847068783,512,2.490831753746424,-0.61941526321038,0.721215838420741,12832.40625
3990,-0.04683327076033672,0.8387624841946425,512,2.5210637134582963,-0.3977924743603233,0.7849400141639598,14656.0546875
138211,0.5078542292396633,0.9003356082241771,512,2.4720415378668816,0.32829629755293277,0.712914558096438,12909.0703125
65389,-0.5155832707603367,1.2098745709763095,512,2.4809982618690745,-0.747969243822066,1.0634826620147433,12270.671875
95953,0.00590110423966328,1.0486116736072701,512,2.457565100432261,0.03265475147654241,0.6768472888255366,12202.296875
90839,-0.3358957707603367,1.5780222145423177,512,2.6037841633983336,-0.5821488669530891,1.47097405846776,11764.865234375
52502,-0.09716350559399611,0.661625253374363,511,2.4623215474742106,-0.2881860697016916,0.48570109822732493,13173.36203522505
81229,0.5574353202377065,0.6561217569535511,511,2.59819274097388,0.4108803312907813,0.538222480899091,13169.63796477495
30329,0.27465645526706073,1.0685854351078488,511,2.5087263083782316,-0.007151951720781582,0.745753688685646,12489.25048923679
107154,0.1591965726838902,0.6106366317572973,511,2.4777787109824256,0.07641022805381505,0.409799328407633,12943.469667318983
1906,0.32358013432772603,0.7105591365127296,511,2.5766487045552604,0.06455957579562552,0.5323669988352877,13869.77495107632
43883,-0.300686010486364,1.140705353129872,511,2.536850062733794,-0.5666760099043701,0.8761858160191264,12075.941291585128
39968,0.5300380599637338,0.8654181766892284,511,2.5611134883732904,0.33809217220085885,0.6511124973417948,12661.964774951077
2311,0.7482376685743009,1.1114585747847938,511,2.4152239710382024,0.46525544112912703,0.9442696416485061,10463.784735812133
41444,0.7081202517445555,0.9503149476220193,511,2.539903811541323,0.4432532067993192,0.7394683251140618,15017.086105675147
19318,-0.28796585393059093,0.7907896189761051,511,2.4798495370226052,-0.3539981554860157,0.5669328015610048,9485.681017612524
99485,0.3177092928404459,0.7145387296021501,511,2.496068105423599,0.07967719263703323,0.4961688616668018,14596.812133072406
26535,0.07504784469954595,0.9106720102353032,511,2.579059252507387,-0.0612312545634684,0.5403487600147849,12078.009784735812
23923,0.2081202517445555,0.865550074257054,511,2.488387949227164,0.01945513532080389,0.6128707357357428,11628.342465753425
21690,0.2316036176936751,1.0154971253395293,511,2.567272138137189,0.1016683958086211,0.6756187180655124,11620.641878669276
11014,-0.488552938079319,0.9909803892717868,511,2.536420850812865,-0.5567846258680562,0.8745216116356319,12287.052837573385
123269,-0.9271028786034741,0.9678013786183826,510,2.545627628253182,-0.8993267804633222,0.9931030710516984,8881.141176470588
118806,0.28858339590633,0.9627730223681334,510,2.6443582945695456,0.12550236753121158,0.6820008824537307,9422.458823529412
131934,0.4964265331612321,0.6693450856733685,510,2.4376105123945773,0.12132718426629432,0.4687668680000289,11909.127450980392
24071,0.44446574884750634,0.8816127460161481,510,2.5047893769687852,0.12430408039477958,0.650646981733461,14281.456862745097
7498,-0.2133773884073955,0.7817160432432957,510,2.5054320882281407,-0.2198146021876945,0.5215843511764656,10298.201960784314
45133,0.23074025865142778,1.0046407974304956,510,2.6294872779069087,-0.12089817947992348,0.7074842438460192,10992.396078431373
25856,0.12387751355338894,0.5651521331695586,510,2.5190201033247064,0.04993062627565648,0.422026994325927,15191.45294117647
108082,0.06113241551417303,0.6880836494164951,510,2.5410540082945117,-0.09969523086694765,0.4830372322006306,11843.052941176471
122683,-0.5761224864466112,1.1347113384653473,510,2.574540291091347,-0.8342757838682845,1.0539878336045747,12634.56274509804
86531,0.4336814351220162,0.7280574198580938,510,2.4098770354029226,0.1473774493830737,0.4694917745652766,7067.547058823529
115408,0.15721084688672216,1.0060130667814777,510,2.5083579233534024,-0.13664817282424405,0.6433571983486142,13796.386274509803
2038,-0.014357780564258071,0.9231831001922667,510,2.534273475753922,-0.003987518862917109,0.55218478877757,12669.880392156863
42390,-0.13690680017210122,0.9079546890255437,510,2.4944807234385546,-0.20061457751155615,0.5829991528782916,12519.558823529413
135075,0.28564221943574175,0.5498775030020011,510,2.5631187099708663,0.24404874043968275,0.39258327444031793,7231.731372549019
30210,-0.6114166040936699,0.8801548503395827,510,2.529395918927729,-0.5851249676343367,0.7476795293084789,11774.711764705882
7371,0.1297598664945654,0.9607663397666709,510,2.42121739856057,0.13853719405966985,0.6339666778295919,10670.06862745098
127389,-0.08741529433597517,0.8087466886933586,509,2.591658390818812,-0.23702561685857065,0.5315869789348004,11594.815324165029
117701,0.49902871352257083,0.9708201892199398,509,2.570423871804128,0.41975500737756566,0.8482301323916182,12064.903732809431
4587,0.14146486283494797,0.9997814683175491,509,2.566753986341726,0.05932830296566397,0.5970794458376226,9988.579567779962
2398,-0.08839761260709489,0.7591415967965527,509,2.4805960330749013,-0.35777584858320644,0.614219401267658,12119.803536345777
16050,-1.2396746263595508,1.1909448467316293,509,2.605521505530999,-1.3319552672203119,1.393593991298636,11349.047151277015
12649,0.24951987265813091,0.8165182899270377,509,2.5676089010991627,0.051148937973762305,0.5480887578513904,12477.304518664047
20541,0.37230965654811143,0.8259567601961121,509,2.532521292619472,0.322641225438636,0.5908729844736406,13148.159135559921
29096,-0.6188494790118102,1.1441107343256494,509,2.577660745219155,-0.7509004735103969,1.0471197071526872,10648.555992141453
26270,0.4361603441709012,0.6470849744484768,509,2.500860973481721,0.20407830962341988,0.4707788652472529,9715.589390962672
84890,0.37132733827699127,0.7824474815495858,509,2.33528928067416,0.34298214440779506,0.6681794674398553,6862.24557956778
103528,-0.37818150258744865,0.6880196605647537,509,2.5903121853000344,-0.5851480572707372,0.6747482006443853,13269.927308447937
137977,0.19352773120429978,1.1305199477760943,509,2.5007050745000443,0.22054315219304352,0.7497624961337649,11435.06876227898
74105,-0.2632502648664272,0.7261435602479506,509,2.5551237085681313,-0.45483471224474264,0.5613576148442064,11977.432220039293
11424,0.18861613984870074,0.7058641532017632,509,2.5485755523051474,-0.07130454149698319,0.46123534713567527,13005.051080550098
1942,-0.1375135261630871,0.9945864637160599,509,2.5741264107245994,-0.17181146211597909,0.6735029632441328,13214.536345776032
9917,-0.020012404618604318,0.5246148384251964,508,2.5851562543965536,-0.22072821648185736,0.4230670380724577,11959.236220472441
28060,0.7486883827829707,0.5966803390803088,508,2.441609521515377,0.511303038759262,0.658753155216761,12206.248031496063
73348,0.3815623985310017,1.107106982299968,508,2.5825317514816413,0.2764676073362454,0.828056274592887,11501.340551181102
17042,-0.08005177469734459,0.820410287859776,508,2.5910798102922463,-0.01331480653134337,0.43946041769518834,9985.795275590552
93102,0.2634521623105295,0.7112696683736294,508,2.4833223286942148,0.16708930769772207,0.5027161673093233,10720.814960629921
126588,0.22900334341289152,1.0717315232680351,508,2.5683832057998552,0.027904573542894162,0.6547088470628487,13621.104330708662
32744,0.236877359160923,1.4695168866344286,508,2.4292855081317115,0.15159073355422115,1.1036697067925125,9065.635826771653
134080,-0.12040610540600616,1.2092184209057628,508,2.5815925942107945,-0.23729369297213682,0.8271575276875525,10573.840551181102
73382,0.48786161112942716,1.1942010165637604,508,2.4926472006761053,0.005577220460566865,0.8445143476845312,9463.009842519685
41096,0.5449482253026554,0.7161982297740519,508,2.5912510292409694,0.3557030008565326,0.5635687504601427,15564.348425196851
129700,0.2693576741215531,1.0782287627169802,508,2.4746161766801884,0.11802018264237281,0.8607462599346226,8430.273622047243
100766,0.19652302845226188,0.994504050385131,508,2.0956567170485867,-0.23621756996956622,0.7444548282777563,7267.533464566929
50656,0.6158143670349387,0.9761970678810585,508,2.2789565133913467,0.24002111341678378,0.7245198987943946,7921.36220472441
62133,0.003609642625490128,1.0601809827395976,508,2.5337994771274484,-0.13683392861603527,0.7327287048833092,15403.100393700788
116724,-0.0859572865083682,0.8094833669537439,508,2.5158122010209225,-0.06747920385235662,0.6206303360843363,12040.320866141732
120524,-1.2798549243036437,1.1830229102336498,508,2.516950636434718,-1.5384095975786556,1.6569751705457185,12540.606299212599
102342,0.05577499695619892,0.5585053980715852,508,2.5513834622568208,-0.330372021841058,0.5099395524320042,8835.61220472441
111981,0.2024285402632855,0.545335368882768,508,2.565150138860846,0.22027204316585872,0.4143790770681054,13612.86220472441
37780,0.07053877648375773,0.8432690163822442,508,2.445872686185856,0.134096666271874,0.5044371869558768,10967.246062992126
80909,-0.3300517746973446,0.9262744102207023,508,2.5172434756560236,-0.5224450012072237,0.7911391338628125,7532.564960629921
69753,-0.2887131920201793,0.9131005747538292,508,2.5088621503221575,-0.3290988150231526,0.5917018864436315,11108.83464566929
9406,-0.510529030129173,1.0329299124664513,507,2.5280081599788344,-0.5117647002367199,0.763993870859638,10091.317554240632
50958,0.5792145596144169,1.0507319094369971,507,2.460142208995008,0.21104842427556852,0.7619218158406303,11808.1775147929
100969,-0.059838694823453054,1.06648432226152,507,2.47626809574418,-0.17154034728040235,0.7614690427575221,11622.564102564103
95410,0.16698576277023536,1.0318425062360757,507,2.5264199043077697,0.15660828792746073,0.6884165287475418,13142.534516765287
49745,0.1275380310148111,0.9172819008098019,507,2.1052189300752815,-0.017395192099525086,0.678891439120692,9617.777120315583
120842,0.492429549752484,0.9079868130655434,507,2.4749970971620745,0.12561213653767642,0.6587134832594943,12087.311637080868
81648,0.11866229136984074,0.938380290458394,507,2.522402692297593,-0.011352631117892087,0.6575223039204032,12889.491124260356
62986,-0.20185052914297952,1.0938392918144657,507,2.380348051597455,-0.4837030999873341,0.845901971884851,10525.506903353058
108544,-0.23439490784120443,0.819476120565184,507,2.5299283559641905,-0.4822942772772878,0.6758788766599084,14515.550295857987
77514,0.4707332972870004,0.9477238072892451,507,2.512664098372314,0.10944469004356386,0.5938352900621402,12349.913214990138
35066,0.0013052893974543345,0.6915528017269406,507,2.5688407668467534,0.03682006836039621,0.5703185781510007,11301.889546351085
5482,0.14627570359863773,0.8690627665632754,507,2.5826097467463307,-0.04673850927983299,0.6367821240172369,11126.110453648915
56270,0.08217313949607341,0.8741643854899517,507,2.4177241326486762,0.026152895833962724,0.5697457239090032,9918.092702169626
97198,-0.4967223240147747,0.9087098974702363,507,2.5225248789986936,-0.5660514258722107,0.8107396752669241,9100.6291913215
113829,0.10077048418037471,1.0301770829009873,506,2.561353868726311,-0.10922011976142204,0.6685807175249548,15991.112648221344
8249,0.268754673903695,1.0988337117877807,506,2.5615680264096827,-0.02190331898795648,0.6917466506189958,10318.44071146245
63295,0.635355464417529,0.7611528731070976,506,2.44800819055225,0.28470890414862665,0.5750034670421837,11575.057312252964
98017,-0.22630461463385432,0.9238408838282955,506,2.5225076992028264,-0.3766621171319909,0.6351619330385398,12787.45256916996
103078,0.4653949901092287,1.092429827151038,506,2.5359213574100825,0.3342418086243333,0.7801213308727587,8502.98814229249
10021,0.593853488132944,0.8636401225853143,506,2.5708001250105696,0.4613462303665907,0.7892873923258206,11207.138339920948
123259,0.03752937746100704,0.9242194031219177,506,2.586079692270549,-0.18751405326204904,0.6368392775489814,12543.96442687747
121466,0.4377270059195051,0.8319112169244243,506,2.486313213111585,0.2077222478148385,0.4857920414198774,9089.52371541502
54443,0.3863436067100192,0.9184410853809704,506,2.530424116549309,0.29496345917873273,0.6979859980974324,8382.717391304348
101146,0.11164004939776584,0.6921219506588461,506,2.6576672155916534,-0.16329806517460319,0.5569820339939101,11951.97628458498
128671,0.3507704841803747,0.954990783406737,506,2.6453178567966265,-0.10304945192589003,0.5885575243724106,9738.926877470356
88267,0.4891104051289914,0.6768307260477342,506,2.5392474740873765,0.42168996960528526,0.6047367743286551,12604.667984189724
40281,-0.2213639031714041,1.0992681220966147,506,2.6018873991584637,-0.12299937367147763,0.7618372004568966,10098.713438735178
41744,0.31746128369510895,1.0308269095995755,505,2.5375734137564825,0.20531660781486077,0.7671019705427516,12550.219801980198
65694,0.594689006467386,0.8140484254099775,505,2.2932713394763344,0.34354538002899937,0.7762983499459499,9607.635643564356
129760,-0.11719218165142564,1.0548358961832818,505,2.533995762708321,-0.257571708746633,0.6986487010936651,11875.990099009901
20969,0.7778573232990689,0.6771236115753321,505,2.5854997125672394,0.5008746755767862,0.6563321017015149,12504.582178217821
44770,0.2560751450812475,0.6794507400746292,505,2.3863890206656055,0.017982808047375162,0.4335659054163247,10483.075247524752
115473,-0.2845189143246931,0.8213925266606699,505,2.467461598266144,-0.4602765473992186,0.6150805011879342,11499.411881188118
85527,0.47587712527926707,0.7381229938052124,505,2.6141124808245815,0.28281935233701,0.5059415515198546,9410.578217821781
99371,0.8224117787446139,0.9930935874767035,505,2.482321314573515,0.495274585688434,0.9036036955475265,12122.073267326732
119140,-0.3855090133345942,1.1437673179063161,505,2.478498030318437,-0.4989644974754647,0.8553657527789341,12235.520792079207
17319,0.7283523728040193,0.7691233725606571,505,2.4017136417966802,0.41425640209372183,0.6864634286535368,9614.427722772278
86687,-0.027093171750435907,1.0237744366431496,505,2.4424162511789422,0.032611066369131636,0.5971186247393019,11124.342574257425
51965,-0.07263772620588149,1.0550779749568449,505,2.564269335413575,-0.3904870691385128,0.7099667741948746,15265.433663366337
63444,0.015481085675306705,1.0509270134580724,505,2.5532114568858972,-0.13700864627140152,0.7072024096729421,12472.235643564356
53942,0.3887484124079803,0.5992835184636083,505,2.2125558794087943,0.1302379846442654,0.4227596066047329,7234.936633663367
75105,-0.07956841927518798,0.9199738890991601,505,2.517537011104911,-0.297122639939802,0.6080917148424213,14143.467326732673
29294,-0.04887534996825771,0.8563855421260529,505,2.5413942794773474,-0.2629064130887065,0.4870764713943841,12362.247524752474
54490,0.6778573232990692,0.6462378582842426,505,2.6204078435697116,0.20805976740267373,0.48483766497975644,12390.4
129025,0.4903691101920442,0.6268327289586303,504,2.6196882065396414,0.22977465802857674,0.5077966200061059,13346.84126984127
99549,0.38719450701744096,0.7999656567070599,504,2.340292111663115,0.12672522299689312,0.5043824569162506,10671.638888888889
21185,0.5518770466999809,0.6530058944782646,504,2.5362416333580935,0.6288738904788425,0.8332532820180893,11961.496031746032
88216,-0.1316546993317651,0.9495772538822729,504,2.4630294069771503,-0.39847636304510486,0.7370908982139139,13119.96626984127
49738,0.16398022130315537,0.6985760210552233,504,2.511403654833589,0.2239601196825626,0.526712582663647,10900.992063492064
48162,0.7016786340015684,0.8923727740412317,504,2.3925780399469896,0.3401628898137155,0.6503987272851391,11242.019841269841
47816,1.0112024435253777,0.8833360573265688,504,2.382174327585016,0.6500321083464914,0.8513027208400942,9881.144841269841
15108,0.007234189557123738,1.2832700442130063,504,2.5029402616283067,-0.24076730038208474,0.9830335093351087,11493.107142857143
36093,0.16497228479521864,0.921065264549441,504,2.512149952662382,-0.09556559363579825,0.6113445339658251,13403.190476190477
4831,-0.6614166040936702,0.8465812431142344,504,2.4852748941651086,-0.7443715154226578,0.8270469428400143,13342.355158730159
77191,0.036996094319028394,1.1409819258516205,504,2.4110242678145393,0.11330222308501524,0.7648392568736245,10464.617063492064
8188,-0.040384858061924156,0.807868523344852,504,2.5164579859411655,-0.12128463728795,0.4652652362417654,10660.402777777777
30092,0.35048815781109166,0.8006316733671922,504,2.5257038260027285,-0.009473065444616383,0.521949180456927,9632.059523809523
84714,0.7215199038428382,0.9927770162758444,504,2.4530136443949586,0.6391976590234143,0.8628792199748497,11756.892857142857
54134,0.03501196733490142,1.18014856650466,504,2.506905306794376,-0.013586920421094073,0.8335181198206708,11453.10119047619
7545,-0.0989166040936702,0.7478016157118362,504,2.5222073986909583,-0.3272940850844094,0.5205829780666169,11414.77380952381
59781,0.5895754593983935,0.6389181296105972,504,2.5457269365457527,0.4206361752349514,0.5320396840501924,14262.845238095239
76384,-0.18522612790319393,1.3058320669618795,504,2.4961107740486943,-0.15324721337704741,0.9064606260823356,13322.15873015873
106407,0.2532659355888698,0.9816048474919266,504,2.5113184305306873,0.057110566354986986,0.6421267802222481,13065.642857142857
120267,0.3683453006682349,0.7762037037523266,504,2.419675484673818,0.3756604397027486,0.6749920330891139,11284.09126984127
99103,0.26417863400156794,0.8178668630183044,504,2.552269361179767,0.09749584640778365,0.47830548154147057,13368.061507936507
138146,0.21755164987458375,0.9510383535647163,504,2.1786792394052448,-0.09502512063376421,0.6339021687081362,9769.32142857143
117217,0.08461514193807584,0.9150375391909817,504,2.539617538943893,-0.2216749468824891,0.6147631778369927,9216.281746031746
131585,0.6242976816206158,0.9958733370732069,504,2.4857157609254976,0.1574874941524112,0.7398737533612955,12677.44642857143
125759,0.12032942765236188,0.4406274447276038,504,2.442761364217507,-0.08586843169454884,0.25580808954610157,6866.438492063492
119449,-0.05030549298255904,1.24296118490448,504,2.5699859912353675,-0.279053971201302,0.8400854267488814,5023.55753968254
26855,-0.6485197786968446,1.5329382278079104,504,2.406710319498313,-0.5744087922588492,1.4420321625922212,8625.343253968254
87878,0.10247228479521864,1.0260711267480498,504,2.270636890726257,-0.010016026292826889,0.6552686811188324,12025.992063492064
120935,0.9407659355888698,0.627122134872532,504,2.5888607164570065,0.8110624101357609,0.9294227162539711,9783.067460317461
60385,-0.8637975564746223,1.7210295261658572,504,2.5391026182862517,-0.7598557034317167,1.4323533009326994,10926.656746031746
21378,0.13223418955712374,0.8762453213759823,504,2.5765501295545503,-0.06048049148640163,0.602585520440677,9602.32142857143
57543,0.5178411825199816,1.092631190559794,503,2.399232788088306,0.2477263263299554,0.8188182192008958,10286.532803180915
125439,0.0009425741700805901,0.9354635626361679,503,2.4844498107919644,-0.11197141454697081,0.5867095232988906,13960.495029821073
113660,0.5804654369931423,0.7412077478087189,503,2.5898352443528485,0.45067433739243984,0.6353956354323318,14648.431411530815
41277,0.7305648405716716,0.6054531093001067,503,2.599078207311965,0.5089611469795402,0.6707992643804465,13660.429423459245
65219,-0.2465723363666985,1.1973227535942939,503,2.491312805535131,-0.14306609987552246,0.808847814903351,11543.68986083499
97215,-1.1481627936231598,1.3171918675630638,503,2.570240829261315,-1.265905355273285,1.427937886629321,10591.44930417495
113939,-0.20084669024343826,0.9145317078783971,503,2.524222216108404,-0.5590552851091999,0.7876299374776053,10719.936381709742
113911,0.02579346880228739,1.0762835757244507,503,2.524308543828184,-0.037347544113152144,0.855195787807206,14091.970178926442
72956,-0.005021640541648775,0.7337244468621942,503,2.6117418022778343,-0.24454325813782896,0.47535957601229645,8678.783300198807
4924,-0.5924967896470168,0.863529542570822,503,2.4771983269744764,-0.46611591864553736,0.6388325635724057,11001.900596421472
45929,0.1321552978281324,0.8153223537848168,503,2.511203267972238,0.04784554530953669,0.5628421685157922,12286.266401590457
5825,-0.0003940277324483432,0.8242157338294634,502,2.579179709927177,-0.15443986980704494,0.5492207210091364,9669.324701195219
50488,-0.09103147793165167,0.9218903999325497,502,2.4433211148355256,-0.02383011534911158,0.6358822284996658,11854.804780876493
30130,0.30438684876157573,0.9664437113506236,502,2.4634519591974793,0.17945994975783197,0.7379348524371899,9530.615537848606
27946,0.18386892047472303,0.6148986688546828,502,2.5254351203673644,0.22675226078066832,0.4742882530572587,11170.059760956176
31246,-0.02728645801133256,1.1351573451083754,502,2.523096650881216,-0.2359773011386942,0.8553939436726751,15547.705179282868
37764,0.3810800758532089,1.0124355021033773,502,2.4846226536062104,0.1492199551657744,0.7221408136210006,10883.286852589641
105940,-0.29222669705515747,0.8445605947179349,502,2.4203867299515793,-0.28603746122519674,0.6023772657167278,6802.205179282869
2650,0.6190225176628168,0.5202851206659926,501,2.4001827091169603,0.41631289904144414,0.5366157298942054,7847.978043912176
44780,1.1070464697586258,0.5650517083716611,501,2.4977340500305267,0.8900681205386834,0.9477207991039169,12147.65868263473
64787,0.7307989647686051,0.6797249061964639,501,2.5572656081210385,0.3299858713615037,0.5508045827553371,12747.385229540918
64258,0.48029996277259723,0.9773482392874728,501,2.4056024951474937,0.18969645976141092,0.7106492435930778,12743.80638722555
94810,0.35055944381052173,0.8452945960384559,501,2.4197535755814394,0.23572902008415422,0.66786677140098,11346.025948103792
33841,-0.0037319733551473,0.8179766673587416,501,2.4911711891578348,-0.24654591507333226,0.5366090905011005,14745.30738522954
95010,0.0990624378224978,1.1336585185700971,501,2.5765428218138884,0.135594356501977,0.8020301047532348,9692.814371257486
85412,0.7816971683614198,0.567383601892588,501,2.2544070200526014,0.44426505346025785,0.5741317147713715,7897.417165668663
43703,0.32461134001810654,0.8000860732139373,501,2.5344985502553765,0.2830663672579114,0.6290931646489644,13751.736526946108
57662,-0.17039864002181382,0.9127353550418182,501,2.3726746226156648,-0.2788726763903061,0.6446065953638852,12378.924151696607
55798,0.1459686254472481,0.9339835915589725,501,2.450091098600103,-0.01709799030349727,0.7362739314017044,11964.025948103792
126265,0.21982092085642968,0.7979352096520091,501,2.5372157446784014,-0.06079505470185732,0.48148119418733176,10280.700598802396
67979,-1.0556281809399772,0.9471640620711079,501,2.5319679738873613,-1.0051974443703646,1.1344110728306058,9884.632734530938
86696,0.6589426773434557,0.8522507479171544,501,2.5050396133970154,0.3848768237583531,0.6562796476987355,12398.592814371257
58445,0.8884835955071284,0.9568202495871202,501,2.523630972427575,0.6762686074842069,0.9013141243215296,14505.403193612774
45563,0.2437730166648131,0.8711063926440842,501,2.452705056052318,0.020498787351018326,0.4723642096985297,14826.11377245509
81959,0.06014028213387501,1.2031130611559961,501,2.4844402579991054,-0.2877827464643901,0.7877895990054776,8047.882235528942
111859,-0.22808327076033663,0.8254469852455109,500,2.517799961328697,-0.36418086144237666,0.6402712542275455,12925.536
110203,-0.2040832707603366,1.1004753937205363,500,2.384324226704813,-0.47327410736446246,0.8429487940326734,11581.498
35601,0.24091672923966323,1.1685332429502213,500,2.469920870333691,0.18958456405751575,0.828541107621241,13267.872
52831,0.17691672923966317,1.0505628799502957,500,2.5355734177202134,0.11682053838448275,0.7704199334031998,10585.458
24981,0.7459167292396631,0.6590848090884381,500,2.550755277337761,0.3173769014673236,0.5329038165931161,12669.854
49204,0.06591672923966341,1.2201399440088547,500,2.561520786021895,-0.13847951689396726,0.7570106681804291,12174.932
92621,0.21491672923966343,0.8804552247591082,500,2.5632594081785878,-0.15911810825876352,0.5877088497216151,11309.722
80285,0.35691672923966333,1.1942057002497597,500,2.5285588965839705,0.08280953801144907,0.8683643079150336,11789.284
121561,0.3339167292396632,0.8397418250065497,500,2.4953173760574536,0.2559455743157563,0.5300584858809262,12167.368
120014,0.5019167292396634,1.0388736771302223,500,2.515298044947535,0.5204056180979537,0.9554532040210209,8885.952
16174,0.8029167292396635,0.6732350933975173,500,2.567382029256164,0.6009485590820327,0.728735513101479,15883.958
18968,0.38791672923966347,0.8353080144221742,500,2.554437885793663,0.26598394212884485,0.6303394891137672,12401.456
16127,-0.13308327076033688,0.7633087714425418,500,2.5254380044339455,-0.36194935426938696,0.6240830269378211,12156.954
116272,0.2829167292396635,0.865260858184057,500,2.554623597800314,0.215168094380144,0.6287923528328204,10349.556
56707,0.38591672923966325,1.2475242014752796,500,2.541669496800009,0.12480234619070696,0.7838437821687813,10109.676
62253,0.6359167292396632,0.9210867503135661,500,2.478288516360066,0.28042029028028326,0.681089068898297,11715.406
48382,0.26791672923966336,0.5869181764878162,500,2.3272900500003932,0.3640007653961241,0.62345032924397,10273.414
136997,0.5579167292396634,1.1966067589107725,500,2.5796736285735977,0.5573361168706099,1.1995457678846229,10827.652
90516,-0.7060832707603368,1.154895478878616,500,2.526793545095658,-0.8300983544742909,1.0082985785613077,12668.454
99734,0.49791672923966335,0.922727941328003,500,2.6096157912480886,0.07992355633573554,0.5669352638831514,10056.236
28509,0.5629167292396633,0.7993101986007527,500,2.554034269888305,0.49250389763409186,0.7854908260123651,12256.064
43636,0.12591672923966346,0.9309227865236394,500,2.5771044524529727,0.057148960953236926,0.5592013836352403,11952.386
96211,-0.024083270760336895,1.0458353326820489,500,2.4458378799304086,-0.01794790677597961,0.7929779364958397,11769.596
15911,-0.9520832707603368,1.0453753484937722,500,2.551907031837511,-0.8267964427276095,1.0108358135209545,11332.936
22500,0.3039167292396634,0.9100727800180918,500,2.426988207367851,-0.0474579971193352,0.5172135683489147,10511.148
83923,0.2669167292396635,1.1602445150352307,500,2.5212196692316824,0.03255548304774052,0.8647725729893988,14749.566
18712,0.21191672923966332,0.9717451194394078,500,2.5031365356759014,0.16408002345434772,0.6064987855152226,13590.484
35985,0.36091672923966334,0.6653302402997435,500,2.5557677804762347,0.24063947983765296,0.4999781154362977,12463.354
105571,0.13191672923966324,0.6042600934374552,500,2.53060367046887,-0.20841940600676714,0.4176440855304185,11395.274
67113,0.20197684948014416,0.670744204255957,499,2.590635323805643,0.01791154024649368,0.5686937617937137,12782.669338677355
58139,-0.11365441304490576,1.199109535933044,499,2.6014807463851572,-0.03271363972189781,0.9013056810476852,10623.767535070141
51415,0.31520330238595573,0.7670485473135469,499,2.536647244403777,0.19574537019345453,0.4988381129867022,11054.122244488977
28660,0.7059848655122081,1.3144400686768893,499,2.5657446639884016,0.5550962801520523,1.1872998378201238,11791.811623246493
133018,0.6358445849510863,0.8926863719359511,499,2.607357163428219,0.46659610749364766,0.7862817404466432,13445.835671342686
68415,-0.5385041124437033,0.8762894247164995,499,2.3420610574657093,-0.7917908007396512,0.9133264963364994,10053.004008016032
55034,0.12081452483084565,0.999444518197469,499,2.5863713822524343,0.012149986159022118,0.7709012969210846,14715.19639278557
18004,-0.7509289621431021,1.0391720900637884,499,2.534023504088304,-0.7986431232928689,0.9487808229459391,13396.553106212425
44790,0.013600095973130166,0.8274810399215238,499,2.517185746539757,-0.07212592159950254,0.5888173984046017,9941.286573146293
25477,0.0647023003819478,1.1256537841982068,499,2.49049338641886,-0.09336111640547598,0.7142628404422815,13960.635270541083
52192,0.258089073929042,0.8254177343025276,499,2.4108623449541207,0.07828780739600853,0.6516111016886739,11101.881763527053
13049,0.3536436368701854,1.092597844597448,498,2.5806647756586583,0.13511125930911266,0.7563299785966897,16448.779116465863
87301,-0.27788246754748513,1.428190578955857,498,2.094444857427562,-0.38686730723460283,1.2091500599142018,6473.198795180723
114929,0.1799488577537196,0.8610366120296046,498,2.3272637991004754,0.04194965203978033,0.611247786142869,11473.66265060241
41816,0.022318335665366007,1.1020421136595027,498,2.496956574825397,-0.039343815998121506,0.7482733662720077,12689.654618473896
107397,0.4460131147818318,0.8958161677405136,498,2.6063717890106832,0.2375934241153136,0.6676614372234437,13425.86546184739
63596,0.04641472120753498,1.1514194935368103,498,2.5539114840717683,-0.0711040785120623,0.6841533604083329,14014.451807228916
40617,0.48516974128785595,1.256878483135573,498,2.4951932875610283,0.3620427209605105,0.8801660364404451,9360.883534136547
125732,-0.4244688129290113,0.8574135149186756,498,2.5205683696402628,-0.30055043908793017,0.7055557046239864,11364.29919678715
43267,0.4932018698019123,1.053015577213942,498,2.5587122826081576,0.4115990637071923,0.8304562542887625,12025.439759036144
92321,0.18195688988223369,0.8415155906633885,498,2.6265157198352034,-0.11522685197365339,0.5853075811144124,10218.86546184739
18280,0.38778018305492434,1.1110789060378978,498,2.5648839222276045,0.08239738021470742,0.7151683152691156,15711.016064257028
10086,0.033362512372193454,0.7624747369052967,498,2.4430364930682638,-0.023776146365451226,0.5906111320470193,10969.387550200803
40455,0.14982837582600883,0.7152506956098129,498,2.5278860358632125,0.3185737866236984,0.6266554884194656,12242.596385542169
57403,0.4701095003240008,0.8522291441111283,498,2.5962924051624534,0.2546749456359819,0.625722243274899,10976.082329317269
76435,0.05521652803241972,0.8610423497625639,497,2.605956894006405,-0.1697682362233239,0.4689558207353129,14006.778672032193
95037,-0.24055811985490427,0.9676653979815719,497,2.581588189283528,-0.43235308603600575,0.6824767885017242,15249.682092555331
92825,0.43449218195596107,1.2826257589575285,497,2.4260066041099724,0.38819894808043887,0.9749750730132477,11626.76861167002
87024,-0.2958901118066142,1.0539718555501443,497,2.3664601253589357,-0.5708808290710349,0.8476755022631238,11440.569416498995
14133,0.3187980169660216,0.6425404248547574,497,2.5475470856248936,0.18024877434088754,0.3977447064493746,11818.597585513078
111102,-0.4759705947039987,0.9040458810372655,497,2.531484321004958,-0.584517319974691,0.7003378878877138,14771.255533199195
24214,-0.15906918625329425,1.0941586258817995,497,2.4659561119384477,-0.08554768570695531,0.8672852613595041,8432.342052313883
55244,-0.3482039951064131,1.0509200968258137,497,2.442260268727801,-0.726778316249557,0.9387783762063665,11700.472837022133
86206,1.205115924410689,0.5103805768494304,497,2.62131664205376,0.8547883814880083,0.8850379150130298,9845.629778672032
32662,-0.40353598705812344,1.0054493891142546,497,2.5368206228368693,-0.6153663694160428,0.8011967252469114,14916.839034205232
87294,-0.0715440353478618,1.0322825939636007,497,2.5550356152027405,-0.22197510135602377,0.620470130128555,12431.338028169013
100791,-0.974964558486695,1.426829376113441,497,2.5779887558288404,-0.9848563557665339,1.2872077682140375,12523.090543259557
24027,-0.04236898504605113,1.0695836650724722,497,2.5474387469464115,-0.046832349594013556,0.7504951172173024,11676.901408450703
37294,0.6890193449338287,0.7297047400106089,497,2.5267564957183772,0.3821991620358608,0.5960487212540997,13183.329979879276
122267,0.7162715679493403,0.7667644121463353,496,2.51236238375393,0.29008593799398696,0.5704248040365871,11917.828629032258
78057,0.2989328582719213,0.9545192706924086,496,2.545168923586957,0.05560624541038648,0.6063768998307153,13721.344758064517
127700,-0.15872843205065923,1.1911069408504835,496,2.573103607008574,-0.24447646490212038,0.7958033922357941,12989.127016129032
34179,0.33925543891708276,0.8820440987358258,496,2.5396890858209593,0.09065497471683094,0.5931893619648655,14935.110887096775
37825,0.26062640665901826,1.1773079840381173,496,2.4590787939523038,0.24996241351332443,0.7236856300704768,9969.782258064517
23832,0.4541747937557923,0.893844122364938,496,2.460911841165714,0.4378778776732933,0.6911253104380363,9793.487903225807
98010,0.33723930988482476,1.0371323599691329,496,2.6133045618453665,0.08789858818152911,0.7304200603576603,11093.995967741936
135183,0.16788447117514727,1.020983814990456,496,2.3171297090562972,0.06333477220959072,0.676412892704795,10763.745967741936
115227,0.4440941485945018,1.1256926472779094,496,2.4982921991365084,0.3208394099617327,0.8173576968622062,5050.469758064516
34067,0.13764253569127627,0.8425758230541083,496,2.4374949548621436,-0.0993734541295566,0.6261790588344519,12705.766129032258
123201,0.11042479375579228,0.7245681346519549,496,2.523273746261519,-0.2584950453452204,0.45740190896020344,10104.012096774193
17988,0.4844167292396633,0.8097418219295697,496,2.5336440164701934,0.292352200855753,0.6413016590100543,12743.288306451614
38854,0.4451022131106308,0.7095785730874458,496,2.6133969378873663,0.31841166545313726,0.5219291893694438,11052.703629032258
12753,0.08119092278805029,0.6519858378422213,496,2.525210021329701,0.15763126335113528,0.5532233096712046,10545.89314516129
73198,0.43199737440095376,0.8720689398823129,496,2.386967089879597,0.2105740355207438,0.5888865308120496,13224.165322580646
64533,0.10740060020740527,1.1280943830695491,496,2.45447281252886,-0.03519878073980744,0.7033080395428012,12228.891129032258
67609,0.12453769698159878,0.6877522938242198,496,2.5770116138461945,-0.1475351979025326,0.4310499597037268,12330.651209677419
89460,0.3614328582719213,0.9025054731314701,496,2.378740284553434,0.23594112656655236,0.6775324858932961,11889.163306451614
132584,0.5227231808525663,0.9128263107374013,496,2.5366865698284307,0.3048585135365127,0.6691530397878275,12583.372983870968
32881,0.06304576149772778,0.7359745380723297,496,2.547685194802975,-0.04025956424189368,0.5088069210078899,6802.0887096774195
76281,0.3352231808525663,0.6296899628642888,496,2.564851501681418,-0.07335157334384207,0.4010577327443829,11757.832661290322
49523,0.3190941485945018,0.9839685143060474,496,2.016453913136407,0.15401342677105553,0.6681612933439938,8682.663306451614
27387,-0.1385671417280787,0.8740772726293754,496,2.518905963424684,-0.12873866319166116,0.6548885609524433,10749.522177419354
68914,0.38562640665901826,0.6346028332323788,496,2.5246611241728707,0.1665577400185943,0.4970362184889869,10440.09677419355
73542,0.20115060020740527,0.8162814290773127,496,2.568804881520132,-0.0808050914004569,0.5720003949361478,8416.872983870968
29100,-0.39461552882485273,1.8391392560101911,496,2.618096969218674,-0.4357299089103844,1.658615651402561,6374.407258064516
120249,0.3815941485945018,0.9235346552067613,496,2.531049282698812,0.0700972343408059,0.661660841042532,11031.616935483871
126672,0.2707070518203083,1.2219865216019634,496,2.4069593065369137,0.10398939173374287,0.7956372649674074,10231.695564516129
80528,-0.6432347859118517,1.0188867899633747,495,2.40187023437421,-0.7437719545236712,0.8575464841805229,13345.113131313132
74539,-0.44525498793205376,0.9578189212153505,495,2.5329309083348863,-0.612705977202347,0.777159794535215,12019.00808080808
112016,0.5173712746942085,0.7398808208100655,495,2.545919944171242,0.18698322493460554,0.5661244826249736,11738.169696969697
75897,0.3678763251992594,0.8998334519671897,495,2.519442459590192,0.21871990087527116,0.5491252437801886,13950.634343434343
83063,-0.06545700813407418,0.6042336898423136,495,2.485899806353808,-0.25020625343149777,0.39556435577527477,11038.646464646465
93595,0.28504804237097625,0.7319551855497237,495,2.531101624957549,0.28193504668699526,0.509171636761746,11311.103030303031
44226,-0.30283074550781164,0.9064929344184063,495,2.313919123356865,-0.41432982132959195,0.577479797923778,10470.113131313132
2047,0.34666420398713793,1.195584270489873,495,2.5864750970910277,0.15520688970244317,0.7809582615909699,12374.907070707071
16753,0.06585612317905731,1.0261577032537448,495,2.4542543654246276,-0.13096450110006108,0.7097370658461238,12946.878787878788
271,-0.31192165459872045,0.9425509222497321,495,2.5820040980356045,-0.34807759919875225,0.7724715332439575,11361.773737373738
136187,0.3001995575224914,1.0514151254381314,495,2.3215249606113666,0.11974345421951944,0.78182054374402,10471.749494949496
